transaction_id,date,customer_code,product_code,market_code,quantity,sales_amount,cost_price,profit
TXN00663,2019-01-01,CUS031,PRD016,MKT010,14,228.62,102.88,125.74
TXN02502,2019-01-01,CUS009,PRD008,MKT005,4,36.76,16.54,20.22
TXN03215,2019-01-01,CUS025,PRD001,MKT007,2,26.66,12.0,14.66
TXN03905,2019-01-01,CUS008,PRD017,MKT003,1,98.32,63.91,34.41
TXN04114,2019-01-01,CUS002,PRD013,MKT002,4,220.68,99.31,121.37
TXN01366,2019-01-02,CUS002,PRD019,MKT002,6,211.38,137.4,73.98
TXN02095,2019-01-02,CUS022,PRD005,MKT001,7,57.68,37.49,20.19
TXN03994,2019-01-02,CUS004,PRD016,MKT002,7,110.18,49.58,60.6
TXN01365,2019-01-03,CUS030,PRD020,MKT005,14,1072.4,697.06,375.34
TXN01521,2019-01-04,CUS003,PRD016,MKT003,9,157.68,70.96,86.72
TXN02513,2019-01-04,CUS049,PRD001,MKT004,9,118.26,53.22,65.04
TXN03194,2019-01-04,CUS030,PRD011,MKT001,14,223.16,100.42,122.74
TXN04980,2019-01-04,CUS016,PRD018,MKT003,7,194.67,87.6,107.07
TXN01373,2019-01-05,CUS020,PRD001,MKT001,4,51.04,22.97,28.07
TXN01616,2019-01-05,CUS026,PRD012,MKT002,7,303.94,197.56,106.38
TXN02662,2019-01-05,CUS015,PRD001,MKT002,8,107.6,48.42,59.18
TXN02918,2019-01-05,CUS012,PRD003,MKT006,4,187.2,121.68,65.52
TXN00140,2019-01-06,CUS009,PRD006,MKT005,15,673.5,303.07,370.43
TXN00642,2019-01-06,CUS001,PRD002,MKT001,13,335.79,151.11,184.68
TXN03214,2019-01-06,CUS032,PRD003,MKT008,8,399.68,259.79,139.89
TXN01532,2019-01-07,CUS014,PRD014,MKT007,3,62.43,28.09,34.34
TXN01995,2019-01-07,CUS014,PRD010,MKT005,16,299.2,134.64,164.56
TXN02071,2019-01-07,CUS009,PRD012,MKT001,10,405.4,263.51,141.89
TXN02757,2019-01-07,CUS005,PRD001,MKT007,17,223.21,100.44,122.77
TXN02840,2019-01-07,CUS035,PRD014,MKT003,14,340.62,153.28,187.34
TXN03064,2019-01-07,CUS010,PRD014,MKT006,7,170.1,76.55,93.55
TXN03357,2019-01-07,CUS004,PRD019,MKT006,1,35.79,23.26,12.53
TXN03931,2019-01-07,CUS020,PRD005,MKT008,14,135.52,88.09,47.43
TXN02384,2019-01-08,CUS018,PRD017,MKT007,2,192.84,125.35,67.49
TXN04370,2019-01-08,CUS044,PRD020,MKT003,12,856.56,556.76,299.8
TXN04853,2019-01-08,CUS001,PRD012,MKT001,14,574.84,373.65,201.19
TXN01258,2019-01-09,CUS017,PRD012,MKT003,2,75.92,49.35,26.57
TXN01763,2019-01-09,CUS036,PRD009,MKT001,3,190.44,123.79,66.65
TXN04026,2019-01-09,CUS003,PRD014,MKT002,1,22.75,10.24,12.51
TXN04142,2019-01-09,CUS024,PRD004,MKT003,16,582.08,261.94,320.14
TXN04572,2019-01-09,CUS025,PRD004,MKT002,16,575.36,258.91,316.45
TXN00445,2019-01-10,CUS024,PRD005,MKT007,2,18.26,11.87,6.39
TXN01068,2019-01-10,CUS018,PRD004,MKT010,2,71.64,32.24,39.4
TXN01476,2019-01-10,CUS002,PRD008,MKT002,5,48.7,21.91,26.79
TXN03796,2019-01-10,CUS015,PRD001,MKT002,1,14.24,6.41,7.83
TXN01580,2019-01-11,CUS018,PRD017,MKT001,3,274.02,178.11,95.91
TXN01782,2019-01-11,CUS005,PRD015,MKT009,4,102.08,66.35,35.73
TXN04368,2019-01-11,CUS047,PRD008,MKT006,9,96.39,43.38,53.01
TXN02040,2019-01-12,CUS009,PRD004,MKT006,12,416.4,187.38,229.02
TXN02058,2019-01-12,CUS019,PRD007,MKT009,6,180.06,117.04,63.02
TXN03205,2019-01-12,CUS027,PRD020,MKT005,3,228.48,148.51,79.97
TXN03910,2019-01-12,CUS024,PRD009,MKT001,11,612.81,398.33,214.48
TXN03962,2019-01-13,CUS017,PRD017,MKT002,6,504.48,327.91,176.57
TXN01414,2019-01-14,CUS011,PRD002,MKT001,2,46.4,20.88,25.52
TXN01984,2019-01-14,CUS015,PRD017,MKT003,7,685.58,445.63,239.95
TXN02885,2019-01-14,CUS023,PRD011,MKT005,9,123.12,55.4,67.72
TXN02978,2019-01-14,CUS004,PRD017,MKT010,16,1344.16,873.7,470.46
TXN01064,2019-01-15,CUS005,PRD002,MKT006,7,171.99,77.4,94.59
TXN01621,2019-01-15,CUS005,PRD014,MKT002,9,201.69,90.76,110.93
TXN03787,2019-01-15,CUS006,PRD006,MKT001,16,751.04,337.97,413.07
TXN04210,2019-01-15,CUS038,PRD008,MKT007,14,126.84,57.08,69.76
TXN00607,2019-01-16,CUS016,PRD014,MKT008,8,186.16,83.77,102.39
TXN00705,2019-01-16,CUS021,PRD005,MKT005,4,38.6,25.09,13.51
TXN03125,2019-01-16,CUS002,PRD012,MKT006,7,297.15,193.15,104.0
TXN03889,2019-01-16,CUS009,PRD011,MKT004,9,134.73,60.63,74.1
TXN00514,2019-01-17,CUS011,PRD006,MKT007,16,737.44,331.85,405.59
TXN01290,2019-01-17,CUS003,PRD017,MKT003,9,866.34,563.12,303.22
TXN02086,2019-01-17,CUS005,PRD010,MKT003,2,37.48,16.87,20.61
TXN04732,2019-01-17,CUS020,PRD012,MKT001,11,426.8,277.42,149.38
TXN01377,2019-01-18,CUS004,PRD008,MKT002,1,9.43,4.24,5.19
TXN02242,2019-01-19,CUS004,PRD004,MKT006,17,539.92,242.96,296.96
TXN02683,2019-01-19,CUS021,PRD015,MKT007,8,193.44,125.74,67.7
TXN00454,2019-01-20,CUS015,PRD004,MKT003,12,420.36,189.16,231.2
TXN03456,2019-01-21,CUS007,PRD005,MKT002,10,88.8,57.72,31.08
TXN01029,2019-01-22,CUS023,PRD017,MKT001,2,180.88,117.57,63.31
TXN01662,2019-01-22,CUS031,PRD005,MKT010,4,34.2,22.23,11.97
TXN01807,2019-01-22,CUS004,PRD020,MKT008,16,1105.44,718.54,386.9
TXN02074,2019-01-22,CUS007,PRD008,MKT001,16,174.08,78.34,95.74
TXN02542,2019-01-22,CUS024,PRD012,MKT006,1,43.47,28.26,15.21
TXN02836,2019-01-22,CUS037,PRD005,MKT001,1,9.14,5.94,3.2
TXN00716,2019-01-23,CUS018,PRD012,MKT001,1,40.57,26.37,14.2
TXN02558,2019-01-23,CUS011,PRD011,MKT001,11,170.39,76.68,93.71
TXN04021,2019-01-24,CUS010,PRD020,MKT006,1,70.25,45.66,24.59
TXN01515,2019-01-26,CUS004,PRD002,MKT006,9,220.32,99.14,121.18
TXN02059,2019-01-27,CUS020,PRD001,MKT002,11,140.03,63.01,77.02
TXN02455,2019-01-27,CUS042,PRD013,MKT003,7,399.07,179.58,219.49
TXN02838,2019-01-27,CUS007,PRD008,MKT004,16,159.68,71.86,87.82
TXN02032,2019-01-28,CUS005,PRD015,MKT001,10,268.4,174.46,93.94
TXN04072,2019-01-28,CUS004,PRD008,MKT007,7,63.14,28.41,34.73
TXN00135,2019-01-29,CUS018,PRD002,MKT010,2,49.6,22.32,27.28
TXN00495,2019-01-29,CUS008,PRD001,MKT001,9,117.09,52.69,64.4
TXN00627,2019-01-29,CUS036,PRD016,MKT004,1,17.59,7.92,9.67
TXN03842,2019-01-29,CUS003,PRD020,MKT002,15,1028.4,668.46,359.94
TXN03710,2019-01-30,CUS011,PRD007,MKT008,17,481.1,312.71,168.39
TXN04137,2019-01-30,CUS034,PRD012,MKT007,4,148.52,96.54,51.98
TXN01967,2019-02-01,CUS005,PRD009,MKT007,13,846.95,550.52,296.43
TXN00186,2019-02-02,CUS005,PRD002,MKT007,10,230.6,103.77,126.83
TXN00395,2019-02-02,CUS001,PRD012,MKT001,10,417.7,271.51,146.19
TXN01663,2019-02-02,CUS017,PRD020,MKT007,15,1067.4,693.81,373.59
TXN02862,2019-02-02,CUS025,PRD010,MKT002,3,58.8,26.46,32.34
TXN00262,2019-02-03,CUS011,PRD002,MKT002,13,333.19,149.94,183.25
TXN01052,2019-02-03,CUS002,PRD002,MKT007,1,24.52,11.03,13.49
TXN02238,2019-02-03,CUS001,PRD017,MKT003,2,174.74,113.58,61.16
TXN03455,2019-02-03,CUS004,PRD009,MKT010,4,225.76,146.74,79.02
TXN00317,2019-02-04,CUS011,PRD014,MKT010,11,243.21,109.44,133.77
TXN02475,2019-02-04,CUS004,PRD018,MKT004,7,181.86,81.84,100.02
TXN04767,2019-02-04,CUS022,PRD016,MKT003,13,224.25,100.91,123.34
TXN04812,2019-02-04,CUS017,PRD013,MKT002,3,171.6,77.22,94.38
TXN01837,2019-02-05,CUS018,PRD020,MKT008,10,700.3,455.19,245.11
TXN01942,2019-02-05,CUS014,PRD010,MKT010,9,184.86,83.19,101.67
TXN02022,2019-02-05,CUS049,PRD015,MKT009,15,378.3,245.9,132.4
TXN03734,2019-02-05,CUS001,PRD002,MKT005,15,379.35,170.71,208.64
TXN01801,2019-02-06,CUS022,PRD018,MKT010,9,241.02,108.46,132.56
TXN01915,2019-02-07,CUS018,PRD002,MKT007,13,300.56,135.25,165.31
TXN03724,2019-02-07,CUS006,PRD006,MKT008,1,41.11,18.5,22.61
TXN00215,2019-02-08,CUS014,PRD002,MKT002,8,202.88,91.3,111.58
TXN01352,2019-02-08,CUS008,PRD005,MKT008,11,97.79,63.56,34.23
TXN03907,2019-02-08,CUS025,PRD013,MKT001,15,756.3,340.33,415.97
TXN04320,2019-02-09,CUS018,PRD003,MKT007,11,517.77,336.55,181.22
TXN01378,2019-02-10,CUS027,PRD014,MKT006,4,84.4,37.98,46.42
TXN03627,2019-02-10,CUS027,PRD003,MKT005,11,503.69,327.4,176.29
TXN03667,2019-02-10,CUS002,PRD014,MKT006,13,285.22,128.35,156.87
TXN04580,2019-02-10,CUS040,PRD017,MKT007,7,648.97,421.83,227.14
TXN04764,2019-02-10,CUS024,PRD008,MKT006,5,50.6,22.77,27.83
TXN00087,2019-02-11,CUS021,PRD005,MKT004,2,18.22,11.84,6.38
TXN02017,2019-02-11,CUS001,PRD017,MKT005,3,248.13,161.28,86.85
TXN01418,2019-02-12,CUS031,PRD003,MKT006,2,96.74,62.88,33.86
TXN02316,2019-02-12,CUS033,PRD010,MKT003,10,201.9,90.86,111.04
TXN02390,2019-02-12,CUS013,PRD006,MKT001,8,375.12,168.8,206.32
TXN03487,2019-02-12,CUS030,PRD001,MKT003,13,164.71,74.12,90.59
TXN03518,2019-02-12,CUS026,PRD015,MKT006,1,22.52,14.64,7.88
TXN00846,2019-02-13,CUS024,PRD008,MKT001,1,9.96,4.48,5.48
TXN01669,2019-02-13,CUS009,PRD018,MKT008,13,371.67,167.25,204.42
TXN00633,2019-02-14,CUS019,PRD004,MKT003,12,444.36,199.96,244.4
TXN00899,2019-02-14,CUS002,PRD019,MKT002,9,290.61,188.9,101.71
TXN02451,2019-02-14,CUS016,PRD004,MKT008,10,334.3,150.44,183.86
TXN03108,2019-02-14,CUS037,PRD008,MKT009,15,143.85,64.73,79.12
TXN00746,2019-02-15,CUS007,PRD003,MKT005,3,153.87,100.02,53.85
TXN04960,2019-02-15,CUS006,PRD016,MKT010,13,199.29,89.68,109.61
TXN04846,2019-02-16,CUS013,PRD003,MKT006,7,383.67,249.39,134.28
TXN01354,2019-02-17,CUS010,PRD004,MKT001,10,337.1,151.7,185.4
TXN02139,2019-02-17,CUS027,PRD006,MKT007,4,175.48,78.97,96.51
TXN02216,2019-02-17,CUS004,PRD013,MKT003,9,524.43,235.99,288.44
TXN02599,2019-02-17,CUS017,PRD006,MKT008,9,399.78,179.9,219.88
TXN04577,2019-02-17,CUS012,PRD013,MKT003,3,153.81,69.21,84.6
TXN04660,2019-02-17,CUS011,PRD002,MKT006,2,52.78,23.75,29.03
TXN04596,2019-02-18,CUS027,PRD016,MKT002,1,16.52,7.43,9.09
TXN00949,2019-02-19,CUS015,PRD016,MKT007,4,72.04,32.42,39.62
TXN01392,2019-02-19,CUS019,PRD013,MKT003,5,261.05,117.47,143.58
TXN02014,2019-02-19,CUS007,PRD016,MKT002,5,89.2,40.14,49.06
TXN02299,2019-02-19,CUS021,PRD007,MKT002,8,254.4,165.36,89.04
TXN02512,2019-02-19,CUS023,PRD020,MKT002,13,900.38,585.25,315.13
TXN02604,2019-02-19,CUS024,PRD012,MKT006,1,39.61,25.75,13.86
TXN02795,2019-02-19,CUS034,PRD015,MKT001,3,78.84,51.25,27.59
TXN02636,2019-02-20,CUS016,PRD013,MKT003,9,485.37,218.42,266.95
TXN01772,2019-02-21,CUS026,PRD003,MKT003,12,633.24,411.61,221.63
TXN03746,2019-02-21,CUS003,PRD002,MKT002,7,174.93,78.72,96.21
TXN04389,2019-02-21,CUS023,PRD005,MKT004,15,124.5,80.93,43.57
TXN04566,2019-02-21,CUS018,PRD004,MKT004,14,493.08,221.89,271.19
TXN00090,2019-02-22,CUS039,PRD012,MKT009,7,274.12,178.18,95.94
TXN00572,2019-02-22,CUS006,PRD013,MKT010,9,528.93,238.02,290.91
TXN04329,2019-02-22,CUS013,PRD018,MKT002,6,158.58,71.36,87.22
TXN00542,2019-02-23,CUS010,PRD005,MKT009,15,129.0,83.85,45.15
TXN03681,2019-02-23,CUS029,PRD005,MKT004,4,37.76,24.54,13.22
TXN04313,2019-02-23,CUS013,PRD003,MKT007,3,143.85,93.5,50.35
TXN02538,2019-02-25,CUS012,PRD020,MKT007,1,69.64,45.27,24.37
TXN03034,2019-02-25,CUS008,PRD002,MKT007,3,67.86,30.54,37.32
TXN04678,2019-02-25,CUS032,PRD008,MKT003,11,107.47,48.36,59.11
TXN00601,2019-02-26,CUS012,PRD004,MKT005,4,149.96,67.48,82.48
TXN01934,2019-02-26,CUS010,PRD017,MKT003,8,760.64,494.42,266.22
TXN01983,2019-02-26,CUS020,PRD001,MKT008,10,137.7,61.97,75.73
TXN04290,2019-02-26,CUS003,PRD014,MKT005,1,24.6,11.07,13.53
TXN01341,2019-02-27,CUS029,PRD003,MKT005,1,54.36,35.33,19.03
TXN02247,2019-02-28,CUS029,PRD007,MKT008,1,31.4,20.41,10.99
TXN00134,2019-03-01,CUS044,PRD013,MKT002,4,211.64,95.24,116.4
TXN00974,2019-03-01,CUS015,PRD014,MKT001,1,21.09,9.49,11.6
TXN02063,2019-03-01,CUS020,PRD015,MKT006,4,107.36,69.78,37.58
TXN03605,2019-03-01,CUS024,PRD003,MKT004,14,677.46,440.35,237.11
TXN04608,2019-03-01,CUS008,PRD018,MKT003,4,120.56,54.25,66.31
TXN00536,2019-03-02,CUS012,PRD009,MKT003,4,229.16,148.95,80.21
TXN01793,2019-03-03,CUS004,PRD017,MKT003,4,349.72,227.32,122.4
TXN04168,2019-03-04,CUS046,PRD016,MKT002,2,32.02,14.41,17.61
TXN04362,2019-03-04,CUS011,PRD012,MKT005,19,735.68,478.19,257.49
TXN04852,2019-03-04,CUS017,PRD013,MKT004,18,907.92,408.56,499.36
TXN04947,2019-03-05,CUS022,PRD001,MKT001,19,223.82,100.72,123.1
TXN00016,2019-03-06,CUS033,PRD002,MKT002,17,423.64,190.64,233.0
TXN01781,2019-03-06,CUS004,PRD007,MKT003,16,489.44,318.14,171.3
TXN01932,2019-03-06,CUS017,PRD007,MKT001,16,504.32,327.81,176.51
TXN00367,2019-03-07,CUS030,PRD009,MKT007,1,56.88,36.97,19.91
TXN01856,2019-03-07,CUS015,PRD008,MKT007,16,156.16,70.27,85.89
TXN02218,2019-03-07,CUS042,PRD018,MKT002,14,391.3,176.09,215.21
TXN04376,2019-03-07,CUS001,PRD002,MKT007,14,333.62,150.13,183.49
TXN00461,2019-03-08,CUS014,PRD007,MKT007,12,386.16,251.0,135.16
TXN01907,2019-03-08,CUS010,PRD006,MKT003,20,820.6,369.27,451.33
TXN02987,2019-03-08,CUS010,PRD013,MKT004,20,1177.8,530.01,647.79
TXN04064,2019-03-08,CUS009,PRD010,MKT006,4,74.32,33.44,40.88
TXN00405,2019-03-09,CUS005,PRD018,MKT001,5,142.4,64.08,78.32
TXN03160,2019-03-09,CUS012,PRD020,MKT010,8,584.48,379.91,204.57
TXN03846,2019-03-09,CUS009,PRD004,MKT002,12,393.36,177.01,216.35
TXN04219,2019-03-09,CUS011,PRD013,MKT004,16,898.08,404.14,493.94
TXN00773,2019-03-10,CUS029,PRD011,MKT006,16,224.0,100.8,123.2
TXN04771,2019-03-10,CUS032,PRD007,MKT010,17,546.38,355.15,191.23
TXN03682,2019-03-12,CUS022,PRD004,MKT001,5,176.35,79.36,96.99
TXN01040,2019-03-13,CUS003,PRD012,MKT002,12,433.68,281.89,151.79
TXN03364,2019-03-13,CUS006,PRD004,MKT005,9,328.05,147.62,180.43
TXN00613,2019-03-14,CUS019,PRD020,MKT007,8,585.28,380.43,204.85
TXN01012,2019-03-14,CUS024,PRD012,MKT002,15,571.05,371.18,199.87
TXN02403,2019-03-14,CUS023,PRD016,MKT001,1,18.42,8.29,10.13
TXN04865,2019-03-14,CUS003,PRD008,MKT005,9,88.65,39.89,48.76
TXN00150,2019-03-15,CUS020,PRD005,MKT006,8,79.04,51.38,27.66
TXN00774,2019-03-15,CUS011,PRD014,MKT010,2,50.54,22.74,27.8
TXN02639,2019-03-16,CUS023,PRD011,MKT007,13,177.97,80.09,97.88
TXN00432,2019-03-17,CUS029,PRD008,MKT008,14,142.52,64.13,78.39
TXN01207,2019-03-17,CUS006,PRD006,MKT001,7,324.94,146.22,178.72
TXN01380,2019-03-17,CUS009,PRD019,MKT006,5,148.7,96.66,52.04
TXN02080,2019-03-17,CUS041,PRD012,MKT001,15,565.2,367.38,197.82
TXN02672,2019-03-17,CUS003,PRD012,MKT001,3,131.91,85.74,46.17
TXN04043,2019-03-17,CUS020,PRD002,MKT007,13,292.5,131.62,160.88
TXN03595,2019-03-18,CUS016,PRD011,MKT008,14,191.8,86.31,105.49
TXN03791,2019-03-19,CUS029,PRD008,MKT006,10,100.9,45.41,55.49
TXN01436,2019-03-20,CUS018,PRD007,MKT006,7,201.67,131.09,70.58
TXN04001,2019-03-20,CUS012,PRD017,MKT005,16,1575.2,1023.88,551.32
TXN04627,2019-03-20,CUS009,PRD007,MKT009,17,488.58,317.58,171.0
TXN04839,2019-03-21,CUS006,PRD017,MKT002,12,1067.16,693.65,373.51
TXN00747,2019-03-22,CUS035,PRD003,MKT001,4,200.64,130.42,70.22
TXN02833,2019-03-22,CUS035,PRD018,MKT007,2,60.66,27.3,33.36
TXN03707,2019-03-22,CUS016,PRD003,MKT005,13,638.17,414.81,223.36
TXN04109,2019-03-23,CUS006,PRD012,MKT001,6,252.54,164.15,88.39
TXN00528,2019-03-24,CUS007,PRD018,MKT001,18,478.44,215.3,263.14
TXN01120,2019-03-24,CUS004,PRD012,MKT002,10,409.3,266.05,143.25
TXN02090,2019-03-24,CUS044,PRD018,MKT007,13,335.27,150.87,184.4
TXN02122,2019-03-25,CUS003,PRD008,MKT001,19,195.13,87.81,107.32
TXN02285,2019-03-25,CUS012,PRD018,MKT001,12,330.96,148.93,182.03
TXN02884,2019-03-25,CUS033,PRD017,MKT001,20,1700.4,1105.26,595.14
TXN04517,2019-03-25,CUS020,PRD015,MKT003,6,140.76,91.49,49.27
TXN01113,2019-03-26,CUS049,PRD012,MKT003,9,337.23,219.2,118.03
TXN01432,2019-03-26,CUS015,PRD013,MKT003,12,651.0,292.95,358.05
TXN04059,2019-03-26,CUS045,PRD015,MKT005,16,367.2,238.68,128.52
TXN01308,2019-03-27,CUS016,PRD004,MKT001,5,189.35,85.21,104.14
TXN01528,2019-03-27,CUS003,PRD011,MKT001,16,240.8,108.36,132.44
TXN01912,2019-03-27,CUS003,PRD010,MKT002,9,177.48,79.87,97.61
TXN02494,2019-03-27,CUS012,PRD003,MKT009,5,234.95,152.72,82.23
TXN02535,2019-03-27,CUS023,PRD020,MKT004,9,570.87,371.07,199.8
TXN03113,2019-03-27,CUS018,PRD020,MKT007,10,694.5,451.43,243.07
TXN00790,2019-03-28,CUS033,PRD008,MKT002,15,160.95,72.43,88.52
TXN03065,2019-03-28,CUS008,PRD013,MKT001,15,791.4,356.13,435.27
TXN00403,2019-03-29,CUS007,PRD019,MKT006,15,492.45,320.09,172.36
TXN02971,2019-03-29,CUS005,PRD007,MKT006,15,463.05,300.98,162.07
TXN03977,2019-03-29,CUS014,PRD001,MKT001,16,209.44,94.25,115.19
TXN01388,2019-03-31,CUS035,PRD005,MKT002,11,99.55,64.71,34.84
TXN01463,2019-03-31,CUS007,PRD018,MKT002,16,451.2,203.04,248.16
TXN02548,2019-03-31,CUS009,PRD005,MKT008,15,144.15,93.7,50.45
TXN03767,2019-03-31,CUS005,PRD004,MKT008,8,262.88,118.3,144.58
TXN00434,2019-04-01,CUS018,PRD013,MKT006,21,1115.94,502.17,613.77
TXN01467,2019-04-02,CUS015,PRD002,MKT006,20,496.0,223.2,272.8
TXN01949,2019-04-02,CUS020,PRD007,MKT001,12,332.04,215.83,116.21
TXN02006,2019-04-04,CUS009,PRD009,MKT005,5,302.1,196.37,105.73
TXN04954,2019-04-04,CUS015,PRD010,MKT001,15,282.75,127.24,155.51
TXN02859,2019-04-05,CUS006,PRD013,MKT005,3,150.24,67.61,82.63
TXN03191,2019-04-05,CUS014,PRD020,MKT006,11,734.25,477.26,256.99
TXN04629,2019-04-05,CUS033,PRD003,MKT002,20,947.4,615.81,331.59
TXN00404,2019-04-06,CUS039,PRD014,MKT002,15,349.2,157.14,192.06
TXN04672,2019-04-06,CUS005,PRD003,MKT006,19,999.4,649.61,349.79
TXN04797,2019-04-06,CUS019,PRD006,MKT001,11,482.24,217.01,265.23
TXN01275,2019-04-08,CUS018,PRD019,MKT004,14,454.86,295.66,159.2
TXN00635,2019-04-09,CUS023,PRD014,MKT001,19,403.18,181.43,221.75
TXN01598,2019-04-09,CUS005,PRD019,MKT003,10,350.1,227.56,122.54
TXN03018,2019-04-10,CUS021,PRD015,MKT001,5,115.4,75.01,40.39
TXN00161,2019-04-11,CUS037,PRD015,MKT008,8,210.96,137.12,73.84
TXN00590,2019-04-11,CUS027,PRD019,MKT009,1,31.92,20.75,11.17
TXN00939,2019-04-11,CUS003,PRD020,MKT001,8,572.4,372.06,200.34
TXN02127,2019-04-11,CUS011,PRD010,MKT007,11,209.99,94.5,115.49
TXN04104,2019-04-11,CUS028,PRD020,MKT010,19,1324.11,860.67,463.44
TXN00570,2019-04-12,CUS012,PRD011,MKT004,1,14.57,6.56,8.01
TXN01799,2019-04-12,CUS030,PRD010,MKT010,11,203.17,91.43,111.74
TXN03179,2019-04-12,CUS025,PRD012,MKT002,4,147.84,96.1,51.74
TXN03477,2019-04-12,CUS034,PRD010,MKT006,17,369.24,166.16,203.08
TXN04574,2019-04-12,CUS021,PRD013,MKT007,16,826.4,371.88,454.52
TXN00069,2019-04-13,CUS018,PRD019,MKT001,4,139.92,90.95,48.97
TXN02116,2019-04-13,CUS035,PRD014,MKT002,9,214.11,96.35,117.76
TXN03469,2019-04-13,CUS012,PRD013,MKT002,12,614.28,276.43,337.85
TXN04896,2019-04-13,CUS018,PRD005,MKT007,5,41.0,26.65,14.35
TXN00660,2019-04-14,CUS016,PRD012,MKT003,6,219.72,142.82,76.9
TXN03061,2019-04-14,CUS014,PRD010,MKT004,7,126.98,57.14,69.84
TXN04004,2019-04-14,CUS041,PRD004,MKT004,5,163.25,73.46,89.79
TXN04154,2019-04-14,CUS032,PRD002,MKT008,11,252.01,113.4,138.61
TXN00111,2019-04-16,CUS008,PRD018,MKT001,2,54.86,24.69,30.17
TXN00379,2019-04-16,CUS008,PRD014,MKT005,2,43.12,19.4,23.72
TXN01095,2019-04-16,CUS004,PRD008,MKT005,10,97.2,43.74,53.46
TXN04961,2019-04-16,CUS038,PRD014,MKT002,10,242.5,109.12,133.38
TXN00248,2019-04-17,CUS022,PRD018,MKT004,3,87.51,39.38,48.13
TXN00768,2019-04-17,CUS005,PRD020,MKT001,2,149.02,96.86,52.16
TXN01640,2019-04-17,CUS022,PRD007,MKT002,7,227.08,147.6,79.48
TXN03587,2019-04-17,CUS017,PRD013,MKT003,17,858.67,386.4,472.27
TXN04513,2019-04-17,CUS011,PRD014,MKT008,19,451.06,202.98,248.08
TXN00512,2019-04-18,CUS005,PRD017,MKT010,11,904.53,587.94,316.59
TXN04125,2019-04-18,CUS007,PRD016,MKT003,9,142.83,64.27,78.56
TXN00996,2019-04-19,CUS001,PRD012,MKT010,3,128.64,83.62,45.02
TXN01010,2019-04-19,CUS037,PRD011,MKT001,12,180.36,81.16,99.2
TXN01175,2019-04-19,CUS031,PRD010,MKT001,5,97.6,43.92,53.68
TXN02331,2019-04-19,CUS025,PRD008,MKT001,2,20.44,9.2,11.24
TXN02989,2019-04-19,CUS018,PRD004,MKT003,3,108.03,48.61,59.42
TXN03020,2019-04-20,CUS004,PRD016,MKT006,3,47.01,21.15,25.86
TXN04639,2019-04-20,CUS026,PRD010,MKT008,4,74.48,33.52,40.96
TXN01564,2019-04-21,CUS033,PRD015,MKT003,5,126.9,82.48,44.42
TXN01741,2019-04-21,CUS003,PRD019,MKT003,21,664.65,432.02,232.63
TXN02786,2019-04-21,CUS007,PRD015,MKT009,3,75.87,49.32,26.55
TXN03249,2019-04-21,CUS024,PRD004,MKT005,11,401.61,180.72,220.89
TXN04927,2019-04-21,CUS015,PRD019,MKT006,8,283.2,184.08,99.12
TXN00109,2019-04-22,CUS018,PRD014,MKT001,21,481.95,216.88,265.07
TXN00665,2019-04-22,CUS030,PRD017,MKT003,21,1935.15,1257.85,677.3
TXN01219,2019-04-22,CUS024,PRD016,MKT002,15,249.0,112.05,136.95
TXN01867,2019-04-22,CUS003,PRD006,MKT010,3,130.47,58.71,71.76
TXN04297,2019-04-22,CUS026,PRD012,MKT003,11,461.89,300.23,161.66
TXN02886,2019-04-23,CUS004,PRD020,MKT003,5,320.2,208.13,112.07
TXN03795,2019-04-23,CUS026,PRD017,MKT008,4,351.92,228.75,123.17
TXN04845,2019-04-23,CUS013,PRD014,MKT009,20,487.8,219.51,268.29
TXN00357,2019-04-24,CUS014,PRD011,MKT003,1,15.17,6.83,8.34
TXN01874,2019-04-24,CUS039,PRD006,MKT004,5,239.35,107.71,131.64
TXN04647,2019-04-24,CUS005,PRD007,MKT003,21,616.77,400.9,215.87
TXN02180,2019-04-25,CUS014,PRD011,MKT002,20,280.8,126.36,154.44
TXN00549,2019-04-26,CUS007,PRD005,MKT004,1,8.69,5.65,3.04
TXN04644,2019-04-26,CUS008,PRD007,MKT001,5,135.15,87.85,47.3
TXN02656,2019-04-27,CUS014,PRD017,MKT001,13,1281.8,833.17,448.63
TXN03016,2019-04-27,CUS020,PRD004,MKT001,11,422.73,190.23,232.5
TXN04067,2019-04-27,CUS034,PRD014,MKT006,4,99.64,44.84,54.8
TXN01407,2019-04-28,CUS007,PRD017,MKT004,1,88.59,57.58,31.01
TXN01618,2019-04-28,CUS011,PRD013,MKT002,10,506.7,228.02,278.68
TXN03308,2019-04-28,CUS010,PRD016,MKT002,12,202.08,90.94,111.14
TXN03827,2019-04-28,CUS024,PRD016,MKT007,7,107.17,48.23,58.94
TXN03892,2019-04-28,CUS005,PRD010,MKT004,8,174.64,78.59,96.05
TXN01139,2019-04-30,CUS005,PRD010,MKT006,10,186.4,83.88,102.52
TXN03451,2019-04-30,CUS005,PRD011,MKT007,10,163.3,73.48,89.82
TXN03771,2019-04-30,CUS006,PRD002,MKT006,3,76.38,34.37,42.01
TXN04431,2019-04-30,CUS010,PRD014,MKT006,21,474.81,213.66,261.15
TXN04541,2019-04-30,CUS002,PRD001,MKT001,17,224.74,101.13,123.61
TXN01524,2019-05-01,CUS027,PRD017,MKT002,12,1067.04,693.58,373.46
TXN03630,2019-05-01,CUS024,PRD007,MKT004,3,96.36,62.63,33.73
TXN04318,2019-05-01,CUS015,PRD004,MKT008,1,38.09,17.14,20.95
TXN00467,2019-05-02,CUS048,PRD018,MKT001,4,106.36,47.86,58.5
TXN01154,2019-05-02,CUS015,PRD019,MKT001,9,306.9,199.49,107.41
TXN02208,2019-05-02,CUS003,PRD013,MKT002,10,543.1,244.4,298.7
TXN02339,2019-05-02,CUS023,PRD002,MKT001,15,338.25,152.21,186.04
TXN03253,2019-05-02,CUS001,PRD018,MKT007,20,606.8,273.06,333.74
TXN04621,2019-05-02,CUS013,PRD005,MKT005,12,102.24,66.46,35.78
TXN00300,2019-05-03,CUS005,PRD009,MKT004,9,551.43,358.43,193.0
TXN01327,2019-05-03,CUS032,PRD006,MKT004,3,122.76,55.24,67.52
TXN01702,2019-05-03,CUS035,PRD001,MKT007,15,181.65,81.74,99.91
TXN03140,2019-05-03,CUS001,PRD019,MKT004,3,98.46,64.0,34.46
TXN03680,2019-05-03,CUS003,PRD005,MKT003,17,167.11,108.62,58.49
TXN04343,2019-05-03,CUS006,PRD004,MKT003,20,696.8,313.56,383.24
TXN00394,2019-05-04,CUS020,PRD014,MKT005,14,332.08,149.44,182.64
TXN01037,2019-05-04,CUS008,PRD017,MKT002,2,179.68,116.79,62.89
TXN01404,2019-05-04,CUS004,PRD012,MKT004,18,756.36,491.63,264.73
TXN01293,2019-05-05,CUS017,PRD009,MKT002,2,114.4,74.36,40.04
TXN01652,2019-05-05,CUS029,PRD014,MKT007,11,252.67,113.7,138.97
TXN03711,2019-05-05,CUS001,PRD011,MKT003,9,141.48,63.67,77.81
TXN03556,2019-05-06,CUS001,PRD011,MKT002,8,116.56,52.45,64.11
TXN04483,2019-05-06,CUS009,PRD006,MKT001,11,483.45,217.55,265.9
TXN01737,2019-05-08,CUS040,PRD008,MKT003,14,131.88,59.35,72.53
TXN01909,2019-05-08,CUS007,PRD002,MKT009,18,468.18,210.68,257.5
TXN02065,2019-05-08,CUS010,PRD018,MKT002,6,173.16,77.92,95.24
TXN01884,2019-05-09,CUS005,PRD004,MKT006,17,575.79,259.11,316.68
TXN02981,2019-05-09,CUS004,PRD013,MKT008,18,892.26,401.52,490.74
TXN04093,2019-05-09,CUS011,PRD008,MKT001,6,62.1,27.95,34.15
TXN04909,2019-05-09,CUS003,PRD014,MKT006,10,225.7,101.57,124.13
TXN02777,2019-05-10,CUS032,PRD004,MKT003,5,170.55,76.75,93.8
TXN03103,2019-05-10,CUS003,PRD002,MKT010,3,76.26,34.32,41.94
TXN03111,2019-05-10,CUS015,PRD015,MKT009,21,479.22,311.49,167.73
TXN00187,2019-05-11,CUS015,PRD016,MKT004,3,50.49,22.72,27.77
TXN01303,2019-05-11,CUS010,PRD003,MKT002,16,755.68,491.19,264.49
TXN02183,2019-05-11,CUS037,PRD003,MKT002,6,283.62,184.35,99.27
TXN03967,2019-05-11,CUS020,PRD017,MKT003,1,87.61,56.95,30.66
TXN01204,2019-05-12,CUS021,PRD017,MKT002,9,833.58,541.83,291.75
TXN03450,2019-05-12,CUS015,PRD004,MKT001,6,224.28,100.93,123.35
TXN04276,2019-05-13,CUS008,PRD009,MKT004,5,307.85,200.1,107.75
TXN01383,2019-05-14,CUS019,PRD015,MKT001,17,455.09,295.81,159.28
TXN02667,2019-05-14,CUS015,PRD018,MKT001,22,640.42,288.19,352.23
TXN02348,2019-05-15,CUS010,PRD008,MKT002,14,131.18,59.03,72.15
TXN02250,2019-05-16,CUS004,PRD010,MKT010,16,316.0,142.2,173.8
TXN02569,2019-05-16,CUS018,PRD015,MKT007,22,565.4,367.51,197.89
TXN02703,2019-05-16,CUS028,PRD016,MKT009,5,78.4,35.28,43.12
TXN02888,2019-05-16,CUS012,PRD002,MKT006,2,47.92,21.56,26.36
TXN04230,2019-05-16,CUS013,PRD019,MKT005,14,435.82,283.28,152.54
TXN04542,2019-05-16,CUS018,PRD011,MKT007,9,144.45,65.0,79.45
TXN00854,2019-05-17,CUS002,PRD019,MKT002,1,31.02,20.16,10.86
TXN02277,2019-05-17,CUS002,PRD009,MKT001,5,315.8,205.27,110.53
TXN03314,2019-05-17,CUS021,PRD008,MKT001,2,21.18,9.53,11.65
TXN04182,2019-05-17,CUS016,PRD009,MKT002,19,1144.94,744.21,400.73
TXN00368,2019-05-18,CUS003,PRD001,MKT005,20,279.2,125.64,153.56
TXN02553,2019-05-18,CUS002,PRD006,MKT009,10,447.6,201.42,246.18
TXN04016,2019-05-18,CUS042,PRD007,MKT006,7,224.77,146.1,78.67
TXN04995,2019-05-18,CUS020,PRD013,MKT003,4,232.32,104.54,127.78
TXN01889,2019-05-19,CUS002,PRD018,MKT001,3,86.76,39.04,47.72
TXN03289,2019-05-19,CUS011,PRD019,MKT007,15,502.05,326.33,175.72
TXN04094,2019-05-19,CUS014,PRD014,MKT006,2,45.28,20.38,24.9
TXN03581,2019-05-20,CUS039,PRD016,MKT002,22,384.34,172.95,211.39
TXN00086,2019-05-21,CUS028,PRD014,MKT007,7,151.27,68.07,83.2
TXN01455,2019-05-21,CUS012,PRD019,MKT002,6,190.38,123.75,66.63
TXN01821,2019-05-21,CUS008,PRD004,MKT002,17,612.51,275.63,336.88
TXN04650,2019-05-21,CUS017,PRD015,MKT002,12,302.4,196.56,105.84
TXN00360,2019-05-22,CUS047,PRD010,MKT002,5,105.35,47.41,57.94
TXN00429,2019-05-22,CUS031,PRD016,MKT003,14,220.64,99.29,121.35
TXN01316,2019-05-23,CUS003,PRD007,MKT010,5,147.95,96.17,51.78
TXN01670,2019-05-23,CUS004,PRD009,MKT003,18,1181.34,767.87,413.47
TXN02341,2019-05-23,CUS042,PRD004,MKT005,5,176.2,79.29,96.91
TXN03736,2019-05-23,CUS021,PRD016,MKT010,10,172.1,77.45,94.65
TXN01044,2019-05-24,CUS017,PRD001,MKT009,22,284.68,128.11,156.57
TXN02588,2019-05-24,CUS008,PRD011,MKT002,3,48.81,21.96,26.85
TXN04803,2019-05-24,CUS002,PRD005,MKT002,22,204.38,132.85,71.53
TXN01590,2019-05-25,CUS021,PRD006,MKT005,18,759.96,341.98,417.98
TXN02284,2019-05-25,CUS035,PRD016,MKT006,8,148.16,66.67,81.49
TXN03234,2019-05-25,CUS001,PRD007,MKT001,22,667.92,434.15,233.77
TXN00119,2019-05-26,CUS024,PRD019,MKT007,18,604.44,392.89,211.55
TXN00620,2019-05-26,CUS015,PRD004,MKT001,19,649.04,292.07,356.97
TXN00857,2019-05-26,CUS001,PRD019,MKT006,2,65.56,42.61,22.95
TXN00984,2019-05-26,CUS029,PRD011,MKT003,12,170.52,76.73,93.79
TXN03310,2019-05-26,CUS024,PRD014,MKT010,2,45.2,20.34,24.86
TXN03398,2019-05-26,CUS021,PRD014,MKT001,21,498.33,224.25,274.08
TXN00834,2019-05-27,CUS018,PRD004,MKT009,8,297.68,133.96,163.72
TXN01506,2019-05-28,CUS010,PRD015,MKT002,6,135.06,87.79,47.27
TXN04894,2019-05-28,CUS028,PRD016,MKT003,3,52.11,23.45,28.66
TXN00552,2019-05-29,CUS011,PRD019,MKT003,3,95.73,62.22,33.51
TXN01794,2019-05-29,CUS007,PRD008,MKT001,9,83.16,37.42,45.74
TXN02563,2019-05-29,CUS018,PRD005,MKT007,18,157.32,102.26,55.06
TXN00066,2019-05-30,CUS014,PRD018,MKT005,20,581.8,261.81,319.99
TXN01969,2019-05-30,CUS004,PRD018,MKT009,12,326.04,146.72,179.32
TXN04383,2019-05-30,CUS001,PRD007,MKT005,20,653.0,424.45,228.55
TXN00034,2019-05-31,CUS017,PRD011,MKT001,10,161.3,72.58,88.72
TXN00112,2019-06-01,CUS019,PRD014,MKT001,19,476.14,214.26,261.88
TXN03192,2019-06-01,CUS001,PRD013,MKT009,10,590.3,265.63,324.67
TXN00392,2019-06-02,CUS040,PRD014,MKT007,14,298.48,134.32,164.16
TXN01588,2019-06-02,CUS018,PRD006,MKT006,6,264.54,119.04,145.5
TXN02427,2019-06-02,CUS005,PRD002,MKT005,8,211.04,94.97,116.07
TXN00566,2019-06-03,CUS018,PRD018,MKT001,20,614.2,276.39,337.81
TXN03983,2019-06-04,CUS013,PRD001,MKT009,22,263.56,118.6,144.96
TXN01148,2019-06-06,CUS004,PRD003,MKT001,12,577.32,375.26,202.06
TXN02763,2019-06-06,CUS003,PRD018,MKT002,2,52.68,23.71,28.97
TXN03474,2019-06-06,CUS029,PRD002,MKT001,2,46.18,20.78,25.4
TXN00743,2019-06-07,CUS016,PRD006,MKT001,6,262.5,118.12,144.38
TXN01950,2019-06-08,CUS007,PRD007,MKT003,22,648.78,421.71,227.07
TXN00481,2019-06-09,CUS004,PRD005,MKT006,1,8.11,5.27,2.84
TXN01334,2019-06-09,CUS011,PRD011,MKT005,17,269.11,121.1,148.01
TXN02633,2019-06-09,CUS020,PRD008,MKT004,16,145.12,65.3,79.82
TXN00789,2019-06-10,CUS023,PRD014,MKT005,25,615.75,277.09,338.66
TXN01152,2019-06-10,CUS013,PRD016,MKT001,1,17.92,8.06,9.86
TXN01926,2019-06-10,CUS006,PRD003,MKT010,8,384.32,249.81,134.51
TXN02901,2019-06-10,CUS020,PRD001,MKT001,25,319.75,143.89,175.86
TXN03420,2019-06-10,CUS033,PRD013,MKT009,20,1176.8,529.56,647.24
TXN00378,2019-06-11,CUS038,PRD017,MKT001,24,2302.08,1496.35,805.73
TXN00579,2019-06-11,CUS012,PRD018,MKT001,19,574.37,258.47,315.9
TXN03058,2019-06-11,CUS011,PRD002,MKT002,5,129.95,58.48,71.47
TXN03138,2019-06-11,CUS005,PRD015,MKT001,12,324.48,210.91,113.57
TXN03254,2019-06-11,CUS010,PRD007,MKT008,6,194.58,126.48,68.1
TXN03332,2019-06-11,CUS025,PRD008,MKT006,16,156.8,70.56,86.24
TXN04061,2019-06-11,CUS003,PRD014,MKT009,13,291.59,131.22,160.37
TXN00826,2019-06-12,CUS013,PRD005,MKT007,20,190.8,124.02,66.78
TXN00913,2019-06-12,CUS024,PRD010,MKT004,20,397.4,178.83,218.57
TXN02900,2019-06-12,CUS015,PRD005,MKT010,6,55.86,36.31,19.55
TXN04327,2019-06-13,CUS049,PRD003,MKT006,23,1244.3,808.79,435.51
TXN04353,2019-06-13,CUS002,PRD013,MKT002,4,226.88,102.1,124.78
TXN02793,2019-06-14,CUS026,PRD007,MKT001,9,296.55,192.76,103.79
TXN03898,2019-06-14,CUS029,PRD008,MKT004,6,56.16,25.27,30.89
TXN04612,2019-06-14,CUS008,PRD016,MKT010,20,361.8,162.81,198.99
TXN00400,2019-06-15,CUS022,PRD018,MKT007,3,82.38,37.07,45.31
TXN00623,2019-06-15,CUS015,PRD013,MKT002,21,1052.73,473.73,579.0
TXN01261,2019-06-16,CUS014,PRD015,MKT004,21,572.67,372.24,200.43
TXN03949,2019-06-16,CUS020,PRD016,MKT003,21,357.21,160.74,196.47
TXN01277,2019-06-17,CUS028,PRD001,MKT007,15,182.4,82.08,100.32
TXN03620,2019-06-17,CUS019,PRD013,MKT010,18,906.66,408.0,498.66
TXN03690,2019-06-18,CUS004,PRD015,MKT009,24,541.92,352.25,189.67
TXN00271,2019-06-19,CUS025,PRD002,MKT005,6,151.32,68.09,83.23
TXN00456,2019-06-19,CUS018,PRD016,MKT002,2,32.44,14.6,17.84
TXN01470,2019-06-19,CUS018,PRD005,MKT009,5,44.7,29.05,15.65
TXN01775,2019-06-19,CUS040,PRD013,MKT006,19,1121.57,504.71,616.86
TXN01815,2019-06-19,CUS011,PRD017,MKT002,21,1978.62,1286.1,692.52
TXN02268,2019-06-19,CUS043,PRD020,MKT002,17,1117.24,726.21,391.03
TXN03017,2019-06-19,CUS006,PRD012,MKT001,4,148.6,96.59,52.01
TXN04367,2019-06-19,CUS009,PRD020,MKT009,4,298.92,194.3,104.62
TXN01589,2019-06-20,CUS040,PRD014,MKT009,5,115.8,52.11,63.69
TXN02291,2019-06-20,CUS001,PRD015,MKT004,19,474.24,308.26,165.98
TXN03247,2019-06-20,CUS050,PRD010,MKT004,13,238.81,107.46,131.35
TXN03251,2019-06-20,CUS023,PRD020,MKT008,22,1427.36,927.78,499.58
TXN04316,2019-06-20,CUS003,PRD018,MKT004,7,203.56,91.6,111.96
TXN01209,2019-06-21,CUS010,PRD006,MKT001,14,679.84,305.93,373.91
TXN02025,2019-06-21,CUS003,PRD004,MKT008,16,570.24,256.61,313.63
TXN02026,2019-06-21,CUS004,PRD013,MKT004,24,1409.52,634.28,775.24
TXN03079,2019-06-21,CUS045,PRD020,MKT007,18,1260.72,819.47,441.25
TXN00815,2019-06-22,CUS022,PRD018,MKT002,8,234.56,105.55,129.01
TXN03318,2019-06-22,CUS019,PRD017,MKT003,2,172.9,112.39,60.51
TXN01431,2019-06-23,CUS004,PRD002,MKT003,12,283.68,127.66,156.02
TXN02823,2019-06-23,CUS015,PRD007,MKT007,10,300.7,195.46,105.24
TXN03155,2019-06-23,CUS014,PRD019,MKT003,7,219.03,142.37,76.66
TXN00113,2019-06-24,CUS049,PRD003,MKT007,20,1019.0,662.35,356.65
TXN00433,2019-06-24,CUS004,PRD005,MKT006,6,55.5,36.08,19.42
TXN03722,2019-06-24,CUS010,PRD014,MKT004,12,286.56,128.95,157.61
TXN04760,2019-06-24,CUS032,PRD013,MKT009,3,149.34,67.2,82.14
TXN00101,2019-06-25,CUS007,PRD009,MKT004,8,498.24,323.86,174.38
TXN01443,2019-06-25,CUS010,PRD004,MKT007,23,791.43,356.14,435.29
TXN02073,2019-06-26,CUS006,PRD012,MKT010,25,933.75,606.94,326.81
TXN02555,2019-06-26,CUS019,PRD014,MKT003,18,403.38,181.52,221.86
TXN04365,2019-06-26,CUS014,PRD008,MKT001,21,203.91,91.76,112.15
TXN01987,2019-06-27,CUS034,PRD020,MKT007,4,306.2,199.03,107.17
TXN04190,2019-06-27,CUS011,PRD020,MKT004,25,1606.5,1044.23,562.27
TXN04414,2019-06-28,CUS013,PRD011,MKT007,4,58.28,26.23,32.05
TXN04837,2019-06-28,CUS009,PRD009,MKT002,3,173.94,113.06,60.88
TXN00945,2019-06-29,CUS015,PRD014,MKT009,23,506.23,227.8,278.43
TXN03232,2019-06-30,CUS042,PRD016,MKT004,5,93.05,41.87,51.18
TXN04840,2019-06-30,CUS023,PRD002,MKT001,24,588.72,264.92,323.8
TXN02515,2019-07-01,CUS020,PRD010,MKT004,5,97.4,43.83,53.57
TXN04317,2019-07-01,CUS001,PRD001,MKT007,15,180.45,81.2,99.25
TXN01236,2019-07-02,CUS042,PRD004,MKT005,1,36.52,16.43,20.09
TXN01594,2019-07-02,CUS011,PRD007,MKT002,7,200.41,130.27,70.14
TXN02334,2019-07-02,CUS003,PRD009,MKT006,20,1172.8,762.32,410.48
TXN03219,2019-07-02,CUS015,PRD014,MKT009,16,344.48,155.02,189.46
TXN02792,2019-07-03,CUS017,PRD013,MKT001,22,1242.12,558.95,683.17
TXN02830,2019-07-04,CUS003,PRD012,MKT004,22,946.44,615.19,331.25
TXN04178,2019-07-04,CUS011,PRD011,MKT010,4,57.96,26.08,31.88
TXN02237,2019-07-05,CUS029,PRD008,MKT002,3,32.64,14.69,17.95
TXN02310,2019-07-05,CUS025,PRD019,MKT006,8,245.2,159.38,85.82
TXN04054,2019-07-05,CUS044,PRD008,MKT006,21,213.99,96.3,117.69
TXN04337,2019-07-06,CUS003,PRD001,MKT002,19,257.26,115.77,141.49
TXN00206,2019-07-07,CUS027,PRD005,MKT003,10,83.7,54.41,29.29
TXN00698,2019-07-08,CUS011,PRD018,MKT006,10,272.1,122.45,149.65
TXN00963,2019-07-09,CUS014,PRD001,MKT004,16,193.44,87.05,106.39
TXN02661,2019-07-09,CUS039,PRD016,MKT006,4,74.64,33.59,41.05
TXN03015,2019-07-09,CUS009,PRD010,MKT006,22,440.88,198.4,242.48
TXN00472,2019-07-10,CUS026,PRD010,MKT006,11,235.29,105.88,129.41
TXN00520,2019-07-10,CUS002,PRD005,MKT008,13,121.55,79.01,42.54
TXN01713,2019-07-10,CUS040,PRD001,MKT003,9,127.62,57.43,70.19
TXN04808,2019-07-10,CUS016,PRD016,MKT003,15,263.4,118.53,144.87
TXN04877,2019-07-10,CUS042,PRD009,MKT002,1,63.83,41.49,22.34
TXN00023,2019-07-11,CUS039,PRD017,MKT001,15,1344.75,874.09,470.66
TXN01606,2019-07-11,CUS005,PRD002,MKT007,17,461.38,207.62,253.76
TXN02767,2019-07-11,CUS010,PRD005,MKT001,8,76.08,49.45,26.63
TXN03085,2019-07-11,CUS031,PRD004,MKT002,18,577.62,259.93,317.69
TXN03542,2019-07-12,CUS004,PRD009,MKT002,16,977.76,635.54,342.22
TXN04604,2019-07-12,CUS009,PRD007,MKT008,4,129.76,84.34,45.42
TXN01142,2019-07-13,CUS020,PRD004,MKT002,10,372.8,167.76,205.04
TXN01276,2019-07-13,CUS015,PRD015,MKT007,11,261.36,169.88,91.48
TXN01832,2019-07-13,CUS006,PRD019,MKT005,22,697.62,453.45,244.17
TXN02041,2019-07-13,CUS002,PRD010,MKT001,11,225.94,101.67,124.27
TXN04823,2019-07-15,CUS006,PRD020,MKT009,2,140.14,91.09,49.05
TXN02668,2019-07-16,CUS016,PRD005,MKT002,12,115.44,75.04,40.4
TXN04942,2019-07-16,CUS008,PRD020,MKT006,15,1096.05,712.43,383.62
TXN00197,2019-07-17,CUS026,PRD008,MKT001,1,10.16,4.57,5.59
TXN00803,2019-07-17,CUS014,PRD007,MKT003,17,515.61,335.15,180.46
TXN02253,2019-07-17,CUS015,PRD015,MKT008,6,138.72,90.17,48.55
TXN03520,2019-07-17,CUS001,PRD013,MKT002,5,262.3,118.03,144.27
TXN04062,2019-07-17,CUS010,PRD006,MKT003,1,43.58,19.61,23.97
TXN04651,2019-07-17,CUS002,PRD018,MKT008,20,518.6,233.37,285.23
TXN00312,2019-07-18,CUS012,PRD016,MKT003,11,196.46,88.41,108.05
TXN01642,2019-07-18,CUS023,PRD014,MKT007,4,88.84,39.98,48.86
TXN03564,2019-07-18,CUS018,PRD016,MKT002,14,260.68,117.31,143.37
TXN01025,2019-07-19,CUS038,PRD013,MKT009,13,730.73,328.83,401.9
TXN01057,2019-07-19,CUS014,PRD004,MKT005,3,96.87,43.59,53.28
TXN01715,2019-07-19,CUS010,PRD018,MKT004,16,475.36,213.91,261.45
TXN01868,2019-07-19,CUS031,PRD012,MKT006,1,36.96,24.02,12.94
TXN04972,2019-07-19,CUS029,PRD014,MKT006,23,571.55,257.2,314.35
TXN01076,2019-07-20,CUS007,PRD009,MKT002,7,384.09,249.66,134.43
TXN01595,2019-07-20,CUS012,PRD020,MKT003,3,221.85,144.2,77.65
TXN04347,2019-07-20,CUS019,PRD007,MKT008,1,32.97,21.43,11.54
TXN04714,2019-07-20,CUS031,PRD015,MKT004,10,236.6,153.79,82.81
TXN02797,2019-07-21,CUS014,PRD018,MKT006,1,29.6,13.32,16.28
TXN04209,2019-07-21,CUS016,PRD003,MKT007,19,1011.94,657.76,354.18
TXN04671,2019-07-21,CUS006,PRD017,MKT004,22,1895.3,1231.95,663.35
TXN00802,2019-07-22,CUS024,PRD002,MKT007,15,400.2,180.09,220.11
TXN02360,2019-07-22,CUS014,PRD004,MKT002,10,320.0,144.0,176.0
TXN02561,2019-07-22,CUS005,PRD012,MKT005,2,74.32,48.31,26.01
TXN00116,2019-07-23,CUS041,PRD005,MKT002,20,164.8,107.12,57.68
TXN01310,2019-07-23,CUS005,PRD008,MKT008,3,32.07,14.43,17.64
TXN03531,2019-07-23,CUS023,PRD017,MKT007,7,610.96,397.12,213.84
TXN00645,2019-07-24,CUS030,PRD018,MKT008,11,326.48,146.92,179.56
TXN02346,2019-07-24,CUS016,PRD013,MKT010,10,598.1,269.14,328.96
TXN03124,2019-07-24,CUS016,PRD006,MKT003,1,43.9,19.75,24.15
TXN03877,2019-07-24,CUS015,PRD005,MKT003,13,125.19,81.37,43.82
TXN00544,2019-07-25,CUS008,PRD005,MKT004,22,180.18,117.12,63.06
TXN01671,2019-07-25,CUS025,PRD003,MKT007,1,51.02,33.16,17.86
TXN02272,2019-07-25,CUS023,PRD013,MKT008,7,411.32,185.09,226.23
TXN02727,2019-07-25,CUS036,PRD016,MKT001,13,202.93,91.32,111.61
TXN04106,2019-07-25,CUS018,PRD004,MKT005,13,453.83,204.22,249.61
TXN04920,2019-07-25,CUS013,PRD006,MKT004,16,757.12,340.7,416.42
TXN04975,2019-07-25,CUS024,PRD005,MKT008,22,194.92,126.7,68.22
TXN01527,2019-07-26,CUS001,PRD006,MKT009,20,914.6,411.57,503.03
TXN01641,2019-07-26,CUS013,PRD006,MKT004,10,432.3,194.53,237.77
TXN01829,2019-07-26,CUS008,PRD018,MKT006,12,328.56,147.85,180.71
TXN02660,2019-07-26,CUS003,PRD016,MKT001,17,284.75,128.14,156.61
TXN01830,2019-07-27,CUS007,PRD017,MKT006,15,1270.35,825.73,444.62
TXN02108,2019-07-27,CUS022,PRD009,MKT007,5,289.1,187.91,101.19
TXN02407,2019-07-27,CUS030,PRD004,MKT008,5,172.0,77.4,94.6
TXN03762,2019-07-27,CUS023,PRD013,MKT007,17,944.18,424.88,519.3
TXN01169,2019-07-28,CUS026,PRD018,MKT001,11,337.15,151.72,185.43
TXN03480,2019-07-28,CUS005,PRD003,MKT004,12,629.64,409.27,220.37
TXN02910,2019-07-29,CUS021,PRD006,MKT009,13,546.52,245.93,300.59
TXN01678,2019-07-30,CUS016,PRD017,MKT001,7,569.94,370.46,199.48
TXN01788,2019-07-30,CUS019,PRD016,MKT002,6,111.18,50.03,61.15
TXN03836,2019-07-31,CUS003,PRD002,MKT004,11,283.25,127.46,155.79
TXN00200,2019-08-01,CUS019,PRD005,MKT006,7,67.27,43.73,23.54
TXN00675,2019-08-01,CUS012,PRD013,MKT008,15,887.7,399.47,488.23
TXN01684,2019-08-01,CUS008,PRD010,MKT003,8,169.84,76.43,93.41
TXN03840,2019-08-01,CUS032,PRD020,MKT001,17,1274.66,828.53,446.13
TXN01073,2019-08-02,CUS026,PRD019,MKT002,1,32.89,21.38,11.51
TXN01925,2019-08-02,CUS002,PRD019,MKT006,18,592.2,384.93,207.27
TXN03557,2019-08-02,CUS028,PRD001,MKT008,17,223.21,100.44,122.77
TXN04141,2019-08-02,CUS010,PRD006,MKT009,7,299.25,134.66,164.59
TXN02684,2019-08-03,CUS015,PRD017,MKT004,6,501.9,326.24,175.66
TXN03115,2019-08-03,CUS029,PRD017,MKT005,11,1014.97,659.73,355.24
TXN03173,2019-08-03,CUS008,PRD009,MKT001,11,624.58,405.98,218.6
TXN01307,2019-08-05,CUS028,PRD013,MKT008,3,175.65,79.04,96.61
TXN03075,2019-08-05,CUS003,PRD002,MKT001,19,490.01,220.5,269.51
TXN03783,2019-08-05,CUS013,PRD012,MKT004,22,900.02,585.01,315.01
TXN04712,2019-08-06,CUS031,PRD020,MKT006,11,817.74,531.53,286.21
TXN00159,2019-08-07,CUS007,PRD012,MKT005,20,767.0,498.55,268.45
TXN00762,2019-08-07,CUS005,PRD014,MKT002,16,362.24,163.01,199.23
TXN01553,2019-08-07,CUS012,PRD011,MKT003,4,63.76,28.69,35.07
TXN02719,2019-08-07,CUS002,PRD007,MKT010,4,124.68,81.04,43.64
TXN04161,2019-08-07,CUS005,PRD018,MKT008,8,204.64,92.09,112.55
TXN00038,2019-08-08,CUS026,PRD004,MKT002,6,219.06,98.58,120.48
TXN02501,2019-08-08,CUS035,PRD018,MKT005,1,30.49,13.72,16.77
TXN02742,2019-08-08,CUS010,PRD009,MKT001,18,1141.56,742.01,399.55
TXN03600,2019-08-08,CUS011,PRD014,MKT002,8,197.52,88.88,108.64
TXN03800,2019-08-08,CUS026,PRD013,MKT007,1,52.97,23.84,29.13
TXN04616,2019-08-09,CUS013,PRD004,MKT003,11,353.76,159.19,194.57
TXN00190,2019-08-10,CUS015,PRD019,MKT001,2,63.64,41.37,22.27
TXN02023,2019-08-10,CUS014,PRD012,MKT001,22,832.7,541.26,291.44
TXN04968,2019-08-10,CUS019,PRD016,MKT004,4,72.64,32.69,39.95
TXN03756,2019-08-11,CUS030,PRD007,MKT005,9,295.47,192.06,103.41
TXN01519,2019-08-12,CUS021,PRD016,MKT003,4,64.84,29.18,35.66
TXN02374,2019-08-12,CUS004,PRD001,MKT003,2,27.34,12.3,15.04
TXN03224,2019-08-12,CUS045,PRD014,MKT002,12,252.72,113.72,139.0
TXN01986,2019-08-13,CUS025,PRD019,MKT001,12,395.4,257.01,138.39
TXN04480,2019-08-13,CUS015,PRD016,MKT004,20,366.6,164.97,201.63
TXN04929,2019-08-13,CUS004,PRD007,MKT002,13,417.82,271.58,146.24
TXN04897,2019-08-14,CUS012,PRD004,MKT001,22,806.08,362.74,443.34
TXN04405,2019-08-15,CUS025,PRD007,MKT009,11,336.49,218.72,117.77
TXN04675,2019-08-15,CUS002,PRD010,MKT007,19,364.42,163.99,200.43
TXN01776,2019-08-16,CUS014,PRD012,MKT001,9,342.81,222.83,119.98
TXN04330,2019-08-16,CUS001,PRD020,MKT001,10,739.8,480.87,258.93
TXN04979,2019-08-16,CUS006,PRD004,MKT002,11,347.27,156.27,191.0
TXN01016,2019-08-17,CUS020,PRD019,MKT007,19,620.16,403.1,217.06
TXN02308,2019-08-17,CUS006,PRD007,MKT004,18,546.3,355.1,191.2
TXN03971,2019-08-17,CUS013,PRD011,MKT009,11,169.29,76.18,93.11
TXN01285,2019-08-18,CUS030,PRD014,MKT002,1,21.65,9.74,11.91
TXN03291,2019-08-18,CUS016,PRD005,MKT003,16,145.28,94.43,50.85
TXN04081,2019-08-18,CUS019,PRD017,MKT010,1,81.88,53.22,28.66
TXN00343,2019-08-19,CUS010,PRD015,MKT006,20,468.4,304.46,163.94
TXN00492,2019-08-19,CUS007,PRD013,MKT001,1,60.34,27.15,33.19
TXN02507,2019-08-19,CUS003,PRD005,MKT008,17,158.78,103.21,55.57
TXN03177,2019-08-19,CUS046,PRD014,MKT004,11,274.12,123.35,150.77
TXN00840,2019-08-20,CUS007,PRD009,MKT001,8,488.08,317.25,170.83
TXN01687,2019-08-20,CUS019,PRD020,MKT002,2,135.02,87.76,47.26
TXN04469,2019-08-20,CUS002,PRD003,MKT007,4,181.04,117.68,63.36
TXN04492,2019-08-20,CUS003,PRD012,MKT008,11,434.5,282.43,152.07
TXN00702,2019-08-21,CUS012,PRD011,MKT002,15,239.4,107.73,131.67
TXN02033,2019-08-21,CUS002,PRD009,MKT001,15,897.6,583.44,314.16
TXN04291,2019-08-22,CUS027,PRD006,MKT002,7,319.69,143.86,175.83
TXN04700,2019-08-22,CUS027,PRD013,MKT001,2,108.36,48.76,59.6
TXN00004,2019-08-23,CUS023,PRD011,MKT002,18,261.18,117.53,143.65
TXN00971,2019-08-23,CUS001,PRD013,MKT004,6,332.76,149.74,183.02
TXN03976,2019-08-23,CUS015,PRD019,MKT010,12,406.2,264.03,142.17
TXN00441,2019-08-24,CUS001,PRD007,MKT001,5,162.85,105.85,57.0
TXN01360,2019-08-24,CUS008,PRD007,MKT004,2,59.8,38.87,20.93
TXN02913,2019-08-24,CUS033,PRD004,MKT006,9,309.15,139.12,170.03
TXN03437,2019-08-24,CUS006,PRD018,MKT003,11,330.33,148.65,181.68
TXN00053,2019-08-25,CUS035,PRD006,MKT005,8,326.72,147.02,179.7
TXN00055,2019-08-25,CUS012,PRD012,MKT002,20,789.6,513.24,276.36
TXN02483,2019-08-25,CUS027,PRD018,MKT002,1,28.8,12.96,15.84
TXN01074,2019-08-26,CUS002,PRD005,MKT003,17,147.56,95.91,51.65
TXN00960,2019-08-28,CUS034,PRD016,MKT006,9,159.3,71.69,87.61
TXN01249,2019-08-28,CUS010,PRD020,MKT004,8,587.68,381.99,205.69
TXN04293,2019-08-28,CUS029,PRD004,MKT007,8,270.72,121.82,148.9
TXN00136,2019-08-29,CUS022,PRD004,MKT009,9,315.45,141.95,173.5
TXN00382,2019-08-29,CUS027,PRD016,MKT009,20,346.8,156.06,190.74
TXN00462,2019-08-29,CUS028,PRD005,MKT007,17,158.61,103.1,55.51
TXN00755,2019-08-29,CUS003,PRD014,MKT009,16,392.0,176.4,215.6
TXN00933,2019-08-29,CUS036,PRD020,MKT001,22,1463.66,951.38,512.28
TXN01569,2019-08-29,CUS045,PRD014,MKT005,4,94.28,42.43,51.85
TXN02282,2019-08-29,CUS017,PRD011,MKT007,18,268.2,120.69,147.51
TXN02295,2019-08-29,CUS043,PRD005,MKT005,20,194.4,126.36,68.04
TXN03323,2019-08-29,CUS003,PRD020,MKT002,12,867.72,564.02,303.7
TXN00761,2019-08-30,CUS017,PRD008,MKT002,9,88.29,39.73,48.56
TXN04078,2019-08-31,CUS047,PRD002,MKT007,18,407.52,183.38,224.14
TXN04211,2019-08-31,CUS002,PRD012,MKT002,22,817.52,531.39,286.13
TXN01339,2019-09-01,CUS020,PRD009,MKT001,19,1091.93,709.75,382.18
TXN02916,2019-09-01,CUS014,PRD015,MKT003,16,378.72,246.17,132.55
TXN03344,2019-09-01,CUS008,PRD008,MKT009,10,91.0,40.95,50.05
TXN04340,2019-09-01,CUS013,PRD011,MKT001,3,48.36,21.76,26.6
TXN04355,2019-09-01,CUS011,PRD018,MKT001,8,205.2,92.34,112.86
TXN02587,2019-09-02,CUS004,PRD003,MKT007,2,90.8,59.02,31.78
TXN03986,2019-09-03,CUS014,PRD013,MKT007,14,722.82,325.27,397.55
TXN03068,2019-09-04,CUS030,PRD008,MKT004,10,91.9,41.35,50.55
TXN04515,2019-09-04,CUS023,PRD012,MKT004,13,505.83,328.79,177.04
TXN00526,2019-09-05,CUS017,PRD020,MKT002,10,694.8,451.62,243.18
TXN01806,2019-09-06,CUS032,PRD019,MKT001,8,240.08,156.05,84.03
TXN04713,2019-09-06,CUS024,PRD008,MKT005,9,87.39,39.33,48.06
TXN00943,2019-09-07,CUS024,PRD006,MKT004,17,720.46,324.21,396.25
TXN01260,2019-09-07,CUS012,PRD012,MKT009,11,409.42,266.12,143.3
TXN02961,2019-09-07,CUS024,PRD011,MKT004,20,313.8,141.21,172.59
TXN01213,2019-09-08,CUS028,PRD007,MKT008,24,703.92,457.55,246.37
TXN01813,2019-09-08,CUS017,PRD005,MKT004,16,157.6,102.44,55.16
TXN02705,2019-09-08,CUS015,PRD013,MKT007,12,698.04,314.12,383.92
TXN01533,2019-09-09,CUS034,PRD006,MKT006,8,350.48,157.72,192.76
TXN01596,2019-09-10,CUS005,PRD015,MKT002,16,367.52,238.89,128.63
TXN03149,2019-09-10,CUS023,PRD014,MKT002,11,272.03,122.41,149.62
TXN03169,2019-09-10,CUS005,PRD010,MKT004,22,418.22,188.2,230.02
TXN04089,2019-09-10,CUS016,PRD010,MKT002,14,273.14,122.91,150.23
TXN04575,2019-09-10,CUS003,PRD018,MKT003,1,25.55,11.5,14.05
TXN01163,2019-09-11,CUS015,PRD011,MKT004,12,187.2,84.24,102.96
TXN01256,2019-09-11,CUS011,PRD005,MKT002,6,56.64,36.82,19.82
TXN02831,2019-09-11,CUS018,PRD013,MKT002,19,959.5,431.78,527.72
TXN01472,2019-09-12,CUS017,PRD008,MKT001,25,225.25,101.36,123.89
TXN01490,2019-09-12,CUS009,PRD015,MKT007,20,457.8,297.57,160.23
TXN01941,2019-09-12,CUS009,PRD014,MKT008,6,136.38,61.37,75.01
TXN02812,2019-09-12,CUS035,PRD019,MKT007,9,304.38,197.85,106.53
TXN04691,2019-09-12,CUS004,PRD011,MKT003,11,180.95,81.43,99.52
TXN01582,2019-09-13,CUS016,PRD008,MKT004,14,153.16,68.92,84.24
TXN04432,2019-09-14,CUS001,PRD012,MKT004,23,946.91,615.49,331.42
TXN00182,2019-09-15,CUS029,PRD005,MKT008,18,152.28,98.98,53.3
TXN01866,2019-09-15,CUS012,PRD001,MKT007,17,219.13,98.61,120.52
TXN03434,2019-09-15,CUS002,PRD001,MKT002,19,243.58,109.61,133.97
TXN03757,2019-09-15,CUS007,PRD018,MKT007,10,254.9,114.7,140.2
TXN01324,2019-09-16,CUS017,PRD011,MKT002,17,257.55,115.9,141.65
TXN01629,2019-09-16,CUS005,PRD011,MKT007,8,109.2,49.14,60.06
TXN02673,2019-09-16,CUS005,PRD002,MKT007,23,554.07,249.33,304.74
TXN03750,2019-09-16,CUS031,PRD014,MKT002,15,378.45,170.3,208.15
TXN00556,2019-09-18,CUS005,PRD001,MKT006,19,241.49,108.67,132.82
TXN01550,2019-09-18,CUS033,PRD020,MKT005,1,67.34,43.77,23.57
TXN01902,2019-09-18,CUS029,PRD006,MKT001,8,327.6,147.42,180.18
TXN02562,2019-09-18,CUS033,PRD003,MKT007,16,801.92,521.25,280.67
TXN01274,2019-09-19,CUS024,PRD007,MKT002,14,402.64,261.72,140.92
TXN01540,2019-09-19,CUS016,PRD002,MKT008,18,493.74,222.18,271.56
TXN01600,2019-09-19,CUS008,PRD014,MKT006,22,467.94,210.57,257.37
TXN01648,2019-09-19,CUS006,PRD012,MKT002,25,1070.5,695.83,374.67
TXN01688,2019-09-19,CUS006,PRD008,MKT002,14,139.3,62.69,76.61
TXN03739,2019-09-19,CUS018,PRD011,MKT003,1,13.76,6.19,7.57
TXN04246,2019-09-21,CUS019,PRD015,MKT001,13,311.09,202.21,108.88
TXN01300,2019-09-22,CUS005,PRD004,MKT004,14,533.26,239.97,293.29
TXN01728,2019-09-22,CUS014,PRD011,MKT005,11,160.71,72.32,88.39
TXN03431,2019-09-22,CUS002,PRD004,MKT008,25,794.75,357.64,437.11
TXN00947,2019-09-23,CUS020,PRD010,MKT007,16,319.36,143.71,175.65
TXN03038,2019-09-24,CUS004,PRD006,MKT006,4,174.28,78.43,95.85
TXN00302,2019-09-25,CUS027,PRD011,MKT001,8,119.12,53.6,65.52
TXN00532,2019-09-25,CUS006,PRD009,MKT006,21,1155.0,750.75,404.25
TXN02421,2019-09-25,CUS034,PRD019,MKT001,19,566.58,368.28,198.3
TXN02818,2019-09-25,CUS011,PRD015,MKT004,7,161.07,104.7,56.37
TXN00798,2019-09-26,CUS045,PRD014,MKT007,24,526.32,236.84,289.48
TXN00165,2019-09-27,CUS003,PRD006,MKT007,6,253.8,114.21,139.59
TXN02064,2019-09-27,CUS003,PRD017,MKT001,15,1386.9,901.48,485.42
TXN02962,2019-09-27,CUS027,PRD001,MKT003,8,111.12,50.0,61.12
TXN03696,2019-09-27,CUS003,PRD012,MKT001,18,731.52,475.49,256.03
TXN04321,2019-09-27,CUS045,PRD020,MKT003,7,498.96,324.32,174.64
TXN01673,2019-09-28,CUS008,PRD002,MKT001,21,535.29,240.88,294.41
TXN03356,2019-09-28,CUS019,PRD009,MKT002,7,394.31,256.3,138.01
TXN01345,2019-09-29,CUS027,PRD011,MKT004,15,232.35,104.56,127.79
TXN03465,2019-09-29,CUS009,PRD018,MKT001,24,660.24,297.11,363.13
TXN03985,2019-09-29,CUS001,PRD001,MKT001,1,12.31,5.54,6.77
TXN03664,2019-09-30,CUS011,PRD016,MKT010,9,139.68,62.86,76.82
TXN00351,2019-10-01,CUS015,PRD010,MKT010,13,255.45,114.95,140.5
TXN01661,2019-10-01,CUS013,PRD013,MKT002,2,112.76,50.74,62.02
TXN02100,2019-10-01,CUS012,PRD007,MKT002,24,752.88,489.37,263.51
TXN00631,2019-10-02,CUS010,PRD019,MKT003,7,215.46,140.05,75.41
TXN01493,2019-10-02,CUS008,PRD013,MKT007,18,1047.6,471.42,576.18
TXN02826,2019-10-02,CUS015,PRD017,MKT001,25,2177.75,1415.54,762.21
TXN02841,2019-10-02,CUS035,PRD002,MKT005,4,107.36,48.31,59.05
TXN04272,2019-10-02,CUS034,PRD001,MKT001,12,149.16,67.12,82.04
TXN03028,2019-10-03,CUS005,PRD006,MKT001,20,844.6,380.07,464.53
TXN03648,2019-10-03,CUS039,PRD011,MKT001,23,328.21,147.69,180.52
TXN04866,2019-10-03,CUS007,PRD012,MKT004,18,711.54,462.5,249.04
TXN00907,2019-10-04,CUS013,PRD019,MKT007,23,824.55,535.96,288.59
TXN02414,2019-10-04,CUS021,PRD014,MKT009,4,101.04,45.47,55.57
TXN04171,2019-10-04,CUS032,PRD007,MKT001,9,248.85,161.75,87.1
TXN00282,2019-10-05,CUS033,PRD010,MKT009,16,351.68,158.26,193.42
TXN02765,2019-10-05,CUS007,PRD005,MKT003,2,17.1,11.12,5.98
TXN04288,2019-10-05,CUS033,PRD006,MKT001,12,510.96,229.93,281.03
TXN00424,2019-10-06,CUS009,PRD013,MKT006,17,900.15,405.07,495.08
TXN01545,2019-10-06,CUS038,PRD013,MKT004,25,1328.75,597.94,730.81
TXN00714,2019-10-07,CUS027,PRD016,MKT008,11,204.05,91.82,112.23
TXN01608,2019-10-07,CUS015,PRD011,MKT010,19,296.02,133.21,162.81
TXN03603,2019-10-07,CUS019,PRD012,MKT008,23,973.82,632.98,340.84
TXN04113,2019-10-07,CUS007,PRD004,MKT005,9,326.79,147.06,179.73
TXN03929,2019-10-08,CUS013,PRD012,MKT002,16,597.92,388.65,209.27
TXN04548,2019-10-08,CUS023,PRD009,MKT001,27,1642.95,1067.92,575.03
TXN00240,2019-10-09,CUS005,PRD006,MKT007,18,853.74,384.18,469.56
TXN00335,2019-10-09,CUS001,PRD012,MKT009,15,618.15,401.8,216.35
TXN01060,2019-10-09,CUS010,PRD020,MKT002,2,142.58,92.68,49.9
TXN01491,2019-10-09,CUS011,PRD006,MKT001,7,323.89,145.75,178.14
TXN02232,2019-10-09,CUS035,PRD019,MKT001,14,418.04,271.73,146.31
TXN00001,2019-10-11,CUS016,PRD002,MKT001,4,93.0,41.85,51.15
TXN00647,2019-10-11,CUS023,PRD004,MKT003,16,610.72,274.82,335.9
TXN04791,2019-10-11,CUS019,PRD017,MKT003,16,1522.56,989.66,532.9
TXN00254,2019-10-12,CUS027,PRD010,MKT005,3,54.21,24.39,29.82
TXN02550,2019-10-13,CUS004,PRD020,MKT005,1,69.12,44.93,24.19
TXN03555,2019-10-13,CUS043,PRD001,MKT003,19,251.75,113.29,138.46
TXN03735,2019-10-13,CUS018,PRD007,MKT004,24,708.0,460.2,247.8
TXN03884,2019-10-13,CUS003,PRD013,MKT002,24,1409.76,634.39,775.37
TXN04446,2019-10-13,CUS002,PRD002,MKT002,1,26.56,11.95,14.61
TXN01331,2019-10-14,CUS025,PRD011,MKT002,12,180.48,81.22,99.26
TXN04554,2019-10-14,CUS023,PRD013,MKT004,15,863.4,388.53,474.87
TXN01864,2019-10-15,CUS020,PRD007,MKT002,18,526.14,341.99,184.15
TXN04468,2019-10-15,CUS033,PRD016,MKT007,15,239.55,107.8,131.75
TXN02905,2019-10-16,CUS034,PRD006,MKT001,4,177.48,79.87,97.61
TXN03197,2019-10-16,CUS012,PRD015,MKT004,14,326.06,211.94,114.12
TXN04372,2019-10-16,CUS001,PRD009,MKT002,26,1438.58,935.08,503.5
TXN04926,2019-10-16,CUS025,PRD017,MKT002,22,2121.68,1379.09,742.59
TXN00893,2019-10-17,CUS024,PRD014,MKT003,24,554.64,249.59,305.05
TXN01498,2019-10-17,CUS040,PRD003,MKT001,19,1012.7,658.25,354.45
TXN02870,2019-10-17,CUS028,PRD009,MKT004,2,117.76,76.54,41.22
TXN04844,2019-10-17,CUS013,PRD013,MKT009,9,479.16,215.62,263.54
TXN01843,2019-10-18,CUS011,PRD001,MKT005,25,355.5,159.97,195.53
TXN03350,2019-10-18,CUS039,PRD002,MKT007,16,367.2,165.24,201.96
TXN04600,2019-10-18,CUS032,PRD012,MKT002,13,537.29,349.24,188.05
TXN00276,2019-10-20,CUS033,PRD014,MKT003,5,105.0,47.25,57.75
TXN01855,2019-10-20,CUS049,PRD004,MKT005,3,100.59,45.27,55.32
TXN04280,2019-10-20,CUS034,PRD017,MKT006,8,781.04,507.68,273.36
TXN00205,2019-10-21,CUS018,PRD009,MKT001,23,1509.95,981.47,528.48
TXN01539,2019-10-21,CUS034,PRD018,MKT007,25,700.5,315.23,385.27
TXN03822,2019-10-22,CUS015,PRD002,MKT008,7,190.4,85.68,104.72
TXN04398,2019-10-22,CUS014,PRD002,MKT002,24,606.96,273.13,333.83
TXN00715,2019-10-23,CUS009,PRD018,MKT010,26,749.32,337.19,412.13
TXN01421,2019-10-23,CUS035,PRD003,MKT002,19,926.63,602.31,324.32
TXN01695,2019-10-23,CUS032,PRD012,MKT009,15,568.95,369.82,199.13
TXN02248,2019-10-23,CUS038,PRD001,MKT003,22,298.54,134.34,164.2
TXN02330,2019-10-23,CUS028,PRD020,MKT005,1,76.58,49.78,26.8
TXN04323,2019-10-23,CUS027,PRD020,MKT005,14,1046.92,680.5,366.42
TXN04409,2019-10-23,CUS021,PRD007,MKT005,13,365.04,237.28,127.76
TXN02120,2019-10-24,CUS021,PRD009,MKT002,16,996.16,647.5,348.66
TXN03109,2019-10-24,CUS008,PRD013,MKT003,23,1146.32,515.84,630.48
TXN03408,2019-10-24,CUS002,PRD003,MKT001,1,52.74,34.28,18.46
TXN03152,2019-10-26,CUS034,PRD017,MKT001,5,489.95,318.47,171.48
TXN04390,2019-10-26,CUS003,PRD017,MKT005,25,2224.75,1446.09,778.66
TXN00685,2019-10-27,CUS032,PRD014,MKT002,27,625.86,281.64,344.22
TXN04422,2019-10-27,CUS006,PRD007,MKT006,24,688.32,447.41,240.91
TXN01686,2019-10-28,CUS010,PRD008,MKT006,17,180.54,81.24,99.3
TXN04781,2019-10-28,CUS002,PRD004,MKT003,9,302.58,136.16,166.42
TXN01822,2019-10-29,CUS014,PRD003,MKT001,1,53.93,35.05,18.88
TXN03473,2019-10-29,CUS041,PRD010,MKT005,16,324.48,146.02,178.46
TXN04636,2019-10-29,CUS023,PRD003,MKT006,16,816.64,530.82,285.82
TXN00551,2019-10-30,CUS019,PRD019,MKT007,18,636.66,413.83,222.83
TXN01125,2019-10-30,CUS025,PRD009,MKT003,1,57.41,37.32,20.09
TXN02845,2019-10-30,CUS003,PRD010,MKT003,15,274.5,123.53,150.97
TXN00191,2019-10-31,CUS002,PRD006,MKT005,19,891.1,401.0,490.1
TXN01104,2019-10-31,CUS016,PRD018,MKT004,23,582.36,262.06,320.3
TXN01658,2019-10-31,CUS040,PRD006,MKT001,2,92.54,41.64,50.9
TXN01966,2019-10-31,CUS019,PRD013,MKT007,6,354.78,159.65,195.13
TXN00141,2019-11-01,CUS014,PRD010,MKT003,32,645.12,290.3,354.82
TXN01253,2019-11-01,CUS002,PRD004,MKT004,7,255.01,114.75,140.26
TXN03389,2019-11-01,CUS001,PRD014,MKT002,16,343.84,154.73,189.11
TXN03748,2019-11-01,CUS008,PRD007,MKT010,3,89.82,58.38,31.44
TXN00643,2019-11-02,CUS041,PRD016,MKT001,31,484.84,218.18,266.66
TXN01346,2019-11-02,CUS034,PRD007,MKT007,28,860.44,559.29,301.15
TXN03004,2019-11-02,CUS001,PRD014,MKT010,6,146.04,65.72,80.32
TXN03399,2019-11-03,CUS009,PRD019,MKT005,32,1101.44,715.94,385.5
TXN03482,2019-11-03,CUS004,PRD008,MKT003,14,145.04,65.27,79.77
TXN01683,2019-11-04,CUS036,PRD014,MKT005,13,289.77,130.4,159.37
TXN01716,2019-11-04,CUS001,PRD016,MKT004,2,32.56,14.65,17.91
TXN02934,2019-11-04,CUS033,PRD012,MKT003,20,834.8,542.62,292.18
TXN03979,2019-11-04,CUS017,PRD013,MKT003,7,396.55,178.45,218.1
TXN00075,2019-11-05,CUS007,PRD014,MKT006,3,67.8,30.51,37.29
TXN02405,2019-11-05,CUS042,PRD007,MKT001,26,843.44,548.24,295.2
TXN03759,2019-11-05,CUS003,PRD016,MKT003,11,190.85,85.88,104.97
TXN04784,2019-11-05,CUS006,PRD008,MKT006,3,29.82,13.42,16.4
TXN01252,2019-11-06,CUS018,PRD019,MKT006,19,570.76,370.99,199.77
TXN03325,2019-11-06,CUS003,PRD011,MKT004,2,30.18,13.58,16.6
TXN01042,2019-11-07,CUS024,PRD019,MKT005,22,755.92,491.35,264.57
TXN01717,2019-11-07,CUS023,PRD002,MKT005,29,685.85,308.63,377.22
TXN02281,2019-11-07,CUS006,PRD003,MKT002,14,631.4,410.41,220.99
TXN02592,2019-11-07,CUS001,PRD012,MKT007,7,297.08,193.1,103.98
TXN03677,2019-11-07,CUS028,PRD001,MKT003,10,127.1,57.2,69.9
TXN04525,2019-11-07,CUS013,PRD001,MKT001,16,201.6,90.72,110.88
TXN03360,2019-11-08,CUS015,PRD014,MKT007,3,66.33,29.85,36.48
TXN04628,2019-11-08,CUS002,PRD008,MKT007,16,153.44,69.05,84.39
TXN04850,2019-11-08,CUS024,PRD013,MKT004,27,1455.57,655.01,800.56
TXN00196,2019-11-09,CUS024,PRD010,MKT001,3,55.08,24.79,30.29
TXN01288,2019-11-09,CUS026,PRD009,MKT004,1,64.31,41.8,22.51
TXN01722,2019-11-09,CUS018,PRD020,MKT001,1,64.99,42.24,22.75
TXN02228,2019-11-09,CUS006,PRD003,MKT002,5,226.25,147.06,79.19
TXN02617,2019-11-09,CUS017,PRD004,MKT007,14,524.72,236.12,288.6
TXN03380,2019-11-09,CUS004,PRD004,MKT006,1,35.93,16.17,19.76
TXN04223,2019-11-09,CUS040,PRD020,MKT007,2,131.54,85.5,46.04
TXN00880,2019-11-10,CUS002,PRD015,MKT003,19,498.75,324.19,174.56
TXN01771,2019-11-10,CUS001,PRD015,MKT009,3,76.05,49.43,26.62
TXN02388,2019-11-10,CUS014,PRD018,MKT002,13,373.88,168.25,205.63
TXN04028,2019-11-10,CUS027,PRD014,MKT007,32,704.96,317.23,387.73
TXN01592,2019-11-11,CUS010,PRD016,MKT003,26,419.38,188.72,230.66
TXN02640,2019-11-11,CUS039,PRD008,MKT006,19,198.55,89.35,109.2
TXN03887,2019-11-11,CUS044,PRD011,MKT002,11,169.07,76.08,92.99
TXN01019,2019-11-12,CUS032,PRD016,MKT003,16,257.6,115.92,141.68
TXN02852,2019-11-12,CUS024,PRD002,MKT009,9,206.91,93.11,113.8
TXN02935,2019-11-12,CUS032,PRD003,MKT004,9,449.37,292.09,157.28
TXN03153,2019-11-12,CUS040,PRD020,MKT002,23,1646.8,1070.42,576.38
TXN04906,2019-11-12,CUS036,PRD001,MKT008,20,278.2,125.19,153.01
TXN01871,2019-11-13,CUS009,PRD007,MKT010,1,31.82,20.68,11.14
TXN03296,2019-11-13,CUS016,PRD012,MKT009,22,840.4,546.26,294.14
TXN03810,2019-11-13,CUS012,PRD019,MKT001,28,981.4,637.91,343.49
TXN04008,2019-11-13,CUS019,PRD015,MKT007,31,782.13,508.38,273.75
TXN00208,2019-11-15,CUS005,PRD013,MKT006,11,597.96,269.08,328.88
TXN03300,2019-11-15,CUS002,PRD002,MKT002,11,283.36,127.51,155.85
TXN00872,2019-11-16,CUS004,PRD008,MKT005,10,95.0,42.75,52.25
TXN03375,2019-11-16,CUS012,PRD008,MKT008,23,217.12,97.7,119.42
TXN04434,2019-11-16,CUS004,PRD002,MKT001,20,512.4,230.58,281.82
TXN03850,2019-11-17,CUS035,PRD013,MKT005,23,1220.61,549.27,671.34
TXN04310,2019-11-17,CUS022,PRD018,MKT006,18,549.18,247.13,302.05
TXN00568,2019-11-18,CUS002,PRD007,MKT010,18,561.06,364.69,196.37
TXN00900,2019-11-18,CUS001,PRD014,MKT003,13,283.14,127.41,155.73
TXN01309,2019-11-18,CUS026,PRD015,MKT007,20,523.0,339.95,183.05
TXN02473,2019-11-18,CUS020,PRD016,MKT001,11,185.24,83.36,101.88
TXN03178,2019-11-18,CUS040,PRD012,MKT010,22,944.24,613.76,330.48
TXN04686,2019-11-18,CUS009,PRD003,MKT002,3,151.05,98.18,52.87
TXN04834,2019-11-18,CUS003,PRD013,MKT003,19,1095.92,493.16,602.76
TXN03346,2019-11-19,CUS040,PRD017,MKT002,14,1357.16,882.15,475.01
TXN00157,2019-11-20,CUS003,PRD019,MKT010,13,440.83,286.54,154.29
TXN00908,2019-11-20,CUS010,PRD012,MKT009,5,187.3,121.75,65.55
TXN00838,2019-11-21,CUS021,PRD001,MKT009,22,264.22,118.9,145.32
TXN02168,2019-11-21,CUS019,PRD007,MKT006,28,805.28,523.43,281.85
TXN02925,2019-11-21,CUS004,PRD019,MKT008,2,71.94,46.76,25.18
TXN03374,2019-11-21,CUS031,PRD004,MKT001,1,34.93,15.72,19.21
TXN03881,2019-11-21,CUS022,PRD018,MKT009,14,421.26,189.57,231.69
TXN00072,2019-11-22,CUS026,PRD010,MKT002,10,213.5,96.08,117.42
TXN02730,2019-11-22,CUS019,PRD012,MKT007,3,115.98,75.39,40.59
TXN04183,2019-11-22,CUS006,PRD011,MKT007,6,96.06,43.23,52.83
TXN04914,2019-11-22,CUS012,PRD009,MKT002,26,1519.44,987.64,531.8
TXN02522,2019-11-23,CUS033,PRD012,MKT010,9,383.31,249.15,134.16
TXN02800,2019-11-23,CUS003,PRD017,MKT005,24,2177.04,1415.08,761.96
TXN03244,2019-11-23,CUS006,PRD004,MKT008,26,824.98,371.24,453.74
TXN00002,2019-11-24,CUS029,PRD009,MKT001,16,978.24,635.86,342.38
TXN00930,2019-11-24,CUS012,PRD008,MKT007,14,141.68,63.76,77.92
TXN03492,2019-11-24,CUS037,PRD012,MKT001,3,129.24,84.01,45.23
TXN03960,2019-11-24,CUS015,PRD012,MKT003,14,612.08,397.85,214.23
TXN00641,2019-11-25,CUS002,PRD010,MKT002,20,386.2,173.79,212.41
TXN01953,2019-11-25,CUS011,PRD006,MKT001,24,977.28,439.78,537.5
TXN01368,2019-11-27,CUS026,PRD012,MKT002,16,665.28,432.43,232.85
TXN02152,2019-11-27,CUS014,PRD015,MKT002,20,543.4,353.21,190.19
TXN04339,2019-11-27,CUS036,PRD001,MKT004,18,250.38,112.67,137.71
TXN01036,2019-11-28,CUS028,PRD006,MKT001,16,695.68,313.06,382.62
TXN01896,2019-11-28,CUS014,PRD011,MKT007,3,45.72,20.57,25.15
TXN03522,2019-11-28,CUS039,PRD017,MKT005,28,2660.0,1729.0,931.0
TXN03567,2019-11-28,CUS013,PRD013,MKT001,5,282.15,126.97,155.18
TXN03871,2019-11-28,CUS035,PRD002,MKT007,32,815.36,366.91,448.45
TXN04638,2019-11-28,CUS016,PRD017,MKT001,26,2144.74,1394.08,750.66
TXN01754,2019-11-30,CUS018,PRD008,MKT008,29,300.15,135.07,165.08
TXN03105,2019-12-01,CUS050,PRD018,MKT006,6,158.94,71.52,87.42
TXN03452,2019-12-01,CUS005,PRD012,MKT009,21,821.52,533.99,287.53
TXN03354,2019-12-02,CUS034,PRD019,MKT006,34,1128.12,733.28,394.84
TXN03607,2019-12-02,CUS003,PRD002,MKT005,33,828.3,372.74,455.56
TXN04408,2019-12-03,CUS011,PRD002,MKT010,10,236.0,106.2,129.8
TXN02049,2019-12-04,CUS015,PRD001,MKT001,3,36.15,16.27,19.88
TXN04504,2019-12-04,CUS010,PRD018,MKT003,15,413.7,186.16,227.54
TXN00243,2019-12-06,CUS025,PRD001,MKT003,36,443.16,199.42,243.74
TXN02635,2019-12-06,CUS001,PRD003,MKT007,27,1287.63,836.96,450.67
TXN03860,2019-12-06,CUS006,PRD002,MKT003,15,403.5,181.58,221.92
TXN04242,2019-12-06,CUS003,PRD014,MKT003,27,567.54,255.39,312.15
TXN01111,2019-12-07,CUS021,PRD004,MKT004,9,344.7,155.12,189.58
TXN02092,2019-12-07,CUS038,PRD018,MKT010,25,657.5,295.88,361.62
TXN03709,2019-12-07,CUS006,PRD015,MKT006,36,836.28,543.58,292.7
TXN01651,2019-12-08,CUS020,PRD014,MKT001,3,75.27,33.87,41.4
TXN02995,2019-12-08,CUS010,PRD008,MKT010,28,299.6,134.82,164.78
TXN00420,2019-12-09,CUS014,PRD009,MKT004,4,233.28,151.63,81.65
TXN00581,2019-12-09,CUS044,PRD017,MKT001,21,1730.4,1124.76,605.64
TXN02619,2019-12-09,CUS002,PRD004,MKT001,30,1119.9,503.96,615.94
TXN03014,2019-12-09,CUS028,PRD015,MKT005,18,464.58,301.98,162.6
TXN03293,2019-12-09,CUS024,PRD002,MKT004,3,78.09,35.14,42.95
TXN03686,2019-12-09,CUS018,PRD020,MKT001,1,69.36,45.08,24.28
TXN04129,2019-12-09,CUS013,PRD009,MKT003,1,64.09,41.66,22.43
TXN01502,2019-12-10,CUS015,PRD009,MKT005,21,1325.31,861.45,463.86
TXN03863,2019-12-10,CUS007,PRD002,MKT001,18,486.36,218.86,267.5
TXN00465,2019-12-11,CUS010,PRD015,MKT002,13,354.25,230.26,123.99
TXN01364,2019-12-11,CUS029,PRD011,MKT003,27,400.95,180.43,220.52
TXN01568,2019-12-11,CUS039,PRD002,MKT010,9,244.89,110.2,134.69
TXN02286,2019-12-11,CUS034,PRD014,MKT007,37,815.11,366.8,448.31
TXN00725,2019-12-12,CUS001,PRD005,MKT002,36,332.64,216.22,116.42
TXN01612,2019-12-12,CUS023,PRD018,MKT004,12,314.04,141.32,172.72
TXN01981,2019-12-13,CUS009,PRD019,MKT010,37,1124.43,730.88,393.55
TXN02067,2019-12-13,CUS037,PRD012,MKT009,25,902.5,586.63,315.87
TXN01189,2019-12-14,CUS001,PRD007,MKT004,21,638.4,414.96,223.44
TXN02249,2019-12-14,CUS005,PRD001,MKT009,4,51.12,23.0,28.12
TXN01808,2019-12-15,CUS003,PRD015,MKT007,27,740.88,481.57,259.31
TXN01811,2019-12-15,CUS039,PRD012,MKT001,16,686.08,445.95,240.13
TXN02172,2019-12-15,CUS044,PRD013,MKT005,25,1323.75,595.69,728.06
TXN00320,2019-12-16,CUS017,PRD015,MKT007,19,441.37,286.89,154.48
TXN00750,2019-12-16,CUS007,PRD009,MKT001,28,1787.24,1161.71,625.53
TXN01614,2019-12-16,CUS011,PRD003,MKT009,12,639.72,415.82,223.9
TXN02411,2019-12-16,CUS028,PRD012,MKT010,18,781.92,508.25,273.67
TXN04911,2019-12-16,CUS045,PRD018,MKT009,16,467.84,210.53,257.31
TXN00973,2019-12-17,CUS002,PRD013,MKT003,22,1101.1,495.5,605.6
TXN02325,2019-12-17,CUS001,PRD009,MKT006,18,1074.78,698.61,376.17
TXN02899,2019-12-17,CUS006,PRD019,MKT003,22,732.16,475.9,256.26
TXN04724,2019-12-18,CUS022,PRD015,MKT009,6,155.58,101.13,54.45
TXN04158,2019-12-19,CUS008,PRD009,MKT001,3,175.89,114.33,61.56
TXN00494,2019-12-20,CUS027,PRD020,MKT007,1,71.21,46.29,24.92
TXN01571,2019-12-20,CUS022,PRD008,MKT006,33,340.23,153.1,187.13
TXN02992,2019-12-20,CUS005,PRD020,MKT009,10,733.6,476.84,256.76
TXN03044,2019-12-20,CUS041,PRD006,MKT008,7,336.14,151.26,184.88
TXN04652,2019-12-20,CUS002,PRD018,MKT002,12,318.72,143.42,175.3
TXN01858,2019-12-21,CUS018,PRD014,MKT002,28,597.24,268.76,328.48
TXN02980,2019-12-21,CUS025,PRD017,MKT001,7,590.94,384.11,206.83
TXN04296,2019-12-21,CUS008,PRD011,MKT003,13,182.13,81.96,100.17
TXN03862,2019-12-22,CUS036,PRD007,MKT002,10,280.3,182.19,98.11
TXN04836,2019-12-22,CUS002,PRD007,MKT004,10,287.6,186.94,100.66
TXN00740,2019-12-23,CUS012,PRD008,MKT005,4,40.08,18.04,22.04
TXN01894,2019-12-23,CUS010,PRD014,MKT003,31,723.23,325.45,397.78
TXN02517,2019-12-23,CUS019,PRD008,MKT010,37,354.46,159.51,194.95
TXN02545,2019-12-23,CUS037,PRD006,MKT001,15,688.5,309.83,378.67
TXN02922,2019-12-23,CUS003,PRD012,MKT002,19,831.06,540.19,290.87
TXN02389,2019-12-24,CUS043,PRD008,MKT002,9,87.57,39.41,48.16
TXN03001,2019-12-24,CUS014,PRD004,MKT003,33,1247.4,561.33,686.07
TXN04738,2019-12-24,CUS007,PRD008,MKT003,28,288.96,130.03,158.93
TXN04387,2019-12-25,CUS003,PRD011,MKT004,30,424.8,191.16,233.64
TXN02853,2019-12-26,CUS028,PRD006,MKT003,3,143.55,64.6,78.95
TXN02990,2019-12-26,CUS002,PRD014,MKT002,34,817.36,367.81,449.55
TXN00339,2019-12-27,CUS039,PRD001,MKT008,24,292.32,131.54,160.78
TXN00989,2019-12-27,CUS009,PRD009,MKT005,33,2104.08,1367.65,736.43
TXN01208,2019-12-27,CUS022,PRD001,MKT007,1,11.83,5.32,6.51
TXN01739,2019-12-27,CUS003,PRD002,MKT003,15,402.9,181.31,221.59
TXN03352,2019-12-27,CUS014,PRD019,MKT007,13,408.85,265.75,143.1
TXN04674,2019-12-27,CUS016,PRD005,MKT002,15,147.0,95.55,51.45
TXN02985,2019-12-29,CUS029,PRD018,MKT004,16,426.4,191.88,234.52
TXN03092,2019-12-29,CUS015,PRD014,MKT007,27,628.02,282.61,345.41
TXN03210,2019-12-29,CUS005,PRD013,MKT004,25,1398.75,629.44,769.31
TXN03339,2019-12-29,CUS010,PRD008,MKT004,1,10.14,4.56,5.58
TXN00692,2019-12-30,CUS046,PRD002,MKT010,36,902.16,405.97,496.19
TXN00754,2019-12-30,CUS015,PRD013,MKT001,27,1485.81,668.61,817.2
TXN02055,2019-12-31,CUS001,PRD008,MKT004,33,319.44,143.75,175.69
TXN02477,2019-12-31,CUS010,PRD017,MKT001,15,1302.3,846.5,455.8
TXN00735,2020-01-02,CUS018,PRD012,MKT008,2,83.76,54.44,29.32
TXN00862,2020-01-02,CUS018,PRD012,MKT007,14,575.4,374.01,201.39
TXN01103,2020-01-02,CUS009,PRD020,MKT001,5,322.8,209.82,112.98
TXN02057,2020-01-02,CUS039,PRD020,MKT002,7,492.45,320.09,172.36
TXN02616,2020-01-02,CUS017,PRD016,MKT004,7,124.25,55.91,68.34
TXN03841,2020-01-02,CUS006,PRD018,MKT007,11,326.04,146.72,179.32
TXN00397,2020-01-03,CUS003,PRD002,MKT001,4,102.36,46.06,56.3
TXN02333,2020-01-03,CUS032,PRD001,MKT009,14,168.0,75.6,92.4
TXN02774,2020-01-03,CUS006,PRD005,MKT001,8,65.6,42.64,22.96
TXN00948,2020-01-04,CUS035,PRD005,MKT002,4,32.36,21.03,11.33
TXN01067,2020-01-04,CUS025,PRD013,MKT001,5,266.6,119.97,146.63
TXN01780,2020-01-04,CUS009,PRD019,MKT006,12,404.28,262.78,141.5
TXN02788,2020-01-04,CUS017,PRD005,MKT001,1,9.01,5.86,3.15
TXN00239,2020-01-05,CUS041,PRD007,MKT007,4,113.4,73.71,39.69
TXN00864,2020-01-05,CUS018,PRD011,MKT006,10,164.8,74.16,90.64
TXN01777,2020-01-05,CUS003,PRD010,MKT003,4,78.2,35.19,43.01
TXN01887,2020-01-05,CUS019,PRD019,MKT007,10,314.0,204.1,109.9
TXN03511,2020-01-05,CUS004,PRD003,MKT009,2,93.56,60.81,32.75
TXN04206,2020-01-05,CUS004,PRD013,MKT006,1,56.44,25.4,31.04
TXN04663,2020-01-05,CUS007,PRD001,MKT003,14,167.72,75.47,92.25
TXN02498,2020-01-06,CUS033,PRD005,MKT009,7,65.73,42.72,23.01
TXN04374,2020-01-06,CUS005,PRD004,MKT001,5,173.95,78.28,95.67
TXN00652,2020-01-07,CUS020,PRD016,MKT005,13,237.64,106.94,130.7
TXN02129,2020-01-07,CUS023,PRD006,MKT003,1,47.53,21.39,26.14
TXN03453,2020-01-07,CUS014,PRD007,MKT008,14,391.3,254.34,136.96
TXN00083,2020-01-08,CUS002,PRD008,MKT002,6,58.02,26.11,31.91
TXN00751,2020-01-08,CUS021,PRD011,MKT001,13,188.76,84.94,103.82
TXN01523,2020-01-08,CUS016,PRD003,MKT005,4,187.4,121.81,65.59
TXN00265,2020-01-09,CUS030,PRD002,MKT007,8,181.44,81.65,99.79
TXN01278,2020-01-09,CUS032,PRD001,MKT003,13,161.98,72.89,89.09
TXN01700,2020-01-09,CUS015,PRD003,MKT004,5,248.45,161.49,86.96
TXN02941,2020-01-09,CUS039,PRD008,MKT005,4,37.08,16.69,20.39
TXN00697,2020-01-12,CUS017,PRD016,MKT001,10,171.2,77.04,94.16
TXN00719,2020-01-12,CUS007,PRD017,MKT002,3,279.21,181.49,97.72
TXN02450,2020-01-12,CUS007,PRD001,MKT004,5,62.85,28.28,34.57
TXN02680,2020-01-12,CUS001,PRD016,MKT009,8,124.88,56.2,68.68
TXN04036,2020-01-12,CUS030,PRD018,MKT002,8,214.4,96.48,117.92
TXN04412,2020-01-12,CUS037,PRD014,MKT005,8,171.36,77.11,94.25
TXN03383,2020-01-13,CUS005,PRD020,MKT003,7,458.85,298.25,160.6
TXN04710,2020-01-13,CUS010,PRD018,MKT001,14,418.74,188.43,230.31
TXN01156,2020-01-14,CUS023,PRD001,MKT001,14,197.96,89.08,108.88
TXN04631,2020-01-14,CUS020,PRD002,MKT006,5,127.2,57.24,69.96
TXN02731,2020-01-15,CUS022,PRD012,MKT008,12,509.88,331.42,178.46
TXN03341,2020-01-15,CUS027,PRD012,MKT002,7,284.2,184.73,99.47
TXN04357,2020-01-15,CUS012,PRD009,MKT002,7,406.28,264.08,142.2
TXN00029,2020-01-16,CUS002,PRD002,MKT008,7,161.63,72.73,88.9
TXN00280,2020-01-17,CUS016,PRD008,MKT004,5,52.7,23.71,28.99
TXN02434,2020-01-17,CUS015,PRD015,MKT005,1,24.7,16.05,8.65
TXN03416,2020-01-17,CUS043,PRD009,MKT001,12,729.36,474.08,255.28
TXN00270,2020-01-18,CUS016,PRD010,MKT009,10,190.6,85.77,104.83
TXN01632,2020-01-18,CUS008,PRD016,MKT008,13,209.69,94.36,115.33
TXN01773,2020-01-18,CUS007,PRD018,MKT002,10,299.0,134.55,164.45
TXN03330,2020-01-18,CUS035,PRD014,MKT003,4,86.92,39.11,47.81
TXN03532,2020-01-18,CUS014,PRD013,MKT008,10,547.4,246.33,301.07
TXN01823,2020-01-19,CUS008,PRD010,MKT004,7,133.35,60.01,73.34
TXN03373,2020-01-19,CUS012,PRD010,MKT010,14,280.14,126.06,154.08
TXN00132,2020-01-20,CUS017,PRD013,MKT004,8,462.8,208.26,254.54
TXN02734,2020-01-20,CUS016,PRD005,MKT003,11,102.19,66.42,35.77
TXN04824,2020-01-20,CUS001,PRD008,MKT003,5,53.95,24.28,29.67
TXN00999,2020-01-21,CUS018,PRD017,MKT003,8,670.16,435.6,234.56
TXN02356,2020-01-21,CUS041,PRD007,MKT005,11,332.75,216.29,116.46
TXN02578,2020-01-21,CUS028,PRD018,MKT001,14,406.56,182.95,223.61
TXN04569,2020-01-21,CUS019,PRD020,MKT001,7,525.91,341.84,184.07
TXN04250,2020-01-22,CUS013,PRD010,MKT001,14,273.0,122.85,150.15
TXN04833,2020-01-23,CUS008,PRD015,MKT010,3,72.15,46.9,25.25
TXN00180,2020-01-24,CUS044,PRD019,MKT008,1,34.06,22.14,11.92
TXN04056,2020-01-24,CUS020,PRD010,MKT002,1,20.0,9.0,11.0
TXN00787,2020-01-25,CUS016,PRD004,MKT007,5,164.7,74.11,90.59
TXN02452,2020-01-25,CUS015,PRD015,MKT003,3,74.79,48.61,26.18
TXN02579,2020-01-25,CUS024,PRD008,MKT004,6,56.4,25.38,31.02
TXN04216,2020-01-27,CUS010,PRD014,MKT001,9,204.48,92.02,112.46
TXN04857,2020-01-27,CUS018,PRD019,MKT001,7,211.89,137.73,74.16
TXN01478,2020-01-29,CUS023,PRD002,MKT010,2,52.94,23.82,29.12
TXN00704,2020-01-30,CUS010,PRD002,MKT001,14,352.52,158.63,193.89
TXN01332,2020-01-30,CUS031,PRD008,MKT001,13,127.92,57.56,70.36
TXN01350,2020-01-30,CUS042,PRD011,MKT007,11,165.66,74.55,91.11
TXN02735,2020-01-30,CUS031,PRD006,MKT001,11,486.09,218.74,267.35
TXN03024,2020-01-30,CUS013,PRD007,MKT004,13,364.78,237.11,127.67
TXN03675,2020-01-30,CUS009,PRD011,MKT001,7,98.98,44.54,54.44
TXN03733,2020-01-30,CUS013,PRD004,MKT009,7,269.22,121.15,148.07
TXN04292,2020-01-30,CUS007,PRD004,MKT002,7,267.26,120.27,146.99
TXN01050,2020-01-31,CUS001,PRD020,MKT002,7,447.09,290.61,156.48
TXN01646,2020-01-31,CUS024,PRD019,MKT001,10,337.8,219.57,118.23
TXN03110,2020-01-31,CUS024,PRD006,MKT007,8,352.88,158.8,194.08
TXN03512,2020-01-31,CUS006,PRD007,MKT001,5,139.85,90.9,48.95
TXN04465,2020-01-31,CUS014,PRD015,MKT001,1,27.12,17.63,9.49
TXN00220,2020-02-02,CUS037,PRD007,MKT007,10,318.8,207.22,111.58
TXN03306,2020-02-02,CUS002,PRD016,MKT001,1,16.71,7.52,9.19
TXN03845,2020-02-02,CUS014,PRD016,MKT008,11,168.63,75.88,92.75
TXN02844,2020-02-03,CUS005,PRD015,MKT009,10,255.0,165.75,89.25
TXN03187,2020-02-04,CUS010,PRD009,MKT010,5,319.85,207.9,111.95
TXN03593,2020-02-04,CUS004,PRD005,MKT001,1,9.33,6.06,3.27
TXN01408,2020-02-05,CUS045,PRD013,MKT002,1,53.25,23.96,29.29
TXN01566,2020-02-05,CUS026,PRD001,MKT007,9,107.64,48.44,59.2
TXN02615,2020-02-05,CUS020,PRD002,MKT007,4,106.32,47.84,58.48
TXN04460,2020-02-06,CUS009,PRD010,MKT004,11,239.03,107.56,131.47
TXN04599,2020-02-06,CUS018,PRD014,MKT003,12,275.28,123.88,151.4
TXN03519,2020-02-07,CUS027,PRD011,MKT002,6,84.36,37.96,46.4
TXN03656,2020-02-07,CUS001,PRD020,MKT007,9,691.02,449.16,241.86
TXN04032,2020-02-07,CUS022,PRD002,MKT010,6,136.8,61.56,75.24
TXN04068,2020-02-07,CUS003,PRD016,MKT002,12,186.48,83.92,102.56
TXN00057,2020-02-08,CUS011,PRD002,MKT006,5,128.05,57.62,70.43
TXN01500,2020-02-09,CUS007,PRD004,MKT002,5,177.6,79.92,97.68
TXN01620,2020-02-09,CUS003,PRD011,MKT001,2,32.46,14.61,17.85
TXN00884,2020-02-10,CUS015,PRD014,MKT002,10,252.8,113.76,139.04
TXN02401,2020-02-10,CUS005,PRD007,MKT002,12,333.24,216.61,116.63
TXN02474,2020-02-10,CUS025,PRD010,MKT001,2,38.56,17.35,21.21
TXN04539,2020-02-10,CUS047,PRD007,MKT003,10,324.5,210.93,113.57
TXN01742,2020-02-11,CUS011,PRD009,MKT004,11,697.4,453.31,244.09
TXN01994,2020-02-11,CUS021,PRD002,MKT004,12,314.88,141.7,173.18
TXN02234,2020-02-11,CUS006,PRD008,MKT007,1,10.93,4.92,6.01
TXN04035,2020-02-11,CUS016,PRD004,MKT003,3,100.74,45.33,55.41
TXN00065,2020-02-12,CUS005,PRD001,MKT010,10,139.0,62.55,76.45
TXN00313,2020-02-12,CUS020,PRD009,MKT001,1,55.64,36.17,19.47
TXN00805,2020-02-12,CUS019,PRD013,MKT004,12,631.44,284.15,347.29
TXN01075,2020-02-12,CUS027,PRD018,MKT002,2,54.04,24.32,29.72
TXN01416,2020-02-12,CUS006,PRD004,MKT008,12,392.52,176.63,215.89
TXN01452,2020-02-12,CUS002,PRD020,MKT002,4,268.28,174.38,93.9
TXN03415,2020-02-12,CUS002,PRD015,MKT010,9,221.58,144.03,77.55
TXN03517,2020-02-12,CUS004,PRD011,MKT001,7,103.32,46.49,56.83
TXN01734,2020-02-13,CUS012,PRD002,MKT003,10,249.2,112.14,137.06
TXN01895,2020-02-14,CUS006,PRD010,MKT006,4,75.2,33.84,41.36
TXN02153,2020-02-14,CUS010,PRD006,MKT008,3,137.07,61.68,75.39
TXN03829,2020-02-14,CUS019,PRD015,MKT010,5,127.35,82.78,44.57
TXN03918,2020-02-14,CUS025,PRD008,MKT002,5,46.1,20.75,25.35
TXN04149,2020-02-14,CUS024,PRD006,MKT006,6,259.44,116.75,142.69
TXN04795,2020-02-14,CUS009,PRD002,MKT007,12,282.36,127.06,155.3
TXN01038,2020-02-15,CUS020,PRD004,MKT004,2,70.54,31.74,38.8
TXN02227,2020-02-15,CUS028,PRD012,MKT003,11,472.23,306.95,165.28
TXN02750,2020-02-16,CUS024,PRD006,MKT004,6,257.52,115.88,141.64
TXN03454,2020-02-16,CUS004,PRD020,MKT005,4,252.48,164.11,88.37
TXN00266,2020-02-17,CUS002,PRD004,MKT001,5,175.5,78.98,96.52
TXN03413,2020-02-17,CUS012,PRD007,MKT006,1,28.53,18.54,9.99
TXN03705,2020-02-17,CUS012,PRD020,MKT005,3,221.97,144.28,77.69
TXN04744,2020-02-17,CUS030,PRD014,MKT004,4,100.28,45.13,55.15
TXN00332,2020-02-18,CUS031,PRD006,MKT004,4,166.92,75.11,91.81
TXN00927,2020-02-18,CUS035,PRD002,MKT002,10,270.2,121.59,148.61
TXN00355,2020-02-19,CUS019,PRD003,MKT002,8,395.28,256.93,138.35
TXN00753,2020-02-19,CUS017,PRD019,MKT006,2,67.38,43.8,23.58
TXN01079,2020-02-19,CUS010,PRD001,MKT005,4,48.2,21.69,26.51
TXN03233,2020-02-19,CUS030,PRD017,MKT001,12,1128.6,733.59,395.01
TXN00788,2020-02-20,CUS032,PRD017,MKT003,12,994.92,646.7,348.22
TXN03315,2020-02-20,CUS040,PRD009,MKT001,1,58.39,37.95,20.44
TXN04633,2020-02-20,CUS022,PRD005,MKT008,6,51.0,33.15,17.85
TXN00039,2020-02-21,CUS024,PRD018,MKT004,4,121.04,54.47,66.57
TXN00133,2020-02-21,CUS008,PRD003,MKT002,11,548.24,356.36,191.88
TXN00498,2020-02-21,CUS044,PRD004,MKT002,9,323.37,145.52,177.85
TXN02361,2020-02-21,CUS016,PRD012,MKT005,1,43.37,28.19,15.18
TXN02851,2020-02-21,CUS011,PRD008,MKT005,12,108.6,48.87,59.73
TXN03725,2020-02-21,CUS010,PRD005,MKT003,1,8.89,5.78,3.11
TXN03814,2020-02-21,CUS002,PRD011,MKT001,6,95.46,42.96,52.5
TXN02246,2020-02-22,CUS009,PRD013,MKT009,4,225.32,101.39,123.93
TXN02974,2020-02-22,CUS021,PRD009,MKT007,11,607.2,394.68,212.52
TXN03568,2020-02-22,CUS013,PRD018,MKT001,4,106.84,48.08,58.76
TXN00383,2020-02-23,CUS012,PRD005,MKT002,5,43.9,28.54,15.36
TXN01499,2020-02-23,CUS007,PRD002,MKT007,5,116.55,52.45,64.1
TXN01908,2020-02-23,CUS018,PRD015,MKT009,11,297.55,193.41,104.14
TXN02471,2020-02-23,CUS004,PRD001,MKT006,12,153.48,69.07,84.41
TXN04018,2020-02-23,CUS017,PRD012,MKT002,10,427.4,277.81,149.59
TXN04436,2020-02-23,CUS010,PRD003,MKT002,8,369.76,240.34,129.42
TXN03500,2020-02-24,CUS025,PRD005,MKT004,1,8.17,5.31,2.86
TXN00966,2020-02-25,CUS025,PRD010,MKT006,8,147.6,66.42,81.18
TXN03856,2020-02-25,CUS019,PRD006,MKT007,9,394.65,177.59,217.06
TXN04334,2020-02-25,CUS042,PRD006,MKT007,5,204.5,92.03,112.47
TXN00993,2020-02-26,CUS023,PRD007,MKT005,11,317.02,206.06,110.96
TXN01816,2020-02-26,CUS024,PRD002,MKT004,3,67.68,30.46,37.22
TXN02362,2020-02-26,CUS036,PRD003,MKT002,4,206.36,134.13,72.23
TXN02581,2020-02-26,CUS020,PRD013,MKT003,10,583.9,262.75,321.15
TXN04649,2020-02-26,CUS008,PRD014,MKT003,6,132.36,59.56,72.8
TXN02175,2020-02-27,CUS007,PRD006,MKT007,2,92.68,41.71,50.97
TXN03835,2020-02-27,CUS005,PRD015,MKT002,10,232.3,151.0,81.3
TXN01429,2020-02-29,CUS007,PRD005,MKT008,6,50.88,33.07,17.81
TXN04442,2020-02-29,CUS004,PRD009,MKT005,10,600.2,390.13,210.07
TXN01129,2020-03-01,CUS009,PRD020,MKT004,7,447.44,290.84,156.6
TXN01070,2020-03-02,CUS008,PRD004,MKT007,14,523.6,235.62,287.98
TXN02534,2020-03-02,CUS009,PRD013,MKT009,14,787.5,354.38,433.12
TXN03823,2020-03-02,CUS025,PRD020,MKT003,9,654.03,425.12,228.91
TXN03921,2020-03-02,CUS029,PRD013,MKT002,1,58.5,26.32,32.18
TXN04234,2020-03-02,CUS025,PRD003,MKT008,7,354.06,230.14,123.92
TXN00944,2020-03-04,CUS020,PRD003,MKT007,14,703.92,457.55,246.37
TXN01425,2020-03-04,CUS026,PRD016,MKT007,13,201.63,90.73,110.9
TXN01520,2020-03-05,CUS039,PRD008,MKT002,4,42.48,19.12,23.36
TXN03619,2020-03-05,CUS017,PRD007,MKT003,12,332.16,215.9,116.26
TXN04753,2020-03-05,CUS010,PRD002,MKT008,8,193.04,86.87,106.17
TXN00045,2020-03-06,CUS023,PRD014,MKT003,12,297.12,133.7,163.42
TXN01419,2020-03-06,CUS009,PRD005,MKT007,14,117.6,76.44,41.16
TXN02010,2020-03-07,CUS011,PRD004,MKT001,12,411.12,185.0,226.12
TXN03071,2020-03-07,CUS026,PRD020,MKT006,13,871.52,566.49,305.03
TXN00212,2020-03-08,CUS028,PRD016,MKT002,2,30.64,13.79,16.85
TXN02141,2020-03-08,CUS048,PRD012,MKT002,4,168.48,109.51,58.97
TXN03217,2020-03-08,CUS031,PRD006,MKT008,4,180.08,81.04,99.04
TXN03650,2020-03-08,CUS039,PRD012,MKT005,1,39.34,25.57,13.77
TXN00892,2020-03-09,CUS006,PRD011,MKT002,10,153.6,69.12,84.48
TXN01053,2020-03-09,CUS030,PRD014,MKT003,14,345.66,155.55,190.11
TXN01738,2020-03-09,CUS034,PRD020,MKT006,6,399.12,259.43,139.69
TXN02779,2020-03-09,CUS003,PRD009,MKT003,15,956.1,621.47,334.63
TXN03798,2020-03-09,CUS024,PRD014,MKT005,5,116.75,52.54,64.21
TXN01243,2020-03-10,CUS025,PRD015,MKT007,6,137.16,89.15,48.01
TXN04756,2020-03-10,CUS040,PRD020,MKT007,13,936.26,608.57,327.69
TXN01338,2020-03-11,CUS014,PRD001,MKT001,12,151.8,68.31,83.49
TXN04108,2020-03-11,CUS029,PRD003,MKT005,8,383.04,248.98,134.06
TXN03347,2020-03-13,CUS025,PRD002,MKT005,5,128.9,58.01,70.89
TXN03074,2020-03-14,CUS015,PRD011,MKT008,12,192.24,86.51,105.73
TXN03674,2020-03-14,CUS005,PRD002,MKT004,13,295.75,133.09,162.66
TXN03700,2020-03-14,CUS015,PRD020,MKT009,11,773.85,503.0,270.85
TXN02262,2020-03-15,CUS014,PRD006,MKT003,16,688.0,309.6,378.4
TXN02957,2020-03-15,CUS030,PRD010,MKT008,11,202.18,90.98,111.2
TXN04626,2020-03-16,CUS009,PRD005,MKT007,12,108.6,70.59,38.01
TXN00255,2020-03-17,CUS032,PRD011,MKT007,11,162.36,73.06,89.3
TXN01718,2020-03-17,CUS030,PRD014,MKT007,4,101.04,45.47,55.57
TXN02509,2020-03-17,CUS002,PRD014,MKT001,10,226.8,102.06,124.74
TXN04009,2020-03-17,CUS010,PRD012,MKT004,8,323.52,210.29,113.23
TXN04417,2020-03-17,CUS004,PRD005,MKT001,1,8.63,5.61,3.02
TXN00183,2020-03-18,CUS030,PRD005,MKT007,13,105.3,68.44,36.86
TXN01817,2020-03-18,CUS015,PRD008,MKT004,7,65.87,29.64,36.23
TXN02828,2020-03-18,CUS006,PRD016,MKT003,11,177.87,80.04,97.83
TXN04816,2020-03-18,CUS034,PRD011,MKT003,6,89.64,40.34,49.3
TXN01083,2020-03-19,CUS019,PRD017,MKT002,16,1419.2,922.48,496.72
TXN02770,2020-03-19,CUS029,PRD018,MKT001,11,312.95,140.83,172.12
TXN02880,2020-03-19,CUS001,PRD010,MKT003,14,298.34,134.25,164.09
TXN03462,2020-03-19,CUS008,PRD019,MKT007,1,30.53,19.84,10.69
TXN01784,2020-03-20,CUS001,PRD003,MKT001,15,815.85,530.3,285.55
TXN04107,2020-03-20,CUS006,PRD017,MKT006,13,1216.28,790.58,425.7
TXN00088,2020-03-22,CUS015,PRD006,MKT003,13,597.48,268.87,328.61
TXN00606,2020-03-22,CUS015,PRD014,MKT008,8,187.04,84.17,102.87
TXN01088,2020-03-22,CUS004,PRD006,MKT006,2,81.26,36.57,44.69
TXN03270,2020-03-22,CUS023,PRD012,MKT002,12,498.96,324.32,174.64
TXN04708,2020-03-22,CUS020,PRD004,MKT009,17,649.74,292.38,357.36
TXN00699,2020-03-23,CUS041,PRD013,MKT004,12,702.6,316.17,386.43
TXN02485,2020-03-24,CUS027,PRD019,MKT009,3,98.97,64.33,34.64
TXN02527,2020-03-24,CUS019,PRD015,MKT006,2,47.24,30.71,16.53
TXN03925,2020-03-24,CUS014,PRD006,MKT002,17,764.32,343.94,420.38
TXN03926,2020-03-24,CUS008,PRD009,MKT003,4,240.0,156.0,84.0
TXN00545,2020-03-25,CUS019,PRD020,MKT003,4,261.84,170.2,91.64
TXN01828,2020-03-25,CUS004,PRD018,MKT005,5,127.8,57.51,70.29
TXN03216,2020-03-25,CUS039,PRD018,MKT003,1,27.76,12.49,15.27
TXN03908,2020-03-25,CUS007,PRD016,MKT004,4,63.0,28.35,34.65
TXN03280,2020-03-26,CUS029,PRD013,MKT001,14,744.38,334.97,409.41
TXN01121,2020-03-27,CUS014,PRD002,MKT001,14,328.58,147.86,180.72
TXN01544,2020-03-27,CUS025,PRD014,MKT009,14,297.64,133.94,163.7
TXN03934,2020-03-27,CUS015,PRD002,MKT006,1,24.01,10.8,13.21
TXN01146,2020-03-28,CUS031,PRD016,MKT004,15,271.8,122.31,149.49
TXN02167,2020-03-28,CUS035,PRD012,MKT006,6,261.3,169.84,91.46
TXN03131,2020-03-28,CUS006,PRD011,MKT005,9,124.92,56.21,68.71
TXN00173,2020-03-29,CUS022,PRD013,MKT004,15,792.15,356.47,435.68
TXN00188,2020-03-29,CUS040,PRD001,MKT007,14,182.7,82.22,100.48
TXN00219,2020-03-29,CUS010,PRD004,MKT004,2,70.4,31.68,38.72
TXN02131,2020-03-29,CUS007,PRD015,MKT002,13,311.09,202.21,108.88
TXN03276,2020-03-29,CUS009,PRD018,MKT001,16,473.6,213.12,260.48
TXN00667,2020-03-30,CUS001,PRD008,MKT005,6,60.54,27.24,33.3
TXN03040,2020-03-30,CUS024,PRD018,MKT001,1,25.89,11.65,14.24
TXN00614,2020-03-31,CUS024,PRD013,MKT004,14,748.02,336.61,411.41
TXN00916,2020-03-31,CUS026,PRD020,MKT007,2,130.94,85.11,45.83
TXN02944,2020-03-31,CUS034,PRD004,MKT010,12,456.36,205.36,251.0
TXN03849,2020-03-31,CUS042,PRD001,MKT003,7,86.59,38.97,47.62
TXN04410,2020-03-31,CUS033,PRD007,MKT004,3,90.42,58.77,31.65
TXN04175,2020-04-01,CUS019,PRD014,MKT008,13,318.5,143.33,175.17
TXN00555,2020-04-02,CUS023,PRD017,MKT003,17,1587.46,1031.85,555.61
TXN00732,2020-04-02,CUS036,PRD012,MKT008,3,119.13,77.43,41.7
TXN01546,2020-04-03,CUS039,PRD016,MKT005,15,246.9,111.11,135.79
TXN00687,2020-04-04,CUS026,PRD012,MKT002,16,612.64,398.22,214.42
TXN01931,2020-04-04,CUS006,PRD004,MKT003,1,36.11,16.25,19.86
TXN01957,2020-04-04,CUS018,PRD020,MKT005,17,1170.28,760.68,409.6
TXN03743,2020-04-04,CUS042,PRD016,MKT007,18,291.06,130.98,160.08
TXN01559,2020-04-05,CUS024,PRD002,MKT008,4,107.08,48.19,58.89
TXN03321,2020-04-05,CUS019,PRD007,MKT002,14,409.5,266.18,143.32
TXN00376,2020-04-06,CUS009,PRD015,MKT007,1,25.3,16.45,8.85
TXN00564,2020-04-06,CUS005,PRD002,MKT008,7,158.13,71.16,86.97
TXN02564,2020-04-06,CUS031,PRD009,MKT007,1,64.44,41.89,22.55
TXN03371,2020-04-06,CUS004,PRD009,MKT001,8,525.2,341.38,183.82
TXN03764,2020-04-06,CUS010,PRD012,MKT002,12,509.28,331.03,178.25
TXN01004,2020-04-07,CUS006,PRD013,MKT005,17,885.53,398.49,487.04
TXN01195,2020-04-07,CUS021,PRD020,MKT006,13,836.16,543.5,292.66
TXN02315,2020-04-07,CUS014,PRD017,MKT001,7,597.66,388.48,209.18
TXN03866,2020-04-07,CUS033,PRD012,MKT007,13,497.51,323.38,174.13
TXN04821,2020-04-07,CUS032,PRD020,MKT004,17,1233.18,801.57,431.61
TXN00915,2020-04-08,CUS001,PRD016,MKT001,6,111.12,50.0,61.12
TXN03865,2020-04-08,CUS048,PRD006,MKT007,15,728.55,327.85,400.7
TXN04411,2020-04-08,CUS002,PRD001,MKT008,14,179.48,80.77,98.71
TXN04180,2020-04-10,CUS003,PRD015,MKT006,11,263.12,171.03,92.09
TXN02170,2020-04-11,CUS001,PRD005,MKT002,13,105.43,68.53,36.9
TXN03606,2020-04-11,CUS019,PRD011,MKT002,15,234.3,105.44,128.86
TXN00483,2020-04-13,CUS012,PRD015,MKT001,7,170.31,110.7,59.61
TXN02549,2020-04-13,CUS025,PRD017,MKT009,2,165.64,107.67,57.97
TXN03032,2020-04-13,CUS044,PRD003,MKT002,10,543.4,353.21,190.19
TXN03801,2020-04-13,CUS002,PRD003,MKT009,9,447.75,291.04,156.71
TXN01635,2020-04-14,CUS004,PRD009,MKT002,5,325.7,211.71,113.99
TXN03388,2020-04-14,CUS033,PRD019,MKT007,15,501.0,325.65,175.35
TXN04768,2020-04-14,CUS015,PRD007,MKT001,16,503.84,327.5,176.34
TXN04991,2020-04-14,CUS009,PRD007,MKT006,2,62.44,40.59,21.85
TXN00015,2020-04-16,CUS019,PRD001,MKT006,1,12.29,5.53,6.76
TXN00162,2020-04-16,CUS020,PRD008,MKT006,14,132.86,59.79,73.07
TXN01691,2020-04-16,CUS012,PRD012,MKT003,13,548.6,356.59,192.01
TXN03706,2020-04-16,CUS008,PRD006,MKT003,10,489.9,220.46,269.44
TXN03870,2020-04-17,CUS004,PRD017,MKT007,18,1545.3,1004.44,540.86
TXN00861,2020-04-18,CUS017,PRD004,MKT004,5,177.4,79.83,97.57
TXN01768,2020-04-18,CUS003,PRD017,MKT004,15,1370.55,890.86,479.69
TXN04680,2020-04-18,CUS001,PRD006,MKT002,15,688.8,309.96,378.84
TXN01982,2020-04-19,CUS023,PRD003,MKT002,12,630.48,409.81,220.67
TXN01296,2020-04-20,CUS016,PRD012,MKT006,14,599.48,389.66,209.82
TXN02898,2020-04-20,CUS003,PRD003,MKT009,8,417.12,271.13,145.99
TXN02972,2020-04-20,CUS003,PRD005,MKT006,2,19.06,12.39,6.67
TXN03445,2020-04-20,CUS023,PRD015,MKT003,17,441.32,286.86,154.46
TXN00334,2020-04-21,CUS002,PRD009,MKT006,2,124.32,80.81,43.51
TXN01489,2020-04-21,CUS016,PRD015,MKT001,1,25.57,16.62,8.95
TXN01796,2020-04-21,CUS018,PRD008,MKT005,12,113.16,50.92,62.24
TXN03804,2020-04-21,CUS009,PRD002,MKT001,1,26.59,11.97,14.62
TXN03491,2020-04-22,CUS008,PRD010,MKT004,7,148.19,66.69,81.5
TXN00143,2020-04-23,CUS033,PRD009,MKT002,11,686.95,446.52,240.43
TXN00172,2020-04-23,CUS015,PRD013,MKT009,7,416.92,187.61,229.31
TXN02912,2020-04-23,CUS027,PRD018,MKT002,13,345.15,155.32,189.83
TXN04022,2020-04-23,CUS010,PRD005,MKT005,11,108.68,70.64,38.04
TXN04426,2020-04-24,CUS003,PRD008,MKT005,10,108.2,48.69,59.51
TXN00175,2020-04-25,CUS035,PRD003,MKT003,15,817.2,531.18,286.02
TXN00812,2020-04-25,CUS023,PRD019,MKT006,2,62.16,40.4,21.76
TXN03368,2020-04-25,CUS005,PRD004,MKT006,10,330.8,148.86,181.94
TXN04090,2020-04-25,CUS044,PRD009,MKT007,3,173.13,112.53,60.6
TXN01928,2020-04-26,CUS024,PRD013,MKT003,2,99.46,44.76,54.7
TXN02924,2020-04-26,CUS013,PRD013,MKT002,13,767.52,345.38,422.14
TXN00799,2020-04-27,CUS018,PRD018,MKT002,17,442.51,199.13,243.38
TXN00221,2020-04-28,CUS003,PRD006,MKT001,3,141.99,63.9,78.09
TXN00987,2020-04-28,CUS005,PRD014,MKT007,16,373.28,167.98,205.3
TXN01211,2020-04-28,CUS004,PRD015,MKT009,12,309.72,201.32,108.4
TXN01329,2020-04-28,CUS030,PRD020,MKT005,15,1084.65,705.02,379.63
TXN02096,2020-04-28,CUS033,PRD009,MKT007,3,186.63,121.31,65.32
TXN04667,2020-04-28,CUS014,PRD015,MKT007,16,420.32,273.21,147.11
TXN00523,2020-04-29,CUS009,PRD018,MKT009,9,261.99,117.9,144.09
TXN01221,2020-04-29,CUS033,PRD008,MKT009,9,97.56,43.9,53.66
TXN01394,2020-04-29,CUS040,PRD016,MKT005,18,281.16,126.52,154.64
TXN01586,2020-04-30,CUS002,PRD003,MKT008,5,272.8,177.32,95.48
TXN02858,2020-05-01,CUS015,PRD014,MKT004,13,277.16,124.72,152.44
TXN04648,2020-05-01,CUS022,PRD001,MKT001,19,257.64,115.94,141.7
TXN04657,2020-05-01,CUS017,PRD014,MKT006,16,400.16,180.07,220.09
TXN04868,2020-05-01,CUS003,PRD008,MKT010,10,102.8,46.26,56.54
TXN00519,2020-05-02,CUS013,PRD020,MKT010,3,218.85,142.25,76.6
TXN00935,2020-05-02,CUS007,PRD014,MKT003,11,231.66,104.25,127.41
TXN01492,2020-05-02,CUS038,PRD012,MKT009,18,774.18,503.22,270.96
TXN01938,2020-05-02,CUS004,PRD001,MKT007,6,71.46,32.16,39.3
TXN03861,2020-05-02,CUS021,PRD006,MKT004,1,45.75,20.59,25.16
TXN00032,2020-05-03,CUS008,PRD003,MKT006,11,529.65,344.27,185.38
TXN01477,2020-05-03,CUS006,PRD001,MKT001,1,12.57,5.66,6.91
TXN04505,2020-05-03,CUS001,PRD011,MKT008,1,15.1,6.79,8.31
TXN02419,2020-05-04,CUS024,PRD006,MKT010,8,326.88,147.1,179.78
TXN02674,2020-05-04,CUS025,PRD009,MKT001,16,992.16,644.9,347.26
TXN01359,2020-05-05,CUS027,PRD012,MKT004,19,760.57,494.37,266.2
TXN03329,2020-05-05,CUS035,PRD015,MKT010,7,190.61,123.9,66.71
TXN03594,2020-05-05,CUS031,PRD011,MKT005,4,59.08,26.59,32.49
TXN03638,2020-05-05,CUS019,PRD012,MKT003,3,110.4,71.76,38.64
TXN03770,2020-05-05,CUS016,PRD003,MKT007,13,634.92,412.7,222.22
TXN04391,2020-05-05,CUS031,PRD009,MKT005,8,510.08,331.55,178.53
TXN04497,2020-05-05,CUS047,PRD012,MKT005,19,761.14,494.74,266.4
TXN00117,2020-05-06,CUS005,PRD002,MKT001,11,285.34,128.4,156.94
TXN04531,2020-05-06,CUS030,PRD001,MKT002,12,161.88,72.85,89.03
TXN04953,2020-05-06,CUS011,PRD014,MKT003,13,304.46,137.01,167.45
TXN00407,2020-05-07,CUS018,PRD017,MKT006,13,1130.48,734.81,395.67
TXN02883,2020-05-07,CUS019,PRD016,MKT008,6,104.52,47.03,57.49
TXN03774,2020-05-07,CUS003,PRD014,MKT007,14,342.58,154.16,188.42
TXN04252,2020-05-07,CUS008,PRD017,MKT009,3,285.81,185.78,100.03
TXN00155,2020-05-08,CUS016,PRD012,MKT002,16,608.32,395.41,212.91
TXN00307,2020-05-08,CUS007,PRD008,MKT001,12,122.16,54.97,67.19
TXN02051,2020-05-08,CUS018,PRD008,MKT003,12,116.4,52.38,64.02
TXN04415,2020-05-08,CUS019,PRD018,MKT003,5,139.25,62.66,76.59
TXN01326,2020-05-09,CUS031,PRD007,MKT003,13,359.45,233.64,125.81
TXN01905,2020-05-09,CUS033,PRD019,MKT004,9,303.93,197.55,106.38
TXN02288,2020-05-09,CUS034,PRD014,MKT008,10,226.3,101.84,124.46
TXN03269,2020-05-09,CUS049,PRD011,MKT006,3,46.92,21.11,25.81
TXN03635,2020-05-10,CUS029,PRD002,MKT001,8,201.68,90.76,110.92
TXN04835,2020-05-10,CUS045,PRD017,MKT008,18,1757.16,1142.15,615.01
TXN04904,2020-05-10,CUS012,PRD018,MKT003,18,502.38,226.07,276.31
TXN01495,2020-05-11,CUS006,PRD002,MKT009,6,159.0,71.55,87.45
TXN04384,2020-05-11,CUS009,PRD013,MKT008,3,174.42,78.49,95.93
TXN03279,2020-05-12,CUS001,PRD018,MKT001,9,246.51,110.93,135.58
TXN03873,2020-05-12,CUS043,PRD009,MKT001,11,634.7,412.56,222.14
TXN00218,2020-05-13,CUS014,PRD009,MKT001,7,440.58,286.38,154.2
TXN01542,2020-05-13,CUS006,PRD016,MKT006,2,31.3,14.09,17.21
TXN02089,2020-05-13,CUS008,PRD008,MKT003,16,156.64,70.49,86.15
TXN00985,2020-05-14,CUS018,PRD020,MKT003,8,527.28,342.73,184.55
TXN01960,2020-05-14,CUS010,PRD016,MKT010,6,101.04,45.47,55.57
TXN02121,2020-05-14,CUS038,PRD019,MKT009,13,434.85,282.65,152.2
TXN03278,2020-05-15,CUS001,PRD016,MKT004,10,170.3,76.64,93.66
TXN04799,2020-05-15,CUS017,PRD020,MKT003,16,1102.56,716.66,385.9
TXN00369,2020-05-16,CUS026,PRD009,MKT002,5,315.2,204.88,110.32
TXN01964,2020-05-16,CUS028,PRD009,MKT005,3,183.78,119.46,64.32
TXN03386,2020-05-16,CUS002,PRD013,MKT004,6,323.16,145.42,177.74
TXN01206,2020-05-17,CUS029,PRD007,MKT004,10,295.2,191.88,103.32
TXN02650,2020-05-17,CUS007,PRD001,MKT004,8,113.04,50.87,62.17
TXN00921,2020-05-18,CUS017,PRD008,MKT007,13,127.01,57.15,69.86
TXN02394,2020-05-18,CUS007,PRD004,MKT002,18,649.8,292.41,357.39
TXN02804,2020-05-18,CUS012,PRD013,MKT001,18,992.88,446.8,546.08
TXN04726,2020-05-18,CUS006,PRD005,MKT002,1,8.26,5.37,2.89
TXN04800,2020-05-18,CUS010,PRD004,MKT002,16,518.4,233.28,285.12
TXN04874,2020-05-18,CUS018,PRD020,MKT005,7,448.14,291.29,156.85
TXN03051,2020-05-19,CUS002,PRD015,MKT003,1,26.55,17.26,9.29
TXN04378,2020-05-19,CUS011,PRD001,MKT008,19,237.69,106.96,130.73
TXN04630,2020-05-19,CUS008,PRD010,MKT007,11,214.5,96.53,117.97
TXN00421,2020-05-20,CUS025,PRD010,MKT005,11,202.62,91.18,111.44
TXN03807,2020-05-20,CUS018,PRD007,MKT007,3,83.43,54.23,29.2
TXN00366,2020-05-21,CUS014,PRD004,MKT002,18,663.3,298.49,364.81
TXN02621,2020-05-23,CUS005,PRD013,MKT001,9,458.91,206.51,252.4
TXN01659,2020-05-24,CUS048,PRD005,MKT001,16,139.52,90.69,48.83
TXN02301,2020-05-24,CUS008,PRD016,MKT002,17,317.22,142.75,174.47
TXN02653,2020-05-24,CUS015,PRD004,MKT001,13,455.39,204.93,250.46
TXN02814,2020-05-24,CUS016,PRD008,MKT007,13,133.77,60.2,73.57
TXN03023,2020-05-24,CUS006,PRD013,MKT007,1,52.72,23.72,29.0
TXN03628,2020-05-24,CUS042,PRD011,MKT008,12,172.92,77.81,95.11
TXN03992,2020-05-24,CUS001,PRD012,MKT002,11,431.53,280.49,151.04
TXN04046,2020-05-24,CUS020,PRD003,MKT003,16,798.56,519.06,279.5
TXN04049,2020-05-24,CUS020,PRD016,MKT004,4,62.28,28.03,34.25
TXN04450,2020-05-24,CUS015,PRD017,MKT006,8,781.92,508.25,273.67
TXN04752,2020-05-24,CUS019,PRD017,MKT005,10,860.9,559.59,301.31
TXN00597,2020-05-25,CUS001,PRD002,MKT003,5,119.3,53.69,65.61
TXN02547,2020-05-25,CUS001,PRD016,MKT007,4,71.68,32.26,39.42
TXN03642,2020-05-25,CUS009,PRD011,MKT003,6,85.56,38.5,47.06
TXN00825,2020-05-26,CUS005,PRD015,MKT003,9,212.31,138.0,74.31
TXN01939,2020-05-26,CUS028,PRD006,MKT005,1,46.03,20.71,25.32
TXN02150,2020-05-26,CUS005,PRD013,MKT006,9,447.66,201.45,246.21
TXN03481,2020-05-26,CUS007,PRD010,MKT001,9,192.78,86.75,106.03
TXN01787,2020-05-27,CUS005,PRD014,MKT008,6,150.66,67.8,82.86
TXN01922,2020-05-27,CUS040,PRD005,MKT006,9,87.3,56.74,30.56
TXN01174,2020-05-28,CUS015,PRD005,MKT009,1,8.27,5.38,2.89
TXN02378,2020-05-28,CUS038,PRD008,MKT002,16,145.6,65.52,80.08
TXN00105,2020-05-29,CUS007,PRD015,MKT002,18,453.06,294.49,158.57
TXN02276,2020-05-29,CUS025,PRD014,MKT002,18,423.18,190.43,232.75
TXN03045,2020-05-29,CUS014,PRD001,MKT001,1,13.69,6.16,7.53
TXN02290,2020-05-30,CUS022,PRD007,MKT006,6,197.34,128.27,69.07
TXN03879,2020-05-30,CUS012,PRD018,MKT001,1,30.18,13.58,16.6
TXN00398,2020-05-31,CUS030,PRD006,MKT003,9,442.08,198.94,243.14
TXN02327,2020-05-31,CUS041,PRD015,MKT006,12,295.68,192.19,103.49
TXN02630,2020-06-01,CUS015,PRD010,MKT004,5,99.2,44.64,54.56
TXN03974,2020-06-01,CUS035,PRD012,MKT007,4,172.8,112.32,60.48
TXN03513,2020-06-02,CUS017,PRD016,MKT001,20,338.8,152.46,186.34
TXN02692,2020-06-04,CUS012,PRD001,MKT002,6,84.96,38.23,46.73
TXN03165,2020-06-04,CUS038,PRD020,MKT002,11,701.14,455.74,245.4
TXN00759,2020-06-05,CUS015,PRD005,MKT008,8,73.36,47.68,25.68
TXN02044,2020-06-05,CUS018,PRD013,MKT002,16,818.72,368.42,450.3
TXN03107,2020-06-05,CUS010,PRD011,MKT003,21,335.58,151.01,184.57
TXN00156,2020-06-06,CUS023,PRD018,MKT004,8,231.84,104.33,127.51
TXN00507,2020-06-06,CUS028,PRD018,MKT006,3,79.41,35.73,43.68
TXN00694,2020-06-06,CUS001,PRD010,MKT009,1,18.61,8.37,10.24
TXN02644,2020-06-06,CUS048,PRD005,MKT010,5,48.2,31.33,16.87
TXN02737,2020-06-06,CUS022,PRD010,MKT010,11,223.85,100.73,123.12
TXN02846,2020-06-06,CUS039,PRD014,MKT008,8,170.32,76.64,93.68
TXN00894,2020-06-07,CUS005,PRD006,MKT007,17,729.81,328.41,401.4
TXN01222,2020-06-07,CUS009,PRD019,MKT007,8,248.64,161.62,87.02
TXN01356,2020-06-07,CUS028,PRD004,MKT009,18,588.06,264.63,323.43
TXN04585,2020-06-07,CUS002,PRD008,MKT009,5,48.55,21.85,26.7
TXN00644,2020-06-08,CUS022,PRD010,MKT010,7,138.95,62.53,76.42
TXN01726,2020-06-08,CUS027,PRD009,MKT009,3,196.95,128.02,68.93
TXN04286,2020-06-08,CUS010,PRD012,MKT001,3,131.55,85.51,46.04
TXN01205,2020-06-09,CUS024,PRD005,MKT002,4,33.76,21.94,11.82
TXN03938,2020-06-09,CUS036,PRD017,MKT001,11,1040.38,676.25,364.13
TXN00167,2020-06-10,CUS038,PRD019,MKT010,8,276.96,180.02,96.94
TXN01355,2020-06-10,CUS003,PRD020,MKT004,8,520.08,338.05,182.03
TXN01505,2020-06-10,CUS012,PRD007,MKT002,15,459.45,298.64,160.81
TXN02252,2020-06-10,CUS004,PRD014,MKT003,17,403.92,181.76,222.16
TXN04745,2020-06-11,CUS006,PRD008,MKT009,20,200.8,90.36,110.44
TXN01304,2020-06-12,CUS049,PRD016,MKT007,21,383.67,172.65,211.02
TXN01704,2020-06-12,CUS038,PRD011,MKT006,11,179.08,80.59,98.49
TXN03719,2020-06-12,CUS012,PRD001,MKT001,17,234.77,105.65,129.12
TXN02813,2020-06-13,CUS043,PRD013,MKT004,13,714.61,321.57,393.04
TXN04754,2020-06-13,CUS014,PRD017,MKT004,1,81.67,53.09,28.58
TXN01948,2020-06-14,CUS045,PRD001,MKT008,10,131.0,58.95,72.05
TXN03499,2020-06-14,CUS021,PRD001,MKT006,9,107.46,48.36,59.1
TXN01945,2020-06-15,CUS034,PRD003,MKT005,4,214.8,139.62,75.18
TXN03441,2020-06-15,CUS024,PRD008,MKT002,2,18.88,8.5,10.38
TXN04665,2020-06-15,CUS040,PRD009,MKT004,17,998.58,649.08,349.5
TXN04977,2020-06-16,CUS012,PRD003,MKT001,2,95.2,61.88,33.32
TXN02005,2020-06-17,CUS037,PRD006,MKT007,9,415.98,187.19,228.79
TXN03331,2020-06-17,CUS041,PRD019,MKT001,19,594.32,386.31,208.01
TXN03483,2020-06-17,CUS019,PRD013,MKT008,5,297.45,133.85,163.6
TXN04369,2020-06-17,CUS002,PRD015,MKT003,3,80.61,52.4,28.21
TXN00565,2020-06-18,CUS041,PRD002,MKT001,11,256.3,115.34,140.96
TXN01302,2020-06-18,CUS011,PRD004,MKT008,14,443.94,199.77,244.17
TXN03039,2020-06-18,CUS042,PRD004,MKT008,17,611.66,275.25,336.41
TXN01241,2020-06-20,CUS007,PRD010,MKT002,16,331.68,149.26,182.42
TXN03604,2020-06-20,CUS044,PRD007,MKT005,16,488.0,317.2,170.8
TXN03379,2020-06-21,CUS004,PRD005,MKT010,5,49.3,32.05,17.25
TXN03955,2020-06-21,CUS022,PRD012,MKT007,21,768.81,499.73,269.08
TXN02199,2020-06-22,CUS015,PRD018,MKT002,4,107.64,48.44,59.2
TXN02302,2020-06-22,CUS028,PRD004,MKT004,15,540.45,243.2,297.25
TXN02505,2020-06-22,CUS014,PRD019,MKT010,5,152.4,99.06,53.34
TXN02556,2020-06-22,CUS015,PRD020,MKT006,16,1100.48,715.31,385.17
TXN00575,2020-06-23,CUS014,PRD006,MKT008,16,656.8,295.56,361.24
TXN01184,2020-06-23,CUS016,PRD020,MKT005,10,737.2,479.18,258.02
TXN02319,2020-06-23,CUS013,PRD008,MKT009,6,57.78,26.0,31.78
TXN01835,2020-06-24,CUS035,PRD004,MKT007,1,35.65,16.04,19.61
TXN04970,2020-06-24,CUS021,PRD006,MKT009,19,805.98,362.69,443.29
TXN01021,2020-06-25,CUS027,PRD003,MKT001,11,547.25,355.71,191.54
TXN04769,2020-06-25,CUS036,PRD016,MKT003,13,235.56,106.0,129.56
TXN03116,2020-06-26,CUS018,PRD013,MKT004,6,343.08,154.39,188.69
TXN01434,2020-06-27,CUS022,PRD008,MKT001,14,140.28,63.13,77.15
TXN01993,2020-06-27,CUS015,PRD010,MKT002,13,248.56,111.85,136.71
TXN02645,2020-06-27,CUS025,PRD016,MKT002,5,92.15,41.47,50.68
TXN00121,2020-06-28,CUS031,PRD002,MKT001,8,203.76,91.69,112.07
TXN02780,2020-06-29,CUS025,PRD015,MKT008,14,381.36,247.88,133.48
TXN02425,2020-06-30,CUS003,PRD009,MKT006,18,1169.1,759.91,409.19
TXN00303,2020-07-01,CUS014,PRD003,MKT001,10,536.3,348.6,187.7
TXN01305,2020-07-01,CUS036,PRD018,MKT008,16,463.04,208.37,254.67
TXN01677,2020-07-01,CUS021,PRD003,MKT008,3,151.32,98.36,52.96
TXN04737,2020-07-01,CUS005,PRD012,MKT010,1,41.06,26.69,14.37
TXN01785,2020-07-02,CUS008,PRD004,MKT001,18,636.3,286.34,349.96
TXN02811,2020-07-02,CUS030,PRD019,MKT008,7,246.4,160.16,86.24
TXN04166,2020-07-02,CUS005,PRD005,MKT006,1,8.4,5.46,2.94
TXN04500,2020-07-02,CUS039,PRD009,MKT004,5,270.2,175.63,94.57
TXN00648,2020-07-03,CUS035,PRD002,MKT007,4,92.24,41.51,50.73
TXN02029,2020-07-03,CUS024,PRD016,MKT007,14,237.86,107.04,130.82
TXN02575,2020-07-03,CUS039,PRD018,MKT005,6,161.64,72.74,88.9
TXN04471,2020-07-03,CUS004,PRD017,MKT007,14,1185.1,770.32,414.78
TXN00504,2020-07-04,CUS026,PRD003,MKT009,8,424.48,275.91,148.57
TXN00126,2020-07-05,CUS019,PRD016,MKT002,13,227.5,102.38,125.12
TXN00593,2020-07-05,CUS026,PRD013,MKT001,12,621.84,279.83,342.01
TXN02806,2020-07-05,CUS016,PRD020,MKT003,1,68.12,44.28,23.84
TXN01709,2020-07-06,CUS003,PRD002,MKT005,8,181.04,81.47,99.57
TXN03430,2020-07-06,CUS003,PRD004,MKT010,20,709.8,319.41,390.39
TXN00096,2020-07-07,CUS020,PRD019,MKT007,12,390.72,253.97,136.75
TXN01593,2020-07-07,CUS004,PRD003,MKT004,2,96.56,62.76,33.8
TXN03882,2020-07-07,CUS002,PRD004,MKT001,9,326.97,147.14,179.83
TXN04128,2020-07-07,CUS001,PRD013,MKT003,20,1070.6,481.77,588.83
TXN03649,2020-07-08,CUS014,PRD011,MKT005,15,216.6,97.47,119.13
TXN00961,2020-07-10,CUS013,PRD010,MKT002,12,255.72,115.07,140.65
TXN01705,2020-07-10,CUS044,PRD011,MKT010,4,62.88,28.3,34.58
TXN03691,2020-07-10,CUS009,PRD017,MKT007,12,1162.68,755.74,406.94
TXN04333,2020-07-10,CUS007,PRD019,MKT003,12,408.24,265.36,142.88
TXN00505,2020-07-11,CUS017,PRD006,MKT010,16,658.88,296.5,362.38
TXN00829,2020-07-11,CUS024,PRD010,MKT002,4,72.76,32.74,40.02
TXN03998,2020-07-11,CUS032,PRD018,MKT004,3,81.48,36.67,44.81
TXN01140,2020-07-12,CUS011,PRD013,MKT009,1,52.68,23.71,28.97
TXN04066,2020-07-12,CUS011,PRD006,MKT004,18,884.16,397.87,486.29
TXN00137,2020-07-13,CUS013,PRD010,MKT004,12,242.28,109.03,133.25
TXN00204,2020-07-13,CUS024,PRD007,MKT003,1,28.08,18.25,9.83
TXN01473,2020-07-13,CUS005,PRD008,MKT002,1,10.77,4.85,5.92
TXN02508,2020-07-13,CUS008,PRD015,MKT004,19,493.05,320.48,172.57
TXN03727,2020-07-13,CUS034,PRD009,MKT001,1,55.14,35.84,19.3
TXN01845,2020-07-14,CUS035,PRD014,MKT009,12,302.76,136.24,166.52
TXN02314,2020-07-14,CUS001,PRD005,MKT006,6,51.18,33.27,17.91
TXN02694,2020-07-14,CUS017,PRD018,MKT009,1,28.0,12.6,15.4
TXN04244,2020-07-14,CUS023,PRD008,MKT008,18,183.06,82.38,100.68
TXN04319,2020-07-14,CUS017,PRD009,MKT004,14,907.76,590.04,317.72
TXN02603,2020-07-15,CUS008,PRD006,MKT002,16,774.24,348.41,425.83
TXN03708,2020-07-15,CUS013,PRD003,MKT008,4,182.6,118.69,63.91
TXN03878,2020-07-15,CUS015,PRD004,MKT008,16,606.56,272.95,333.61
TXN00294,2020-07-16,CUS004,PRD007,MKT004,13,400.92,260.6,140.32
TXN01215,2020-07-16,CUS014,PRD006,MKT005,12,543.48,244.57,298.91
TXN01804,2020-07-16,CUS010,PRD007,MKT001,20,577.4,375.31,202.09
TXN02241,2020-07-16,CUS026,PRD018,MKT001,6,157.08,70.69,86.39
TXN04890,2020-07-16,CUS017,PRD010,MKT002,17,310.25,139.61,170.64
TXN03893,2020-07-17,CUS002,PRD011,MKT006,9,141.3,63.58,77.72
TXN02642,2020-07-18,CUS012,PRD001,MKT002,4,48.8,21.96,26.84
TXN00139,2020-07-19,CUS028,PRD018,MKT003,13,346.97,156.14,190.83
TXN02280,2020-07-19,CUS004,PRD009,MKT007,15,979.8,636.87,342.93
TXN04269,2020-07-19,CUS012,PRD015,MKT001,17,423.3,275.14,148.16
TXN00609,2020-07-20,CUS022,PRD018,MKT002,18,549.36,247.21,302.15
TXN00726,2020-07-20,CUS032,PRD003,MKT007,12,595.44,387.04,208.4
TXN01035,2020-07-20,CUS028,PRD014,MKT006,20,443.6,199.62,243.98
TXN01526,2020-07-20,CUS002,PRD001,MKT002,12,161.28,72.58,88.7
TXN02725,2020-07-20,CUS009,PRD016,MKT007,2,36.1,16.25,19.85
TXN04185,2020-07-20,CUS003,PRD009,MKT002,20,1132.6,736.19,396.41
TXN04807,2020-07-20,CUS012,PRD002,MKT007,12,296.76,133.54,163.22
TXN00073,2020-07-21,CUS028,PRD011,MKT005,7,103.67,46.65,57.02
TXN01217,2020-07-22,CUS035,PRD019,MKT003,18,578.16,375.8,202.36
TXN00127,2020-07-23,CUS005,PRD012,MKT006,12,524.88,341.17,183.71
TXN01015,2020-07-23,CUS008,PRD013,MKT002,7,347.55,156.4,191.15
TXN03653,2020-07-23,CUS040,PRD011,MKT007,8,126.0,56.7,69.3
TXN01483,2020-07-24,CUS022,PRD008,MKT001,5,49.05,22.07,26.98
TXN02274,2020-07-24,CUS002,PRD020,MKT003,10,756.0,491.4,264.6
TXN03848,2020-07-24,CUS029,PRD009,MKT002,14,756.7,491.86,264.84
TXN04512,2020-07-24,CUS004,PRD006,MKT002,5,242.45,109.1,133.35
TXN04544,2020-07-24,CUS002,PRD011,MKT009,20,280.6,126.27,154.33
TXN00327,2020-07-25,CUS018,PRD005,MKT010,8,75.84,49.3,26.54
TXN01471,2020-07-25,CUS032,PRD004,MKT001,3,98.19,44.19,54.0
TXN01976,2020-07-26,CUS040,PRD002,MKT002,8,181.84,81.83,100.01
TXN02596,2020-07-26,CUS003,PRD005,MKT002,15,144.6,93.99,50.61
TXN02940,2020-07-26,CUS036,PRD004,MKT007,9,300.33,135.15,165.18
TXN02966,2020-07-26,CUS009,PRD004,MKT004,8,280.48,126.22,154.26
TXN03847,2020-07-26,CUS012,PRD005,MKT001,12,100.56,65.36,35.2
TXN03209,2020-07-28,CUS003,PRD015,MKT003,4,98.68,64.14,34.54
TXN04179,2020-07-28,CUS020,PRD018,MKT004,8,208.4,93.78,114.62
TXN04809,2020-07-28,CUS025,PRD015,MKT003,17,437.58,284.43,153.15
TXN02409,2020-07-29,CUS024,PRD019,MKT010,17,610.81,397.03,213.78
TXN04782,2020-07-30,CUS006,PRD012,MKT003,20,815.4,530.01,285.39
TXN01439,2020-07-31,CUS031,PRD016,MKT003,10,180.8,81.36,99.44
TXN01631,2020-07-31,CUS015,PRD016,MKT002,4,71.08,31.99,39.09
TXN01681,2020-07-31,CUS011,PRD013,MKT001,2,118.68,53.41,65.27
TXN01710,2020-07-31,CUS005,PRD003,MKT002,1,52.55,34.16,18.39
TXN04498,2020-08-01,CUS005,PRD009,MKT001,11,713.35,463.68,249.67
TXN00232,2020-08-02,CUS012,PRD016,MKT006,1,17.97,8.09,9.88
TXN01240,2020-08-02,CUS025,PRD004,MKT002,3,95.07,42.78,52.29
TXN02755,2020-08-02,CUS008,PRD005,MKT010,13,125.19,81.37,43.82
TXN01880,2020-08-03,CUS014,PRD012,MKT001,7,253.82,164.98,88.84
TXN02929,2020-08-03,CUS011,PRD013,MKT004,19,1131.07,508.98,622.09
TXN04240,2020-08-03,CUS022,PRD019,MKT004,18,645.12,419.33,225.79
TXN04945,2020-08-03,CUS011,PRD016,MKT001,11,169.18,76.13,93.05
TXN03410,2020-08-04,CUS015,PRD015,MKT001,10,273.3,177.64,95.66
TXN01185,2020-08-05,CUS010,PRD001,MKT001,9,113.4,51.03,62.37
TXN02209,2020-08-05,CUS004,PRD003,MKT007,8,438.08,284.75,153.33
TXN03549,2020-08-05,CUS013,PRD002,MKT004,15,397.5,178.88,218.62
TXN04438,2020-08-05,CUS022,PRD008,MKT002,12,109.92,49.46,60.46
TXN01072,2020-08-06,CUS006,PRD006,MKT005,19,846.83,381.07,465.76
TXN02722,2020-08-06,CUS010,PRD015,MKT008,13,331.5,215.47,116.03
TXN02906,2020-08-06,CUS049,PRD005,MKT002,6,57.54,37.4,20.14
TXN00587,2020-08-08,CUS034,PRD018,MKT008,6,164.04,73.82,90.22
TXN04425,2020-08-08,CUS029,PRD007,MKT007,5,139.05,90.38,48.67
TXN04439,2020-08-08,CUS032,PRD013,MKT002,1,49.81,22.41,27.4
TXN04814,2020-08-08,CUS033,PRD007,MKT008,16,455.04,295.78,159.26
TXN00771,2020-08-09,CUS025,PRD012,MKT009,4,164.44,106.89,57.55
TXN00807,2020-08-09,CUS015,PRD020,MKT008,16,1188.8,772.72,416.08
TXN03164,2020-08-09,CUS016,PRD002,MKT003,4,95.52,42.98,52.54
TXN04312,2020-08-09,CUS013,PRD007,MKT007,6,186.0,120.9,65.1
TXN03319,2020-08-10,CUS028,PRD016,MKT002,1,16.79,7.56,9.23
TXN03737,2020-08-10,CUS023,PRD018,MKT001,1,25.53,11.49,14.04
TXN01936,2020-08-11,CUS033,PRD019,MKT004,14,482.16,313.4,168.76
TXN02622,2020-08-11,CUS014,PRD016,MKT006,9,154.44,69.5,84.94
TXN02748,2020-08-11,CUS004,PRD006,MKT003,1,44.75,20.14,24.61
TXN02801,2020-08-11,CUS016,PRD019,MKT001,4,140.52,91.34,49.18
TXN03608,2020-08-11,CUS005,PRD006,MKT002,13,617.24,277.76,339.48
TXN01135,2020-08-12,CUS013,PRD010,MKT006,6,108.6,48.87,59.73
TXN03052,2020-08-12,CUS011,PRD011,MKT002,7,98.63,44.38,54.25
TXN03799,2020-08-13,CUS018,PRD006,MKT001,1,40.58,18.26,22.32
TXN00453,2020-08-14,CUS004,PRD007,MKT003,1,32.18,20.92,11.26
TXN02802,2020-08-14,CUS016,PRD016,MKT002,12,185.16,83.32,101.84
TXN04673,2020-08-14,CUS023,PRD020,MKT002,9,678.51,441.03,237.48
TXN01973,2020-08-15,CUS027,PRD015,MKT007,18,473.76,307.94,165.82
TXN01118,2020-08-16,CUS044,PRD016,MKT010,16,252.64,113.69,138.95
TXN01878,2020-08-16,CUS009,PRD003,MKT005,9,465.03,302.27,162.76
TXN02827,2020-08-16,CUS024,PRD002,MKT008,6,141.06,63.48,77.58
TXN03639,2020-08-17,CUS007,PRD020,MKT005,16,1037.92,674.65,363.27
TXN04148,2020-08-17,CUS002,PRD011,MKT003,2,32.9,14.8,18.1
TXN04553,2020-08-17,CUS045,PRD002,MKT005,3,78.66,35.4,43.26
TXN00630,2020-08-18,CUS014,PRD011,MKT004,10,161.5,72.67,88.83
TXN01166,2020-08-18,CUS046,PRD009,MKT008,12,783.12,509.03,274.09
TXN02003,2020-08-18,CUS008,PRD005,MKT008,10,82.0,53.3,28.7
TXN04593,2020-08-18,CUS007,PRD016,MKT006,19,342.38,154.07,188.31
TXN04160,2020-08-19,CUS023,PRD008,MKT003,9,85.5,38.48,47.02
TXN04463,2020-08-19,CUS024,PRD002,MKT001,6,154.44,69.5,84.94
TXN03637,2020-08-20,CUS014,PRD005,MKT006,9,86.13,55.98,30.15
TXN01101,2020-08-21,CUS014,PRD008,MKT006,17,180.37,81.17,99.2
TXN01921,2020-08-21,CUS004,PRD008,MKT006,16,146.24,65.81,80.43
TXN02700,2020-08-21,CUS023,PRD009,MKT009,5,313.7,203.91,109.79
TXN02353,2020-08-22,CUS040,PRD009,MKT003,2,119.76,77.84,41.92
TXN00153,2020-08-23,CUS011,PRD009,MKT002,10,607.8,395.07,212.73
TXN01584,2020-08-23,CUS022,PRD009,MKT005,17,981.75,638.14,343.61
TXN02611,2020-08-23,CUS004,PRD009,MKT008,4,226.96,147.52,79.44
TXN03688,2020-08-23,CUS033,PRD019,MKT001,9,275.76,179.24,96.52
TXN04115,2020-08-23,CUS004,PRD020,MKT004,2,142.9,92.89,50.01
TXN00005,2020-08-24,CUS014,PRD010,MKT009,18,342.72,154.22,188.5
TXN03156,2020-08-24,CUS022,PRD014,MKT001,4,83.32,37.49,45.83
TXN01786,2020-08-25,CUS015,PRD017,MKT003,9,878.31,570.9,307.41
TXN02035,2020-08-25,CUS025,PRD018,MKT002,8,229.04,103.07,125.97
TXN03485,2020-08-25,CUS009,PRD018,MKT008,7,196.0,88.2,107.8
TXN03299,2020-08-26,CUS017,PRD013,MKT008,6,305.88,137.65,168.23
TXN03868,2020-08-26,CUS033,PRD008,MKT001,10,92.6,41.67,50.93
TXN04352,2020-08-26,CUS033,PRD004,MKT001,13,481.13,216.51,264.62
TXN02078,2020-08-27,CUS008,PRD009,MKT001,9,548.37,356.44,191.93
TXN00438,2020-08-28,CUS013,PRD020,MKT001,18,1169.46,760.15,409.31
TXN01999,2020-08-28,CUS003,PRD003,MKT008,19,999.97,649.98,349.99
TXN02632,2020-08-28,CUS011,PRD008,MKT009,16,171.68,77.26,94.42
TXN03569,2020-08-28,CUS009,PRD020,MKT001,15,1141.8,742.17,399.63
TXN03463,2020-08-29,CUS014,PRD019,MKT007,18,629.1,408.92,220.18
TXN01554,2020-08-30,CUS032,PRD010,MKT003,15,286.8,129.06,157.74
TXN02438,2020-08-30,CUS020,PRD011,MKT002,10,142.4,64.08,78.32
TXN04324,2020-08-30,CUS010,PRD009,MKT009,5,305.8,198.77,107.03
TXN01860,2020-08-31,CUS018,PRD013,MKT004,9,522.9,235.31,287.59
TXN03940,2020-08-31,CUS035,PRD002,MKT003,13,340.86,153.39,187.47
TXN03412,2020-09-01,CUS019,PRD012,MKT009,2,78.7,51.16,27.54
TXN03609,2020-09-01,CUS021,PRD019,MKT008,17,585.99,380.89,205.1
TXN04322,2020-09-01,CUS029,PRD009,MKT002,17,974.61,633.5,341.11
TXN03505,2020-09-02,CUS036,PRD003,MKT005,14,675.64,439.17,236.47
TXN03909,2020-09-02,CUS032,PRD002,MKT009,6,146.4,65.88,80.52
TXN00365,2020-09-03,CUS015,PRD015,MKT003,11,292.71,190.26,102.45
TXN00621,2020-09-03,CUS013,PRD018,MKT001,5,135.55,61.0,74.55
TXN01576,2020-09-03,CUS019,PRD002,MKT001,15,351.3,158.09,193.21
TXN03126,2020-09-03,CUS017,PRD012,MKT002,8,346.8,225.42,121.38
TXN04988,2020-09-03,CUS004,PRD013,MKT003,9,516.51,232.43,284.08
TXN00484,2020-09-04,CUS004,PRD016,MKT007,4,69.88,31.45,38.43
TXN04399,2020-09-04,CUS019,PRD012,MKT001,6,246.42,160.17,86.25
TXN04919,2020-09-04,CUS003,PRD007,MKT007,9,254.07,165.15,88.92
TXN00037,2020-09-05,CUS039,PRD003,MKT008,7,323.05,209.98,113.07
TXN02627,2020-09-05,CUS011,PRD007,MKT002,1,28.28,18.38,9.9
TXN00615,2020-09-06,CUS032,PRD017,MKT008,5,431.4,280.41,150.99
TXN01134,2020-09-06,CUS042,PRD017,MKT004,17,1580.66,1027.43,553.23
TXN02691,2020-09-06,CUS036,PRD018,MKT007,18,544.5,245.03,299.47
TXN03591,2020-09-06,CUS024,PRD020,MKT003,7,469.28,305.03,164.25
TXN04236,2020-09-06,CUS003,PRD018,MKT007,2,56.54,25.44,31.1
TXN04903,2020-09-06,CUS018,PRD002,MKT008,6,148.08,66.64,81.44
TXN00873,2020-09-07,CUS003,PRD008,MKT009,20,183.0,82.35,100.65
TXN02651,2020-09-07,CUS016,PRD015,MKT003,16,383.84,249.5,134.34
TXN04268,2020-09-07,CUS015,PRD005,MKT002,7,68.25,44.36,23.89
TXN04326,2020-09-07,CUS001,PRD008,MKT005,14,149.52,67.28,82.24
TXN01287,2020-09-08,CUS028,PRD003,MKT003,3,139.95,90.97,48.98
TXN03362,2020-09-08,CUS007,PRD012,MKT007,21,910.14,591.59,318.55
TXN04011,2020-09-08,CUS004,PRD006,MKT001,14,686.28,308.83,377.45
TXN04976,2020-09-08,CUS028,PRD011,MKT009,13,212.03,95.41,116.62
TXN01323,2020-09-09,CUS003,PRD011,MKT003,20,314.2,141.39,172.81
TXN01647,2020-09-09,CUS025,PRD020,MKT002,20,1302.8,846.82,455.98
TXN04786,2020-09-09,CUS008,PRD008,MKT004,11,102.74,46.23,56.51
TXN00962,2020-09-11,CUS007,PRD007,MKT001,1,31.66,20.58,11.08
TXN03965,2020-09-11,CUS024,PRD013,MKT006,3,157.8,71.01,86.79
TXN04227,2020-09-11,CUS030,PRD013,MKT003,14,737.8,332.01,405.79
TXN00430,2020-09-12,CUS007,PRD014,MKT006,11,231.33,104.1,127.23
TXN00910,2020-09-13,CUS014,PRD019,MKT008,20,630.0,409.5,220.5
TXN01913,2020-09-13,CUS028,PRD018,MKT002,1,25.34,11.4,13.94
TXN02975,2020-09-13,CUS009,PRD011,MKT005,11,167.75,75.49,92.26
TXN04348,2020-09-13,CUS037,PRD014,MKT001,14,325.5,146.47,179.03
TXN04843,2020-09-13,CUS004,PRD012,MKT010,17,692.24,449.96,242.28
TXN01133,2020-09-14,CUS016,PRD015,MKT002,1,23.26,15.12,8.14
TXN04144,2020-09-14,CUS040,PRD007,MKT008,17,475.32,308.96,166.36
TXN04536,2020-09-14,CUS023,PRD008,MKT001,2,20.34,9.15,11.19
TXN04586,2020-09-14,CUS008,PRD008,MKT002,20,182.4,82.08,100.32
TXN00422,2020-09-15,CUS001,PRD008,MKT008,11,116.6,52.47,64.13
TXN01810,2020-09-15,CUS003,PRD007,MKT005,11,314.71,204.56,110.15
TXN03435,2020-09-15,CUS012,PRD002,MKT007,6,151.92,68.36,83.56
TXN04614,2020-09-15,CUS010,PRD008,MKT007,6,62.22,28.0,34.22
TXN01342,2020-09-16,CUS035,PRD005,MKT008,13,105.17,68.36,36.81
TXN02982,2020-09-16,CUS021,PRD002,MKT007,2,50.18,22.58,27.6
TXN03897,2020-09-16,CUS039,PRD018,MKT006,9,263.88,118.75,145.13
TXN04697,2020-09-16,CUS020,PRD005,MKT009,14,115.08,74.8,40.28
TXN01445,2020-09-17,CUS040,PRD001,MKT007,10,125.7,56.57,69.13
TXN00724,2020-09-18,CUS024,PRD004,MKT005,9,343.8,154.71,189.09
TXN02305,2020-09-18,CUS003,PRD015,MKT006,9,230.4,149.76,80.64
TXN03172,2020-09-18,CUS049,PRD007,MKT005,4,128.04,83.23,44.81
TXN03598,2020-09-18,CUS013,PRD017,MKT002,9,846.99,550.54,296.45
TXN04393,2020-09-18,CUS024,PRD001,MKT007,5,65.95,29.68,36.27
TXN01637,2020-09-19,CUS024,PRD020,MKT002,11,766.7,498.36,268.34
TXN02530,2020-09-19,CUS007,PRD009,MKT008,15,924.75,601.09,323.66
TXN03687,2020-09-19,CUS007,PRD002,MKT010,6,157.74,70.98,86.76
TXN00618,2020-09-20,CUS013,PRD018,MKT003,16,429.44,193.25,236.19
TXN00765,2020-09-20,CUS019,PRD016,MKT003,4,72.8,32.76,40.04
TXN01751,2020-09-20,CUS016,PRD018,MKT006,17,523.26,235.47,287.79
TXN02396,2020-09-20,CUS006,PRD003,MKT001,17,841.67,547.09,294.58
TXN02904,2020-09-20,CUS008,PRD001,MKT010,16,200.48,90.22,110.26
TXN02817,2020-09-21,CUS013,PRD004,MKT002,11,404.58,182.06,222.52
TXN03423,2020-09-21,CUS025,PRD016,MKT007,8,138.96,62.53,76.43
TXN04097,2020-09-21,CUS014,PRD006,MKT006,7,329.56,148.3,181.26
TXN02075,2020-09-22,CUS032,PRD013,MKT009,5,288.55,129.85,158.7
TXN04730,2020-09-22,CUS014,PRD008,MKT008,2,18.46,8.31,10.15
TXN00044,2020-09-23,CUS011,PRD019,MKT010,1,35.62,23.15,12.47
TXN00211,2020-09-23,CUS002,PRD008,MKT005,1,9.4,4.23,5.17
TXN00573,2020-09-23,CUS029,PRD010,MKT008,7,128.52,57.83,70.69
TXN01218,2020-09-23,CUS001,PRD020,MKT005,20,1445.2,939.38,505.82
TXN04222,2020-09-23,CUS035,PRD020,MKT006,19,1223.98,795.59,428.39
TXN04571,2020-09-23,CUS017,PRD001,MKT008,10,137.0,61.65,75.35
TXN00245,2020-09-25,CUS043,PRD016,MKT009,5,82.7,37.21,45.49
TXN01711,2020-09-25,CUS006,PRD005,MKT009,6,51.42,33.42,18.0
TXN02094,2020-09-25,CUS029,PRD003,MKT003,11,513.04,333.48,179.56
TXN02873,2020-09-25,CUS018,PRD020,MKT002,17,1123.36,730.18,393.18
TXN02239,2020-09-26,CUS032,PRD009,MKT008,8,453.92,295.05,158.87
TXN02541,2020-09-26,CUS018,PRD015,MKT003,17,417.18,271.17,146.01
TXN04957,2020-09-26,CUS005,PRD013,MKT010,6,325.44,146.45,178.99
TXN00226,2020-09-27,CUS014,PRD001,MKT003,8,95.12,42.8,52.32
TXN02754,2020-09-27,CUS027,PRD001,MKT005,3,36.96,16.63,20.33
TXN04704,2020-09-27,CUS024,PRD017,MKT002,18,1510.74,981.98,528.76
TXN00967,2020-09-28,CUS039,PRD014,MKT005,2,44.44,20.0,24.44
TXN03060,2020-09-28,CUS043,PRD013,MKT001,2,116.48,52.42,64.06
TXN03137,2020-09-28,CUS012,PRD016,MKT005,11,169.29,76.18,93.11
TXN01405,2020-09-29,CUS019,PRD011,MKT001,13,187.46,84.36,103.1
TXN04221,2020-09-29,CUS011,PRD011,MKT002,2,28.84,12.98,15.86
TXN04734,2020-09-29,CUS031,PRD003,MKT008,2,103.66,67.38,36.28
TXN04831,2020-09-29,CUS017,PRD020,MKT001,19,1400.49,910.32,490.17
TXN00207,2020-09-30,CUS025,PRD016,MKT005,2,36.58,16.46,20.12
TXN00439,2020-09-30,CUS010,PRD016,MKT004,10,169.1,76.09,93.01
TXN00832,2020-09-30,CUS029,PRD010,MKT003,19,402.04,180.92,221.12
TXN02345,2020-09-30,CUS040,PRD003,MKT006,16,802.72,521.77,280.95
TXN02612,2020-09-30,CUS005,PRD002,MKT008,17,386.75,174.04,212.71
TXN03701,2020-09-30,CUS014,PRD001,MKT007,12,165.84,74.63,91.21
TXN03118,2020-10-01,CUS024,PRD018,MKT002,17,453.05,203.87,249.18
TXN00301,2020-10-02,CUS033,PRD007,MKT010,11,361.24,234.81,126.43
TXN00646,2020-10-02,CUS013,PRD003,MKT008,1,45.09,29.31,15.78
TXN03578,2020-10-02,CUS001,PRD017,MKT010,9,782.82,508.83,273.99
TXN00450,2020-10-03,CUS004,PRD007,MKT002,21,584.64,380.02,204.62
TXN03872,2020-10-03,CUS037,PRD013,MKT005,1,50.79,22.86,27.93
TXN00322,2020-10-04,CUS013,PRD009,MKT002,15,949.35,617.08,332.27
TXN01229,2020-10-04,CUS019,PRD003,MKT002,21,1148.49,746.52,401.97
TXN03119,2020-10-04,CUS030,PRD001,MKT001,4,54.28,24.43,29.85
TXN04065,2020-10-04,CUS007,PRD019,MKT006,14,459.76,298.84,160.92
TXN04715,2020-10-04,CUS012,PRD016,MKT005,1,18.33,8.25,10.08
TXN02468,2020-10-05,CUS020,PRD011,MKT008,19,267.14,120.21,146.93
TXN00870,2020-10-06,CUS001,PRD017,MKT006,8,780.24,507.16,273.08
TXN02829,2020-10-07,CUS035,PRD003,MKT007,4,212.2,137.93,74.27
TXN04133,2020-10-07,CUS020,PRD013,MKT002,15,895.05,402.77,492.28
TXN00957,2020-10-08,CUS018,PRD001,MKT005,10,137.7,61.97,75.73
TXN03496,2020-10-08,CUS027,PRD015,MKT003,13,308.23,200.35,107.88
TXN03693,2020-10-08,CUS003,PRD019,MKT004,2,67.98,44.19,23.79
TXN01389,2020-10-09,CUS001,PRD004,MKT001,17,631.38,284.12,347.26
TXN00493,2020-10-10,CUS004,PRD018,MKT005,11,310.75,139.84,170.91
TXN03471,2020-10-10,CUS020,PRD017,MKT005,21,1830.57,1189.87,640.7
TXN04567,2020-10-11,CUS001,PRD002,MKT006,9,207.99,93.6,114.39
TXN01991,2020-10-12,CUS006,PRD012,MKT008,19,689.32,448.06,241.26
TXN04564,2020-10-13,CUS018,PRD003,MKT002,18,895.68,582.19,313.49
TXN01795,2020-10-14,CUS024,PRD015,MKT002,17,449.99,292.49,157.5
TXN04379,2020-10-14,CUS043,PRD019,MKT009,5,173.75,112.94,60.81
TXN02001,2020-10-15,CUS022,PRD007,MKT003,4,126.52,82.24,44.28
TXN02192,2020-10-15,CUS036,PRD011,MKT004,5,68.45,30.8,37.65
TXN03185,2020-10-15,CUS022,PRD013,MKT001,15,867.0,390.15,476.85
TXN04048,2020-10-15,CUS036,PRD003,MKT002,1,54.93,35.7,19.23
TXN04099,2020-10-15,CUS025,PRD003,MKT009,2,105.14,68.34,36.8
TXN00559,2020-10-16,CUS005,PRD018,MKT001,21,607.74,273.48,334.26
TXN01231,2020-10-16,CUS014,PRD018,MKT001,5,145.2,65.34,79.86
TXN03361,2020-10-16,CUS015,PRD017,MKT002,13,1059.11,688.42,370.69
TXN04944,2020-10-16,CUS019,PRD020,MKT004,6,419.88,272.92,146.96
TXN00511,2020-10-17,CUS008,PRD002,MKT003,15,387.9,174.56,213.34
TXN01358,2020-10-17,CUS004,PRD018,MKT002,3,76.44,34.4,42.04
TXN04184,2020-10-17,CUS029,PRD011,MKT003,15,238.65,107.39,131.26
TXN00272,2020-10-19,CUS003,PRD007,MKT002,14,428.54,278.55,149.99
TXN03933,2020-10-19,CUS028,PRD013,MKT008,1,55.89,25.15,30.74
TXN04117,2020-10-19,CUS034,PRD007,MKT002,10,277.5,180.38,97.12
TXN00229,2020-10-20,CUS020,PRD011,MKT010,14,193.2,86.94,106.26
TXN02383,2020-10-20,CUS011,PRD003,MKT001,7,315.35,204.98,110.37
TXN00062,2020-10-21,CUS015,PRD009,MKT002,14,889.14,577.94,311.2
TXN01814,2020-10-21,CUS028,PRD010,MKT001,23,441.14,198.51,242.63
TXN00553,2020-10-22,CUS004,PRD004,MKT009,19,725.99,326.7,399.29
TXN00695,2020-10-22,CUS020,PRD016,MKT005,20,326.2,146.79,179.41
TXN01770,2020-10-22,CUS006,PRD002,MKT003,19,500.46,225.21,275.25
TXN00474,2020-10-23,CUS031,PRD007,MKT005,17,545.7,354.71,190.99
TXN02486,2020-10-23,CUS012,PRD013,MKT003,15,868.65,390.89,477.76
TXN04358,2020-10-23,CUS005,PRD014,MKT007,2,41.4,18.63,22.77
TXN04892,2020-10-23,CUS027,PRD017,MKT006,18,1658.34,1077.92,580.42
TXN02313,2020-10-25,CUS050,PRD009,MKT001,16,893.6,580.84,312.76
TXN02576,2020-10-25,CUS037,PRD012,MKT003,9,337.77,219.55,118.22
TXN00874,2020-10-26,CUS029,PRD004,MKT008,21,764.61,344.07,420.54
TXN03818,2020-10-26,CUS025,PRD014,MKT003,5,116.4,52.38,64.02
TXN00806,2020-10-27,CUS023,PRD010,MKT007,2,39.02,17.56,21.46
TXN01263,2020-10-27,CUS041,PRD020,MKT009,17,1101.6,716.04,385.56
TXN04562,2020-10-27,CUS005,PRD012,MKT006,20,862.6,560.69,301.91
TXN00795,2020-10-28,CUS011,PRD018,MKT002,8,212.16,95.47,116.69
TXN01447,2020-10-29,CUS019,PRD012,MKT001,4,148.88,96.77,52.11
TXN04763,2020-10-29,CUS001,PRD007,MKT004,15,442.8,287.82,154.98
TXN00059,2020-10-30,CUS012,PRD006,MKT001,13,604.11,271.85,332.26
TXN04284,2020-10-30,CUS038,PRD003,MKT002,3,137.85,89.6,48.25
TXN01480,2020-10-31,CUS010,PRD013,MKT005,16,861.44,387.65,473.79
TXN02340,2020-10-31,CUS012,PRD001,MKT009,17,215.22,96.85,118.37
TXN02492,2020-10-31,CUS036,PRD008,MKT006,14,126.7,57.02,69.68
TXN03432,2020-10-31,CUS009,PRD018,MKT003,9,258.48,116.32,142.16
TXN03554,2020-10-31,CUS043,PRD003,MKT008,1,46.63,30.31,16.32
TXN04071,2020-10-31,CUS024,PRD012,MKT009,11,416.35,270.63,145.72
TXN02230,2020-11-01,CUS034,PRD019,MKT006,7,221.83,144.19,77.64
TXN04406,2020-11-01,CUS017,PRD007,MKT002,20,651.2,423.28,227.92
TXN03586,2020-11-02,CUS015,PRD013,MKT003,2,106.38,47.87,58.51
TXN01401,2020-11-03,CUS019,PRD003,MKT001,25,1141.75,742.14,399.61
TXN01450,2020-11-04,CUS019,PRD010,MKT008,3,56.04,25.22,30.82
TXN03950,2020-11-04,CUS007,PRD016,MKT006,2,33.22,14.95,18.27
TXN04524,2020-11-04,CUS002,PRD015,MKT001,14,364.42,236.87,127.55
TXN00423,2020-11-05,CUS014,PRD009,MKT008,23,1510.64,981.92,528.72
TXN01391,2020-11-05,CUS009,PRD013,MKT001,17,922.08,414.94,507.14
TXN04218,2020-11-05,CUS010,PRD001,MKT008,12,153.96,69.28,84.68
TXN02164,2020-11-06,CUS022,PRD002,MKT009,17,446.25,200.81,245.44
TXN03723,2020-11-06,CUS016,PRD016,MKT010,11,173.8,78.21,95.59
TXN00833,2020-11-07,CUS003,PRD016,MKT001,9,161.37,72.62,88.75
TXN01448,2020-11-07,CUS019,PRD016,MKT009,20,364.8,164.16,200.64
TXN02038,2020-11-07,CUS039,PRD015,MKT008,5,116.55,75.76,40.79
TXN02223,2020-11-07,CUS003,PRD013,MKT003,18,1045.44,470.45,574.99
TXN02664,2020-11-07,CUS003,PRD020,MKT001,2,143.18,93.07,50.11
TXN00076,2020-11-08,CUS018,PRD009,MKT002,15,879.9,571.93,307.97
TXN02430,2020-11-08,CUS029,PRD003,MKT001,25,1159.5,753.68,405.82
TXN03242,2020-11-08,CUS010,PRD009,MKT003,9,562.05,365.33,196.72
TXN03414,2020-11-08,CUS001,PRD009,MKT003,25,1416.0,920.4,495.6
TXN03855,2020-11-09,CUS031,PRD010,MKT001,23,441.83,198.82,243.01
TXN04878,2020-11-09,CUS026,PRD003,MKT007,17,766.19,498.02,268.17
TXN00708,2020-11-10,CUS002,PRD002,MKT002,9,227.52,102.38,125.14
TXN03819,2020-11-11,CUS008,PRD016,MKT006,14,260.82,117.37,143.45
TXN00381,2020-11-12,CUS009,PRD019,MKT002,7,252.28,163.98,88.3
TXN00314,2020-11-13,CUS030,PRD011,MKT001,18,250.38,112.67,137.71
TXN02009,2020-11-13,CUS037,PRD016,MKT004,23,355.58,160.01,195.57
TXN02215,2020-11-13,CUS006,PRD020,MKT002,22,1616.12,1050.48,565.64
TXN02728,2020-11-13,CUS008,PRD002,MKT001,20,450.2,202.59,247.61
TXN03093,2020-11-13,CUS025,PRD008,MKT007,16,162.4,73.08,89.32
TXN03245,2020-11-13,CUS037,PRD007,MKT001,23,717.37,466.29,251.08
TXN01825,2020-11-14,CUS002,PRD006,MKT001,23,1010.39,454.68,555.71
TXN02304,2020-11-14,CUS011,PRD011,MKT007,8,115.52,51.98,63.54
TXN02657,2020-11-14,CUS040,PRD003,MKT002,17,922.59,599.68,322.91
TXN04034,2020-11-14,CUS032,PRD015,MKT005,26,594.1,386.17,207.93
TXN04207,2020-11-14,CUS026,PRD011,MKT007,4,55.8,25.11,30.69
TXN04455,2020-11-14,CUS033,PRD003,MKT006,15,789.75,513.34,276.41
TXN01097,2020-11-16,CUS007,PRD003,MKT004,27,1371.33,891.36,479.97
TXN02837,2020-11-16,CUS028,PRD003,MKT001,22,1105.06,718.29,386.77
TXN04858,2020-11-16,CUS006,PRD015,MKT001,24,659.28,428.53,230.75
TXN00064,2020-11-17,CUS003,PRD020,MKT002,11,727.54,472.9,254.64
TXN01488,2020-11-17,CUS001,PRD019,MKT003,18,610.56,396.86,213.7
TXN01952,2020-11-17,CUS045,PRD018,MKT003,11,315.37,141.92,173.45
TXN01989,2020-11-17,CUS008,PRD013,MKT004,27,1358.37,611.27,747.1
TXN02112,2020-11-17,CUS032,PRD020,MKT001,6,460.32,299.21,161.11
TXN02577,2020-11-17,CUS017,PRD009,MKT002,15,930.45,604.79,325.66
TXN04283,2020-11-17,CUS045,PRD014,MKT003,25,519.5,233.78,285.72
TXN01061,2020-11-18,CUS002,PRD006,MKT007,6,280.56,126.25,154.31
TXN01094,2020-11-18,CUS026,PRD002,MKT009,24,583.44,262.55,320.89
TXN01753,2020-11-18,CUS004,PRD004,MKT003,6,212.16,95.47,116.69
TXN02380,2020-11-18,CUS022,PRD009,MKT008,3,192.33,125.01,67.32
TXN04356,2020-11-18,CUS007,PRD002,MKT005,15,409.8,184.41,225.39
TXN00882,2020-11-19,CUS003,PRD012,MKT001,14,533.26,346.62,186.64
TXN01192,2020-11-19,CUS016,PRD017,MKT006,6,552.36,359.03,193.33
TXN01933,2020-11-19,CUS038,PRD019,MKT007,20,622.4,404.56,217.84
TXN01196,2020-11-20,CUS008,PRD012,MKT004,15,565.05,367.28,197.77
TXN01971,2020-11-20,CUS019,PRD013,MKT010,2,100.6,45.27,55.33
TXN03264,2020-11-20,CUS035,PRD013,MKT002,19,1015.36,456.91,558.45
TXN03621,2020-11-20,CUS019,PRD018,MKT001,22,635.14,285.81,349.33
TXN03718,2020-11-20,CUS009,PRD020,MKT009,19,1309.86,851.41,458.45
TXN00808,2020-11-21,CUS013,PRD013,MKT003,3,151.08,67.99,83.09
TXN02307,2020-11-21,CUS030,PRD018,MKT007,6,162.0,72.9,89.1
TXN00296,2020-11-22,CUS032,PRD012,MKT008,1,36.64,23.82,12.82
TXN02590,2020-11-22,CUS045,PRD015,MKT002,8,189.12,122.93,66.19
TXN02794,2020-11-22,CUS001,PRD016,MKT007,27,473.85,213.23,260.62
TXN02928,2020-11-22,CUS032,PRD013,MKT004,3,169.83,76.42,93.41
TXN03780,2020-11-22,CUS017,PRD015,MKT001,6,151.68,98.59,53.09
TXN00168,2020-11-24,CUS030,PRD010,MKT001,27,590.22,265.6,324.62
TXN01170,2020-11-24,CUS006,PRD017,MKT003,8,768.64,499.62,269.02
TXN02914,2020-11-24,CUS007,PRD016,MKT010,1,16.97,7.64,9.33
TXN04666,2020-11-24,CUS012,PRD003,MKT002,15,749.7,487.31,262.39
TXN03982,2020-11-25,CUS041,PRD004,MKT006,23,768.66,345.9,422.76
TXN02105,2020-11-26,CUS012,PRD004,MKT001,11,376.2,169.29,206.91
TXN00964,2020-11-27,CUS039,PRD015,MKT004,27,651.51,423.48,228.03
TXN01549,2020-11-27,CUS026,PRD019,MKT007,4,133.88,87.02,46.86
TXN02103,2020-11-27,CUS016,PRD001,MKT005,14,196.98,88.64,108.34
TXN02311,2020-11-27,CUS017,PRD008,MKT009,4,42.72,19.22,23.5
TXN02945,2020-11-27,CUS013,PRD006,MKT006,12,506.04,227.72,278.32
TXN04749,2020-11-27,CUS031,PRD001,MKT008,6,85.32,38.39,46.93
TXN04863,2020-11-29,CUS002,PRD012,MKT002,3,123.21,80.09,43.12
TXN04996,2020-11-29,CUS041,PRD009,MKT001,6,332.1,215.87,116.23
TXN02583,2020-11-30,CUS005,PRD013,MKT002,14,818.02,368.11,449.91
TXN01150,2020-12-01,CUS005,PRD007,MKT007,5,141.6,92.04,49.56
TXN02424,2020-12-01,CUS004,PRD007,MKT002,8,239.36,155.58,83.78
TXN02708,2020-12-01,CUS005,PRD017,MKT004,20,1976.6,1284.79,691.81
TXN04709,2020-12-01,CUS003,PRD017,MKT001,25,2340.0,1521.0,819.0
TXN02265,2020-12-02,CUS027,PRD006,MKT007,17,786.59,353.97,432.62
TXN04445,2020-12-02,CUS019,PRD018,MKT003,8,242.72,109.22,133.5
TXN04973,2020-12-02,CUS003,PRD008,MKT003,21,229.32,103.19,126.13
TXN00677,2020-12-03,CUS044,PRD010,MKT001,17,346.8,156.06,190.74
TXN01406,2020-12-03,CUS009,PRD020,MKT004,28,2029.72,1319.32,710.4
TXN00482,2020-12-04,CUS030,PRD020,MKT003,6,418.08,271.75,146.33
TXN00809,2020-12-04,CUS007,PRD007,MKT002,11,336.82,218.93,117.89
TXN01468,2020-12-04,CUS027,PRD018,MKT003,1,26.59,11.97,14.62
TXN01848,2020-12-04,CUS032,PRD003,MKT007,24,1312.08,852.85,459.23
TXN02481,2020-12-04,CUS027,PRD010,MKT004,21,412.86,185.79,227.07
TXN01320,2020-12-05,CUS001,PRD006,MKT004,6,280.74,126.33,154.41
TXN00374,2020-12-06,CUS040,PRD014,MKT007,14,334.46,150.51,183.95
TXN00887,2020-12-06,CUS020,PRD001,MKT002,15,199.35,89.71,109.64
TXN00210,2020-12-07,CUS013,PRD006,MKT006,20,904.6,407.07,497.53
TXN01187,2020-12-07,CUS048,PRD009,MKT001,10,569.6,370.24,199.36
TXN02439,2020-12-07,CUS026,PRD011,MKT006,28,399.0,179.55,219.45
TXN02903,2020-12-07,CUS012,PRD004,MKT003,28,988.68,444.91,543.77
TXN03562,2020-12-07,CUS025,PRD016,MKT003,24,439.44,197.75,241.69
TXN03695,2020-12-07,CUS031,PRD008,MKT004,5,48.75,21.94,26.81
TXN04830,2020-12-07,CUS027,PRD004,MKT004,5,178.0,80.1,97.9
TXN02342,2020-12-08,CUS003,PRD014,MKT001,15,349.95,157.48,192.47
TXN03031,2020-12-08,CUS004,PRD014,MKT004,1,24.26,10.92,13.34
TXN00409,2020-12-09,CUS002,PRD009,MKT008,14,857.5,557.38,300.12
TXN04905,2020-12-09,CUS010,PRD006,MKT008,15,640.5,288.23,352.27
TXN04928,2020-12-09,CUS006,PRD012,MKT004,2,82.6,53.69,28.91
TXN03585,2020-12-10,CUS004,PRD018,MKT001,5,153.3,68.98,84.32
TXN04044,2020-12-10,CUS018,PRD002,MKT007,5,120.5,54.23,66.27
TXN03255,2020-12-11,CUS043,PRD014,MKT006,11,249.81,112.41,137.4
TXN00093,2020-12-12,CUS017,PRD014,MKT001,26,578.76,260.44,318.32
TXN00793,2020-12-12,CUS012,PRD014,MKT002,5,119.5,53.77,65.73
TXN01980,2020-12-12,CUS009,PRD003,MKT002,19,897.37,583.29,314.08
TXN03459,2020-12-12,CUS027,PRD007,MKT009,2,56.06,36.44,19.62
TXN00848,2020-12-13,CUS010,PRD010,MKT008,25,541.25,243.56,297.69
TXN03579,2020-12-13,CUS007,PRD004,MKT008,25,797.25,358.76,438.49
TXN04496,2020-12-13,CUS013,PRD009,MKT001,15,854.25,555.26,298.99
TXN01597,2020-12-15,CUS024,PRD018,MKT004,25,643.75,289.69,354.06
TXN02079,2020-12-15,CUS028,PRD011,MKT008,28,447.44,201.35,246.09
TXN03054,2020-12-15,CUS017,PRD011,MKT003,17,265.2,119.34,145.86
TXN04551,2020-12-15,CUS023,PRD019,MKT006,30,939.0,610.35,328.65
TXN01694,2020-12-16,CUS011,PRD017,MKT007,6,517.74,336.53,181.21
TXN03493,2020-12-16,CUS018,PRD003,MKT005,1,51.53,33.49,18.04
TXN00600,2020-12-17,CUS010,PRD017,MKT002,29,2395.98,1557.39,838.59
TXN01619,2020-12-17,CUS035,PRD004,MKT003,5,172.55,77.65,94.9
TXN00201,2020-12-18,CUS032,PRD008,MKT007,24,226.56,101.95,124.61
TXN00561,2020-12-18,CUS008,PRD003,MKT001,16,789.92,513.45,276.47
TXN03899,2020-12-18,CUS001,PRD003,MKT002,30,1588.5,1032.53,555.97
TXN01639,2020-12-19,CUS025,PRD005,MKT008,7,57.12,37.13,19.99
TXN03654,2020-12-19,CUS004,PRD015,MKT008,31,748.03,486.22,261.81
TXN04570,2020-12-19,CUS030,PRD011,MKT003,26,359.58,161.81,197.77
TXN04776,2020-12-19,CUS007,PRD015,MKT001,31,709.59,461.23,248.36
TXN00486,2020-12-20,CUS025,PRD013,MKT001,17,956.59,430.47,526.12
TXN01126,2020-12-20,CUS009,PRD009,MKT004,8,501.76,326.14,175.62
TXN04373,2020-12-20,CUS034,PRD014,MKT001,6,139.38,62.72,76.66
TXN01962,2020-12-21,CUS018,PRD002,MKT003,20,510.4,229.68,280.72
TXN02358,2020-12-21,CUS043,PRD002,MKT008,17,445.06,200.28,244.78
TXN01585,2020-12-22,CUS020,PRD011,MKT006,28,446.6,200.97,245.63
TXN03538,2020-12-22,CUS044,PRD009,MKT008,26,1480.7,962.46,518.24
TXN04486,2020-12-22,CUS016,PRD004,MKT005,1,32.21,14.49,17.72
TXN00259,2020-12-23,CUS007,PRD009,MKT006,3,180.81,117.53,63.28
TXN00274,2020-12-23,CUS020,PRD009,MKT006,2,109.78,71.36,38.42
TXN00784,2020-12-24,CUS017,PRD001,MKT008,10,124.4,55.98,68.42
TXN01725,2020-12-24,CUS003,PRD004,MKT007,11,422.29,190.03,232.26
TXN02706,2020-12-24,CUS005,PRD017,MKT004,11,1034.55,672.46,362.09
TXN00786,2020-12-25,CUS007,PRD012,MKT002,30,1243.5,808.28,435.22
TXN01603,2020-12-25,CUS029,PRD011,MKT002,17,255.85,115.13,140.72
TXN03158,2020-12-25,CUS025,PRD014,MKT001,3,70.44,31.7,38.74
TXN03258,2020-12-25,CUS025,PRD012,MKT003,1,43.3,28.14,15.16
TXN03285,2020-12-25,CUS017,PRD002,MKT004,19,511.86,230.34,281.52
TXN04588,2020-12-25,CUS039,PRD011,MKT006,11,165.11,74.3,90.81
TXN01972,2020-12-27,CUS041,PRD019,MKT005,30,1056.0,686.4,369.6
TXN03090,2020-12-27,CUS007,PRD003,MKT009,3,158.67,103.14,55.53
TXN03479,2020-12-27,CUS005,PRD007,MKT008,31,857.15,557.15,300.0
TXN02336,2020-12-28,CUS005,PRD009,MKT002,3,168.63,109.61,59.02
TXN02714,2020-12-28,CUS001,PRD014,MKT003,14,316.4,142.38,174.02
TXN00529,2020-12-29,CUS012,PRD001,MKT002,7,82.39,37.08,45.31
TXN03309,2020-12-29,CUS012,PRD012,MKT005,10,370.5,240.82,129.68
TXN04437,2020-12-29,CUS019,PRD002,MKT001,26,651.82,293.32,358.5
TXN04692,2020-12-29,CUS017,PRD002,MKT005,28,644.0,289.8,354.2
TXN04262,2020-12-30,CUS019,PRD004,MKT002,28,967.68,435.46,532.22
TXN04300,2020-12-30,CUS013,PRD016,MKT003,7,130.76,58.84,71.92
TXN04555,2020-12-30,CUS022,PRD016,MKT001,20,334.8,150.66,184.14
TXN00817,2020-12-31,CUS033,PRD007,MKT004,22,717.2,466.18,251.02
TXN02176,2020-12-31,CUS016,PRD012,MKT006,1,42.71,27.76,14.95
TXN03589,2020-12-31,CUS028,PRD006,MKT008,30,1415.4,636.93,778.47
TXN02320,2021-01-01,CUS003,PRD014,MKT002,17,371.11,167.0,204.11
TXN04705,2021-01-01,CUS027,PRD008,MKT007,13,122.72,55.22,67.5
TXN04798,2021-01-01,CUS025,PRD004,MKT007,18,599.94,269.97,329.97
TXN01904,2021-01-02,CUS002,PRD018,MKT010,2,56.36,25.36,31.0
TXN02533,2021-01-02,CUS022,PRD001,MKT005,8,101.6,45.72,55.88
TXN00863,2021-01-03,CUS023,PRD015,MKT003,3,69.96,45.47,24.49
TXN02087,2021-01-03,CUS009,PRD010,MKT002,1,19.75,8.89,10.86
TXN03417,2021-01-03,CUS004,PRD014,MKT002,5,104.6,47.07,57.53
TXN03824,2021-01-03,CUS020,PRD005,MKT004,18,162.0,105.3,56.7
TXN00686,2021-01-04,CUS030,PRD003,MKT008,18,910.98,592.14,318.84
TXN00727,2021-01-04,CUS028,PRD010,MKT001,16,326.72,147.02,179.7
TXN01049,2021-01-05,CUS015,PRD018,MKT003,5,129.85,58.43,71.42
TXN01269,2021-01-05,CUS023,PRD017,MKT004,12,1068.12,694.28,373.84
TXN03305,2021-01-05,CUS033,PRD003,MKT008,6,292.32,190.01,102.31
TXN01844,2021-01-06,CUS006,PRD002,MKT009,10,256.8,115.56,141.24
TXN01898,2021-01-06,CUS028,PRD012,MKT008,8,299.76,194.84,104.92
TXN00941,2021-01-07,CUS039,PRD002,MKT002,9,242.82,109.27,133.55
TXN03302,2021-01-07,CUS019,PRD015,MKT006,16,369.92,240.45,129.47
TXN00260,2021-01-08,CUS002,PRD011,MKT004,13,196.95,88.63,108.32
TXN00108,2021-01-09,CUS005,PRD001,MKT004,6,70.86,31.89,38.97
TXN03906,2021-01-09,CUS013,PRD004,MKT004,7,252.14,113.46,138.68
TXN00354,2021-01-10,CUS003,PRD012,MKT001,13,561.73,365.12,196.61
TXN01315,2021-01-10,CUS040,PRD009,MKT007,17,1082.22,703.44,378.78
TXN01940,2021-01-10,CUS008,PRD006,MKT006,19,873.24,392.96,480.28
TXN02701,2021-01-10,CUS003,PRD019,MKT002,13,445.25,289.41,155.84
TXN03266,2021-01-10,CUS012,PRD001,MKT003,12,158.04,71.12,86.92
TXN04876,2021-01-10,CUS007,PRD009,MKT004,14,816.06,530.44,285.62
TXN03150,2021-01-11,CUS029,PRD020,MKT002,1,72.45,47.09,25.36
TXN04747,2021-01-11,CUS030,PRD004,MKT002,13,425.49,191.47,234.02
TXN01149,2021-01-12,CUS004,PRD009,MKT010,13,820.95,533.62,287.33
TXN02271,2021-01-12,CUS017,PRD014,MKT010,4,89.64,40.34,49.3
TXN04172,2021-01-12,CUS012,PRD006,MKT001,8,389.76,175.39,214.37
TXN00009,2021-01-13,CUS035,PRD017,MKT002,1,85.33,55.46,29.87
TXN00929,2021-01-13,CUS003,PRD015,MKT007,13,332.15,215.9,116.25
TXN02986,2021-01-13,CUS018,PRD006,MKT001,3,144.75,65.14,79.61
TXN03201,2021-01-13,CUS014,PRD002,MKT003,10,226.1,101.75,124.35
TXN01193,2021-01-14,CUS044,PRD005,MKT006,2,19.2,12.48,6.72
TXN02968,2021-01-14,CUS029,PRD007,MKT006,15,430.8,280.02,150.78
TXN02171,2021-01-15,CUS025,PRD015,MKT010,10,248.7,161.66,87.04
TXN02955,2021-01-15,CUS006,PRD007,MKT002,11,304.04,197.63,106.41
TXN01622,2021-01-16,CUS013,PRD004,MKT007,3,115.23,51.85,63.38
TXN02609,2021-01-16,CUS002,PRD005,MKT006,4,33.04,21.48,11.56
TXN03779,2021-01-16,CUS038,PRD013,MKT001,11,585.64,263.54,322.1
TXN03802,2021-01-16,CUS028,PRD015,MKT010,17,406.98,264.54,142.44
TXN04520,2021-01-16,CUS006,PRD010,MKT002,17,318.24,143.21,175.03
TXN04079,2021-01-17,CUS004,PRD013,MKT003,17,878.73,395.43,483.3
TXN00763,2021-01-18,CUS020,PRD020,MKT003,5,343.9,223.53,120.37
TXN01699,2021-01-18,CUS004,PRD005,MKT001,10,83.6,54.34,29.26
TXN02449,2021-01-18,CUS001,PRD016,MKT006,4,63.2,28.44,34.76
TXN04098,2021-01-18,CUS006,PRD014,MKT002,11,257.07,115.68,141.39
TXN00821,2021-01-19,CUS013,PRD004,MKT001,13,483.6,217.62,265.98
TXN04232,2021-01-19,CUS014,PRD019,MKT005,17,579.87,376.92,202.95
TXN04491,2021-01-19,CUS016,PRD008,MKT010,13,142.22,64.0,78.22
TXN02551,2021-01-20,CUS029,PRD009,MKT006,17,992.97,645.43,347.54
TXN02607,2021-01-20,CUS037,PRD006,MKT001,6,289.02,130.06,158.96
TXN03212,2021-01-20,CUS008,PRD003,MKT008,9,466.2,303.03,163.17
TXN03788,2021-01-20,CUS029,PRD010,MKT010,1,18.05,8.12,9.93
TXN00459,2021-01-21,CUS018,PRD016,MKT007,11,188.65,84.89,103.76
TXN01613,2021-01-21,CUS032,PRD011,MKT009,10,149.8,67.41,82.39
TXN04366,2021-01-21,CUS001,PRD008,MKT001,1,10.32,4.64,5.68
TXN01167,2021-01-22,CUS005,PRD020,MKT004,3,205.62,133.65,71.97
TXN01433,2021-01-22,CUS030,PRD007,MKT003,4,118.56,77.06,41.5
TXN01573,2021-01-22,CUS001,PRD003,MKT001,16,826.88,537.47,289.41
TXN03359,2021-01-22,CUS010,PRD011,MKT010,1,13.57,6.11,7.46
TXN04453,2021-01-22,CUS031,PRD001,MKT003,3,37.53,16.89,20.64
TXN01917,2021-01-23,CUS011,PRD007,MKT009,6,170.28,110.68,59.6
TXN02503,2021-01-23,CUS007,PRD004,MKT003,9,288.18,129.68,158.5
TXN01271,2021-01-24,CUS020,PRD009,MKT003,1,60.15,39.1,21.05
TXN01667,2021-01-24,CUS005,PRD010,MKT004,11,206.03,92.71,113.32
TXN02472,2021-01-24,CUS015,PRD019,MKT001,16,515.36,334.98,180.38
TXN02825,2021-01-24,CUS007,PRD014,MKT004,6,133.32,59.99,73.33
TXN00471,2021-01-25,CUS014,PRD010,MKT005,19,406.22,182.8,223.42
TXN02979,2021-01-25,CUS009,PRD019,MKT001,5,175.0,113.75,61.25
TXN00737,2021-01-26,CUS007,PRD014,MKT004,9,202.32,91.04,111.28
TXN02137,2021-01-26,CUS009,PRD016,MKT003,11,169.29,76.18,93.11
TXN02570,2021-01-26,CUS008,PRD006,MKT006,8,345.76,155.59,190.17
TXN04304,2021-01-26,CUS007,PRD009,MKT005,9,503.1,327.01,176.09
TXN02024,2021-01-27,CUS015,PRD003,MKT002,3,159.27,103.53,55.74
TXN00178,2021-01-28,CUS007,PRD009,MKT002,9,496.62,322.8,173.82
TXN01091,2021-01-28,CUS021,PRD015,MKT001,16,365.44,237.54,127.9
TXN03535,2021-01-28,CUS031,PRD004,MKT006,13,456.95,205.63,251.32
TXN01530,2021-01-29,CUS023,PRD007,MKT002,6,195.84,127.3,68.54
TXN03250,2021-01-29,CUS038,PRD007,MKT009,6,187.08,121.6,65.48
TXN03418,2021-01-29,CUS020,PRD015,MKT002,9,207.36,134.78,72.58
TXN02516,2021-01-30,CUS025,PRD011,MKT002,16,232.48,104.62,127.86
TXN01110,2021-01-31,CUS044,PRD016,MKT001,9,146.34,65.85,80.49
TXN02036,2021-01-31,CUS018,PRD004,MKT002,16,526.72,237.02,289.7
TXN03874,2021-01-31,CUS008,PRD002,MKT001,4,101.88,45.85,56.03
TXN00521,2021-02-01,CUS014,PRD015,MKT005,11,254.76,165.59,89.17
TXN00599,2021-02-01,CUS015,PRD009,MKT010,10,610.3,396.69,213.61
TXN01591,2021-02-01,CUS018,PRD013,MKT004,3,162.33,73.05,89.28
TXN02647,2021-02-01,CUS033,PRD020,MKT002,11,777.26,505.22,272.04
TXN03503,2021-02-01,CUS027,PRD011,MKT009,2,31.24,14.06,17.18
TXN03213,2021-02-02,CUS015,PRD017,MKT002,16,1441.44,936.94,504.5
TXN04811,2021-02-02,CUS025,PRD008,MKT003,13,132.08,59.44,72.64
TXN03367,2021-02-03,CUS043,PRD008,MKT008,14,145.04,65.27,79.77
TXN03646,2021-02-03,CUS043,PRD001,MKT006,11,128.59,57.87,70.72
TXN04096,2021-02-03,CUS004,PRD006,MKT001,5,229.05,103.07,125.98
TXN00668,2021-02-04,CUS024,PRD001,MKT001,3,41.49,18.67,22.82
TXN00889,2021-02-04,CUS005,PRD015,MKT001,15,341.4,221.91,119.49
TXN03333,2021-02-04,CUS045,PRD006,MKT008,16,752.64,338.69,413.95
TXN04073,2021-02-04,CUS015,PRD012,MKT003,4,172.96,112.42,60.54
TXN01422,2021-02-05,CUS010,PRD009,MKT006,1,63.15,41.05,22.1
TXN02173,2021-02-05,CUS012,PRD019,MKT006,11,361.57,235.02,126.55
TXN00703,2021-02-06,CUS016,PRD011,MKT004,6,97.08,43.69,53.39
TXN02258,2021-02-06,CUS022,PRD012,MKT009,1,41.97,27.28,14.69
TXN02582,2021-02-06,CUS007,PRD010,MKT002,12,237.96,107.08,130.88
TXN03271,2021-02-06,CUS034,PRD001,MKT003,9,114.03,51.31,62.72
TXN04971,2021-02-06,CUS024,PRD007,MKT002,1,27.65,17.97,9.68
TXN00563,2021-02-07,CUS003,PRD010,MKT008,13,273.26,122.97,150.29
TXN00634,2021-02-07,CUS035,PRD006,MKT004,1,45.84,20.63,25.21
TXN00959,2021-02-07,CUS021,PRD017,MKT005,8,674.88,438.67,236.21
TXN03127,2021-02-07,CUS023,PRD006,MKT009,11,506.11,227.75,278.36
TXN03726,2021-02-07,CUS040,PRD013,MKT002,12,711.48,320.17,391.31
TXN04653,2021-02-07,CUS002,PRD011,MKT001,1,13.79,6.21,7.58
TXN03692,2021-02-08,CUS020,PRD005,MKT002,13,119.86,77.91,41.95
TXN00741,2021-02-09,CUS044,PRD005,MKT003,7,62.79,40.81,21.98
TXN04773,2021-02-09,CUS034,PRD007,MKT010,1,30.76,19.99,10.77
TXN00401,2021-02-11,CUS018,PRD002,MKT001,3,68.7,30.91,37.79
TXN00693,2021-02-11,CUS002,PRD006,MKT002,3,137.25,61.76,75.49
TXN04007,2021-02-11,CUS020,PRD012,MKT008,13,536.25,348.56,187.69
TXN04396,2021-02-11,CUS002,PRD001,MKT003,9,110.88,49.9,60.98
TXN01672,2021-02-12,CUS012,PRD003,MKT001,13,706.42,459.17,247.25
TXN01697,2021-02-12,CUS026,PRD014,MKT003,1,23.92,10.76,13.16
TXN01601,2021-02-14,CUS019,PRD006,MKT009,13,640.38,288.17,352.21
TXN04743,2021-02-14,CUS013,PRD004,MKT007,5,171.8,77.31,94.49
TXN00060,2021-02-15,CUS023,PRD019,MKT005,6,194.22,126.24,67.98
TXN04354,2021-02-15,CUS004,PRD012,MKT002,5,205.6,133.64,71.96
TXN01162,2021-02-16,CUS013,PRD011,MKT003,16,263.04,118.37,144.67
TXN00149,2021-02-17,CUS042,PRD013,MKT008,10,590.9,265.91,324.99
TXN01367,2021-02-17,CUS050,PRD017,MKT002,11,946.55,615.26,331.29
TXN02379,2021-02-17,CUS005,PRD006,MKT001,3,138.39,62.28,76.11
TXN04443,2021-02-17,CUS012,PRD005,MKT010,16,157.28,102.23,55.05
TXN00897,2021-02-18,CUS016,PRD015,MKT009,10,268.2,174.33,93.87
TXN02422,2021-02-18,CUS006,PRD010,MKT003,15,310.2,139.59,170.61
TXN03552,2021-02-18,CUS009,PRD012,MKT001,6,231.12,150.23,80.89
TXN03683,2021-02-18,CUS018,PRD015,MKT004,1,25.77,16.75,9.02
TXN04587,2021-02-18,CUS022,PRD018,MKT010,14,417.2,187.74,229.46
TXN04847,2021-02-18,CUS024,PRD002,MKT001,16,430.88,193.9,236.98
TXN00192,2021-02-19,CUS049,PRD011,MKT003,13,192.14,86.46,105.68
TXN01449,2021-02-19,CUS006,PRD008,MKT004,4,39.76,17.89,21.87
TXN00876,2021-02-20,CUS003,PRD002,MKT007,7,188.23,84.7,103.53
TXN01132,2021-02-20,CUS009,PRD010,MKT008,6,127.98,57.59,70.39
TXN03121,2021-02-20,CUS035,PRD001,MKT001,10,119.0,53.55,65.45
TXN03744,2021-02-20,CUS025,PRD020,MKT002,3,226.5,147.23,79.27
TXN04540,2021-02-20,CUS020,PRD016,MKT009,1,15.59,7.02,8.57
TXN03069,2021-02-21,CUS042,PRD003,MKT004,1,49.84,32.4,17.44
TXN03890,2021-02-21,CUS031,PRD004,MKT002,5,183.95,82.78,101.17
TXN00362,2021-02-22,CUS014,PRD019,MKT003,1,34.2,22.23,11.97
TXN00998,2021-02-22,CUS013,PRD009,MKT002,3,179.07,116.4,62.67
TXN02204,2021-02-22,CUS010,PRD012,MKT002,4,163.72,106.42,57.3
TXN00509,2021-02-23,CUS038,PRD004,MKT010,1,35.36,15.91,19.45
TXN01690,2021-02-23,CUS013,PRD010,MKT004,11,221.43,99.64,121.79
TXN04948,2021-02-23,CUS014,PRD016,MKT002,1,16.95,7.63,9.32
TXN00138,2021-02-24,CUS006,PRD012,MKT007,3,128.7,83.66,45.04
TXN00347,2021-02-24,CUS007,PRD016,MKT009,6,103.62,46.63,56.99
TXN00629,2021-02-24,CUS016,PRD007,MKT001,1,28.78,18.71,10.07
TXN04260,2021-02-24,CUS007,PRD016,MKT003,1,17.22,7.75,9.47
TXN04740,2021-02-24,CUS003,PRD006,MKT008,13,622.57,280.16,342.41
TXN01048,2021-02-25,CUS022,PRD006,MKT003,2,92.34,41.55,50.79
TXN01978,2021-02-25,CUS010,PRD004,MKT001,15,565.05,254.27,310.78
TXN03785,2021-02-25,CUS008,PRD010,MKT001,4,79.72,35.87,43.85
TXN04407,2021-02-25,CUS005,PRD010,MKT007,1,18.64,8.39,10.25
TXN02752,2021-02-26,CUS007,PRD019,MKT004,3,91.26,59.32,31.94
TXN04579,2021-02-26,CUS005,PRD001,MKT007,10,133.5,60.08,73.42
TXN01820,2021-02-28,CUS045,PRD018,MKT004,16,438.88,197.5,241.38
TXN04388,2021-02-28,CUS007,PRD007,MKT010,11,339.24,220.51,118.73
TXN00252,2021-03-01,CUS049,PRD008,MKT001,3,32.01,14.4,17.61
TXN02572,2021-03-01,CUS027,PRD017,MKT005,15,1464.15,951.7,512.45
TXN03098,2021-03-01,CUS004,PRD020,MKT003,22,1460.58,949.38,511.2
TXN03147,2021-03-01,CUS034,PRD011,MKT004,10,164.1,73.84,90.26
TXN04451,2021-03-01,CUS020,PRD020,MKT002,13,911.95,592.77,319.18
TXN02950,2021-03-02,CUS041,PRD012,MKT001,9,378.36,245.93,132.43
TXN03183,2021-03-02,CUS004,PRD011,MKT008,6,87.66,39.45,48.21
TXN03159,2021-03-03,CUS043,PRD017,MKT002,20,1848.6,1201.59,647.01
TXN01078,2021-03-04,CUS011,PRD010,MKT002,10,218.9,98.5,120.4
TXN01347,2021-03-04,CUS007,PRD008,MKT004,19,204.63,92.08,112.55
TXN03853,2021-03-04,CUS007,PRD014,MKT002,22,512.16,230.47,281.69
TXN01270,2021-03-05,CUS015,PRD012,MKT003,22,866.14,562.99,303.15
TXN03011,2021-03-05,CUS022,PRD017,MKT008,16,1388.16,902.3,485.86
TXN00451,2021-03-06,CUS013,PRD003,MKT003,5,249.3,162.04,87.26
TXN04309,2021-03-06,CUS016,PRD012,MKT002,9,358.11,232.77,125.34
TXN01182,2021-03-07,CUS015,PRD003,MKT006,19,960.07,624.05,336.02
TXN02133,2021-03-07,CUS015,PRD012,MKT003,9,348.84,226.75,122.09
TXN03576,2021-03-07,CUS009,PRD006,MKT007,10,458.7,206.42,252.28
TXN03927,2021-03-07,CUS019,PRD009,MKT007,1,55.98,36.39,19.59
TXN04118,2021-03-07,CUS002,PRD019,MKT002,16,547.84,356.1,191.74
TXN04239,2021-03-07,CUS005,PRD003,MKT007,16,776.96,505.02,271.94
TXN00414,2021-03-08,CUS010,PRD003,MKT001,8,395.52,257.09,138.43
TXN02465,2021-03-08,CUS028,PRD016,MKT002,4,66.12,29.75,36.37
TXN03385,2021-03-08,CUS007,PRD018,MKT007,14,420.42,189.19,231.23
TXN01023,2021-03-09,CUS015,PRD003,MKT008,1,47.88,31.12,16.76
TXN04302,2021-03-09,CUS043,PRD008,MKT002,18,180.18,81.08,99.1
TXN04637,2021-03-09,CUS037,PRD020,MKT007,13,857.74,557.53,300.21
TXN04986,2021-03-09,CUS030,PRD005,MKT002,19,159.22,103.49,55.73
TXN00261,2021-03-10,CUS034,PRD001,MKT003,10,123.5,55.58,67.92
TXN01191,2021-03-10,CUS010,PRD002,MKT004,20,517.4,232.83,284.57
TXN01767,2021-03-10,CUS045,PRD004,MKT009,14,456.4,205.38,251.02
TXN01562,2021-03-11,CUS002,PRD015,MKT002,6,156.0,101.4,54.6
TXN02279,2021-03-11,CUS019,PRD005,MKT003,7,68.74,44.68,24.06
TXN03913,2021-03-11,CUS009,PRD015,MKT006,10,225.4,146.51,78.89
TXN01879,2021-03-12,CUS012,PRD016,MKT004,12,189.48,85.27,104.21
TXN03274,2021-03-12,CUS006,PRD003,MKT004,5,254.05,165.13,88.92
TXN03618,2021-03-12,CUS046,PRD003,MKT002,6,308.22,200.34,107.88
TXN00236,2021-03-13,CUS004,PRD015,MKT001,15,365.55,237.61,127.94
TXN00975,2021-03-13,CUS005,PRD012,MKT005,20,831.6,540.54,291.06
TXN01769,2021-03-13,CUS032,PRD013,MKT002,15,768.6,345.87,422.73
TXN04591,2021-03-13,CUS031,PRD011,MKT002,1,16.07,7.23,8.84
TXN00448,2021-03-14,CUS019,PRD007,MKT008,17,476.51,309.73,166.78
TXN00903,2021-03-15,CUS022,PRD002,MKT003,19,485.45,218.45,267.0
TXN04533,2021-03-15,CUS017,PRD006,MKT008,5,246.95,111.13,135.82
TXN00926,2021-03-16,CUS013,PRD010,MKT002,16,345.28,155.38,189.9
TXN01317,2021-03-16,CUS027,PRD014,MKT006,16,335.36,150.91,184.45
TXN01766,2021-03-16,CUS031,PRD017,MKT005,4,391.6,254.54,137.06
TXN02584,2021-03-16,CUS001,PRD004,MKT009,14,485.38,218.42,266.96
TXN02998,2021-03-16,CUS009,PRD019,MKT005,7,247.8,161.07,86.73
TXN03243,2021-03-16,CUS011,PRD013,MKT003,10,600.6,270.27,330.33
TXN03570,2021-03-16,CUS015,PRD014,MKT009,15,372.6,167.67,204.93
TXN01886,2021-03-17,CUS002,PRD017,MKT004,14,1286.46,836.2,450.26
TXN00717,2021-03-18,CUS017,PRD019,MKT002,21,726.18,472.02,254.16
TXN00919,2021-03-18,CUS020,PRD015,MKT005,14,359.8,233.87,125.93
TXN03472,2021-03-18,CUS027,PRD006,MKT002,14,658.14,296.16,361.98
TXN00330,2021-03-19,CUS031,PRD020,MKT007,8,508.64,330.62,178.02
TXN02787,2021-03-19,CUS037,PRD012,MKT007,4,145.64,94.67,50.97
TXN00810,2021-03-20,CUS008,PRD009,MKT008,10,629.6,409.24,220.36
TXN00444,2021-03-21,CUS001,PRD013,MKT002,16,867.52,390.38,477.14
TXN00841,2021-03-21,CUS029,PRD001,MKT001,20,258.6,116.37,142.23
TXN01761,2021-03-21,CUS001,PRD008,MKT002,8,76.24,34.31,41.93
TXN03424,2021-03-21,CUS019,PRD013,MKT002,17,886.72,399.02,487.7
TXN01703,2021-03-22,CUS031,PRD014,MKT008,15,359.4,161.73,197.67
TXN02523,2021-03-22,CUS003,PRD009,MKT001,14,847.28,550.73,296.55
TXN02658,2021-03-22,CUS019,PRD009,MKT008,8,455.28,295.93,159.35
TXN03547,2021-03-22,CUS015,PRD012,MKT004,17,674.05,438.13,235.92
TXN04075,2021-03-22,CUS012,PRD009,MKT001,1,55.54,36.1,19.44
TXN03134,2021-03-23,CUS021,PRD013,MKT003,1,49.59,22.32,27.27
TXN04677,2021-03-23,CUS048,PRD015,MKT002,12,285.6,185.64,99.96
TXN00813,2021-03-24,CUS003,PRD002,MKT008,15,341.4,153.63,187.77
TXN03005,2021-03-24,CUS026,PRD015,MKT001,6,140.16,91.1,49.06
TXN03342,2021-03-24,CUS009,PRD009,MKT001,7,379.05,246.38,132.67
TXN02678,2021-03-25,CUS029,PRD018,MKT003,9,264.24,118.91,145.33
TXN03602,2021-03-25,CUS019,PRD002,MKT002,6,159.36,71.71,87.65
TXN04145,2021-03-25,CUS025,PRD015,MKT006,2,53.46,34.75,18.71
TXN04950,2021-03-25,CUS037,PRD004,MKT007,10,355.4,159.93,195.47
TXN00288,2021-03-26,CUS050,PRD015,MKT004,22,539.88,350.92,188.96
TXN00425,2021-03-26,CUS044,PRD006,MKT006,14,688.8,309.96,378.84
TXN02907,2021-03-26,CUS015,PRD003,MKT001,13,681.2,442.78,238.42
TXN04088,2021-03-26,CUS045,PRD004,MKT001,19,647.71,291.47,356.24
TXN00195,2021-03-27,CUS013,PRD002,MKT003,19,451.44,203.15,248.29
TXN00883,2021-03-27,CUS016,PRD016,MKT001,4,67.72,30.47,37.25
TXN04157,2021-03-27,CUS010,PRD016,MKT003,14,230.86,103.89,126.97
TXN00785,2021-03-28,CUS023,PRD017,MKT001,5,447.85,291.1,156.75
TXN01857,2021-03-28,CUS043,PRD002,MKT002,8,203.76,91.69,112.07
TXN03081,2021-03-28,CUS036,PRD007,MKT001,22,609.62,396.25,213.37
TXN04267,2021-03-28,CUS015,PRD004,MKT009,7,248.5,111.83,136.67
TXN04886,2021-03-28,CUS008,PRD017,MKT002,7,659.4,428.61,230.79
TXN02815,2021-03-29,CUS008,PRD004,MKT001,20,685.8,308.61,377.19
TXN03761,2021-03-29,CUS022,PRD006,MKT002,2,94.78,42.65,52.13
TXN04295,2021-03-29,CUS009,PRD017,MKT005,12,1143.12,743.03,400.09
TXN00649,2021-03-30,CUS043,PRD006,MKT003,14,667.66,300.45,367.21
TXN01706,2021-03-31,CUS021,PRD005,MKT002,21,206.85,134.45,72.4
TXN03053,2021-03-31,CUS005,PRD015,MKT001,16,394.72,256.57,138.15
TXN03571,2021-03-31,CUS031,PRD008,MKT002,1,9.75,4.39,5.36
TXN04155,2021-03-31,CUS004,PRD002,MKT002,9,235.35,105.91,129.44
TXN04538,2021-03-31,CUS042,PRD005,MKT001,18,168.12,109.28,58.84
TXN04669,2021-03-31,CUS003,PRD015,MKT007,11,298.21,193.84,104.37
TXN02110,2021-04-02,CUS013,PRD002,MKT003,22,564.52,254.03,310.49
TXN02337,2021-04-02,CUS006,PRD008,MKT006,2,19.34,8.7,10.64
TXN02931,2021-04-02,CUS014,PRD010,MKT004,20,374.8,168.66,206.14
TXN03769,2021-04-02,CUS002,PRD013,MKT009,13,644.02,289.81,354.21
TXN04287,2021-04-02,CUS013,PRD005,MKT008,15,125.1,81.31,43.79
TXN04952,2021-04-02,CUS023,PRD008,MKT002,13,129.48,58.27,71.21
TXN01970,2021-04-03,CUS024,PRD005,MKT002,10,97.0,63.05,33.95
TXN03651,2021-04-03,CUS008,PRD016,MKT009,18,313.56,141.1,172.46
TXN00020,2021-04-04,CUS026,PRD017,MKT001,6,506.46,329.2,177.26
TXN00123,2021-04-04,CUS040,PRD011,MKT004,2,30.56,13.75,16.81
TXN01267,2021-04-04,CUS009,PRD016,MKT006,3,48.93,22.02,26.91
TXN03021,2021-04-04,CUS003,PRD019,MKT001,18,620.1,403.07,217.03
TXN04014,2021-04-04,CUS001,PRD001,MKT001,9,106.38,47.87,58.51
TXN04938,2021-04-04,CUS002,PRD016,MKT009,23,422.74,190.23,232.51
TXN03712,2021-04-05,CUS014,PRD012,MKT005,1,40.12,26.08,14.04
TXN04189,2021-04-05,CUS005,PRD012,MKT006,19,822.89,534.88,288.01
TXN04487,2021-04-05,CUS016,PRD007,MKT002,3,89.73,58.32,31.41
TXN01570,2021-04-07,CUS007,PRD003,MKT003,9,466.83,303.44,163.39
TXN02145,2021-04-07,CUS016,PRD010,MKT008,14,260.68,117.31,143.37
TXN02349,2021-04-07,CUS002,PRD002,MKT010,14,371.56,167.2,204.36
TXN03939,2021-04-07,CUS018,PRD017,MKT010,2,175.22,113.89,61.33
TXN04282,2021-04-07,CUS001,PRD004,MKT001,15,517.65,232.94,284.71
TXN04301,2021-04-07,CUS011,PRD007,MKT008,8,239.36,155.58,83.78
TXN00530,2021-04-08,CUS033,PRD012,MKT004,3,119.07,77.4,41.67
TXN01173,2021-04-08,CUS047,PRD011,MKT001,14,193.34,87.0,106.34
TXN01708,2021-04-09,CUS031,PRD004,MKT007,19,654.74,294.63,360.11
TXN02917,2021-04-09,CUS017,PRD017,MKT008,1,87.56,56.91,30.65
TXN03766,2021-04-09,CUS013,PRD018,MKT001,3,89.28,40.18,49.1
TXN00748,2021-04-10,CUS020,PRD012,MKT001,22,919.82,597.88,321.94
TXN01609,2021-04-10,CUS001,PRD004,MKT008,1,36.49,16.42,20.07
TXN02392,2021-04-11,CUS013,PRD009,MKT007,14,915.88,595.32,320.56
TXN00046,2021-04-12,CUS044,PRD015,MKT009,7,187.67,121.99,65.68
TXN01605,2021-04-12,CUS028,PRD017,MKT005,2,188.26,122.37,65.89
TXN01363,2021-04-13,CUS014,PRD017,MKT004,4,350.84,228.05,122.79
TXN01387,2021-04-13,CUS008,PRD014,MKT004,11,253.77,114.2,139.57
TXN04775,2021-04-13,CUS033,PRD018,MKT006,6,162.0,72.9,89.1
TXN01361,2021-04-14,CUS021,PRD019,MKT001,16,576.8,374.92,201.88
TXN02335,2021-04-14,CUS012,PRD010,MKT008,5,91.85,41.33,50.52
TXN02625,2021-04-14,CUS005,PRD018,MKT001,1,26.35,11.86,14.49
TXN02876,2021-04-14,CUS035,PRD003,MKT001,21,1063.65,691.37,372.28
TXN03327,2021-04-14,CUS005,PRD005,MKT002,21,173.04,112.48,60.56
TXN03443,2021-04-14,CUS005,PRD014,MKT001,7,151.13,68.01,83.12
TXN02733,2021-04-15,CUS001,PRD011,MKT002,22,348.04,156.62,191.42
TXN04002,2021-04-15,CUS009,PRD002,MKT003,9,227.88,102.55,125.33
TXN04695,2021-04-15,CUS006,PRD002,MKT005,11,293.15,131.92,161.23
TXN00174,2021-04-16,CUS004,PRD001,MKT001,14,167.86,75.54,92.32
TXN00375,2021-04-16,CUS005,PRD008,MKT007,14,132.58,59.66,72.92
TXN03144,2021-04-16,CUS029,PRD018,MKT006,13,333.06,149.88,183.18
TXN04027,2021-04-16,CUS013,PRD019,MKT003,10,361.4,234.91,126.49
TXN00147,2021-04-19,CUS034,PRD020,MKT001,8,541.84,352.2,189.64
TXN01792,2021-04-19,CUS009,PRD017,MKT006,15,1309.95,851.47,458.48
TXN03749,2021-04-19,CUS017,PRD004,MKT002,3,110.22,49.6,60.62
TXN04386,2021-04-19,CUS029,PRD006,MKT008,4,181.8,81.81,99.99
TXN00019,2021-04-21,CUS015,PRD015,MKT006,19,436.62,283.8,152.82
TXN01454,2021-04-21,CUS012,PRD020,MKT001,13,905.97,588.88,317.09
TXN04005,2021-04-21,CUS018,PRD003,MKT003,12,548.64,356.62,192.02
TXN01465,2021-04-22,CUS048,PRD012,MKT010,2,84.06,54.64,29.42
TXN03901,2021-04-22,CUS006,PRD016,MKT008,19,291.27,131.07,160.2
TXN04801,2021-04-22,CUS013,PRD001,MKT006,20,273.4,123.03,150.37
TXN01333,2021-04-23,CUS003,PRD002,MKT008,14,329.84,148.43,181.41
TXN04228,2021-04-23,CUS045,PRD012,MKT002,23,1009.93,656.45,353.48
TXN00866,2021-04-24,CUS028,PRD009,MKT007,18,1023.84,665.5,358.34
TXN02764,2021-04-24,CUS017,PRD015,MKT001,16,395.2,256.88,138.32
TXN01225,2021-04-25,CUS039,PRD007,MKT003,3,95.82,62.28,33.54
TXN02654,2021-04-25,CUS026,PRD009,MKT003,2,113.8,73.97,39.83
TXN03230,2021-04-26,CUS020,PRD012,MKT008,13,503.75,327.44,176.31
TXN04454,2021-04-26,CUS019,PRD020,MKT003,12,845.52,549.59,295.93
TXN04787,2021-04-26,CUS035,PRD008,MKT009,14,140.98,63.44,77.54
TXN00386,2021-04-27,CUS002,PRD018,MKT007,1,26.65,11.99,14.66
TXN00956,2021-04-27,CUS039,PRD002,MKT004,17,443.87,199.74,244.13
TXN01689,2021-04-27,CUS020,PRD013,MKT001,19,1132.97,509.84,623.13
TXN01752,2021-04-27,CUS013,PRD008,MKT004,15,164.1,73.84,90.26
TXN02367,2021-04-27,CUS012,PRD017,MKT002,23,2064.94,1342.21,722.73
TXN03468,2021-04-27,CUS003,PRD016,MKT005,5,92.2,41.49,50.71
TXN04959,2021-04-27,CUS014,PRD017,MKT001,21,1802.22,1171.44,630.78
TXN00950,2021-04-29,CUS013,PRD007,MKT004,19,536.94,349.01,187.93
TXN01494,2021-04-29,CUS022,PRD006,MKT001,22,956.34,430.35,525.99
TXN02983,2021-04-30,CUS008,PRD004,MKT006,14,474.74,213.63,261.11
TXN04251,2021-04-30,CUS013,PRD020,MKT001,10,734.4,477.36,257.04
TXN02631,2021-05-01,CUS042,PRD005,MKT001,20,195.0,126.75,68.25
TXN00377,2021-05-03,CUS018,PRD003,MKT002,6,289.74,188.33,101.41
TXN01105,2021-05-03,CUS044,PRD011,MKT001,11,162.25,73.01,89.24
TXN01298,2021-05-03,CUS032,PRD014,MKT007,15,365.55,164.5,201.05
TXN04138,2021-05-03,CUS028,PRD009,MKT002,4,251.72,163.62,88.1
TXN01847,2021-05-04,CUS040,PRD006,MKT002,18,813.06,365.88,447.18
TXN02504,2021-05-05,CUS022,PRD006,MKT001,3,129.63,58.33,71.3
TXN03904,2021-05-05,CUS012,PRD017,MKT003,4,353.48,229.76,123.72
TXN00304,2021-05-06,CUS008,PRD018,MKT001,10,304.2,136.89,167.31
TXN01996,2021-05-06,CUS024,PRD013,MKT005,7,395.5,177.97,217.53
TXN02148,2021-05-06,CUS013,PRD013,MKT005,4,224.8,101.16,123.64
TXN04825,2021-05-06,CUS028,PRD011,MKT001,6,98.04,44.12,53.92
TXN00247,2021-05-07,CUS043,PRD017,MKT007,4,386.8,251.42,135.38
TXN00676,2021-05-07,CUS045,PRD019,MKT007,8,258.56,168.06,90.5
TXN03858,2021-05-07,CUS027,PRD020,MKT007,1,65.37,42.49,22.88
TXN04625,2021-05-07,CUS014,PRD014,MKT001,5,125.35,56.41,68.94
TXN00539,2021-05-08,CUS006,PRD018,MKT004,20,615.2,276.84,338.36
TXN01446,2021-05-08,CUS013,PRD016,MKT007,22,376.64,169.49,207.15
TXN04033,2021-05-08,CUS003,PRD012,MKT006,1,37.16,24.15,13.01
TXN00562,2021-05-09,CUS044,PRD018,MKT004,12,325.92,146.66,179.26
TXN00932,2021-05-09,CUS009,PRD015,MKT010,9,230.58,149.88,80.7
TXN02000,2021-05-09,CUS044,PRD007,MKT006,3,84.15,54.7,29.45
TXN03428,2021-05-10,CUS004,PRD015,MKT007,6,164.58,106.98,57.6
TXN04193,2021-05-10,CUS039,PRD005,MKT003,4,33.96,22.07,11.89
TXN03948,2021-05-11,CUS013,PRD018,MKT009,20,535.4,240.93,294.47
TXN01190,2021-05-12,CUS008,PRD014,MKT005,10,224.3,100.94,123.36
TXN01403,2021-05-12,CUS015,PRD013,MKT002,4,233.04,104.87,128.17
TXN01625,2021-05-12,CUS026,PRD019,MKT001,6,215.7,140.21,75.49
TXN02275,2021-05-12,CUS036,PRD010,MKT001,9,161.91,72.86,89.05
TXN02296,2021-05-13,CUS030,PRD015,MKT001,20,528.6,343.59,185.01
TXN04092,2021-05-13,CUS036,PRD009,MKT001,11,699.49,454.67,244.82
TXN01826,2021-05-15,CUS006,PRD004,MKT002,8,281.6,126.72,154.88
TXN00199,2021-05-16,CUS034,PRD015,MKT010,19,456.95,297.02,159.93
TXN03546,2021-05-16,CUS019,PRD020,MKT001,14,994.42,646.37,348.05
TXN03624,2021-05-16,CUS019,PRD005,MKT007,2,18.44,11.99,6.45
TXN04091,2021-05-16,CUS001,PRD001,MKT003,20,241.8,108.81,132.99
TXN04618,2021-05-16,CUS025,PRD016,MKT007,24,401.76,180.79,220.97
TXN03048,2021-05-17,CUS016,PRD011,MKT004,23,356.5,160.43,196.07
TXN03091,2021-05-17,CUS004,PRD009,MKT004,17,1048.9,681.79,367.11
TXN03283,2021-05-17,CUS009,PRD008,MKT002,7,68.81,30.96,37.85
TXN04581,2021-05-17,CUS004,PRD015,MKT005,11,260.59,169.38,91.21
TXN04739,2021-05-17,CUS020,PRD016,MKT005,7,112.56,50.65,61.91
TXN00158,2021-05-18,CUS024,PRD010,MKT002,12,256.8,115.56,141.24
TXN00209,2021-05-18,CUS015,PRD009,MKT002,24,1443.36,938.18,505.18
TXN00706,2021-05-18,CUS032,PRD005,MKT008,23,218.04,141.73,76.31
TXN01128,2021-05-18,CUS026,PRD009,MKT008,19,1045.38,679.5,365.88
TXN01512,2021-05-18,CUS026,PRD005,MKT001,11,101.53,65.99,35.54
TXN02056,2021-05-18,CUS006,PRD012,MKT010,6,234.3,152.3,82.0
TXN02231,2021-05-18,CUS048,PRD005,MKT009,24,209.52,136.19,73.33
TXN02101,2021-05-19,CUS020,PRD011,MKT003,21,329.91,148.46,181.45
TXN02855,2021-05-19,CUS027,PRD013,MKT001,6,361.86,162.84,199.02
TXN04248,2021-05-19,CUS043,PRD013,MKT010,23,1145.86,515.64,630.22
TXN04893,2021-05-19,CUS008,PRD005,MKT005,11,104.61,68.0,36.61
TXN00460,2021-05-20,CUS003,PRD017,MKT007,9,870.66,565.93,304.73
TXN01430,2021-05-20,CUS035,PRD012,MKT009,11,418.33,271.91,146.42
TXN02019,2021-05-20,CUS016,PRD001,MKT002,6,71.7,32.27,39.43
TXN03996,2021-05-20,CUS008,PRD016,MKT006,14,251.58,113.21,138.37
TXN04560,2021-05-20,CUS013,PRD009,MKT008,16,866.08,562.95,303.13
TXN00104,2021-05-21,CUS050,PRD012,MKT003,14,534.24,347.26,186.98
TXN03880,2021-05-21,CUS004,PRD017,MKT002,1,91.27,59.33,31.94
TXN00273,2021-05-22,CUS005,PRD009,MKT003,23,1481.89,963.23,518.66
TXN02091,2021-05-22,CUS028,PRD020,MKT003,1,65.29,42.44,22.85
TXN01636,2021-05-23,CUS001,PRD004,MKT008,12,412.08,185.44,226.64
TXN02546,2021-05-23,CUS004,PRD004,MKT008,6,209.22,94.15,115.07
TXN01386,2021-05-24,CUS022,PRD019,MKT001,10,325.4,211.51,113.89
TXN01517,2021-05-24,CUS008,PRD007,MKT010,21,678.51,441.03,237.48
TXN01679,2021-05-24,CUS012,PRD008,MKT002,21,204.96,92.23,112.73
TXN00042,2021-05-25,CUS018,PRD003,MKT009,22,1188.66,772.63,416.03
TXN00571,2021-05-25,CUS003,PRD017,MKT005,15,1268.7,824.66,444.04
TXN00918,2021-05-25,CUS013,PRD001,MKT007,12,162.72,73.22,89.5
TXN02586,2021-05-25,CUS021,PRD010,MKT001,13,254.02,114.31,139.71
TXN00477,2021-05-26,CUS006,PRD014,MKT001,20,441.6,198.72,242.88
TXN01481,2021-05-26,CUS004,PRD005,MKT003,5,40.6,26.39,14.21
TXN02970,2021-05-26,CUS046,PRD001,MKT009,1,13.98,6.29,7.69
TXN04023,2021-05-26,CUS020,PRD017,MKT005,8,728.4,473.46,254.94
TXN03262,2021-05-27,CUS002,PRD013,MKT010,9,451.8,203.31,248.49
TXN03821,2021-05-27,CUS008,PRD001,MKT006,12,161.64,72.74,88.9
TXN00202,2021-05-28,CUS032,PRD020,MKT008,19,1376.36,894.63,481.73
TXN00626,2021-05-28,CUS043,PRD008,MKT001,6,62.7,28.21,34.49
TXN00757,2021-05-28,CUS007,PRD017,MKT007,12,1047.6,680.94,366.66
TXN01314,2021-05-28,CUS013,PRD009,MKT003,16,1016.32,660.61,355.71
TXN02456,2021-05-28,CUS020,PRD012,MKT004,10,417.9,271.63,146.27
TXN04590,2021-05-28,CUS021,PRD018,MKT008,6,165.72,74.57,91.15
TXN04722,2021-05-28,CUS014,PRD010,MKT001,15,309.3,139.19,170.11
TXN03151,2021-05-29,CUS008,PRD014,MKT002,14,311.5,140.18,171.32
TXN03854,2021-05-29,CUS002,PRD017,MKT006,14,1233.4,801.71,431.69
TXN01250,2021-05-30,CUS009,PRD018,MKT005,24,729.12,328.1,401.02
TXN04130,2021-05-30,CUS031,PRD001,MKT001,22,280.28,126.13,154.15
TXN01039,2021-06-02,CUS007,PRD013,MKT009,25,1308.5,588.83,719.67
TXN03128,2021-06-02,CUS016,PRD002,MKT007,9,209.7,94.37,115.33
TXN03320,2021-06-02,CUS012,PRD004,MKT002,27,885.87,398.64,487.23
TXN02193,2021-06-03,CUS023,PRD002,MKT008,12,308.16,138.67,169.49
TXN02519,2021-06-03,CUS003,PRD006,MKT001,13,601.9,270.86,331.04
TXN04949,2021-06-04,CUS024,PRD004,MKT004,12,435.0,195.75,239.25
TXN00710,2021-06-05,CUS010,PRD008,MKT001,1,10.27,4.62,5.65
TXN03529,2021-06-07,CUS018,PRD020,MKT001,3,196.95,128.02,68.93
TXN00877,2021-06-08,CUS013,PRD018,MKT008,8,235.04,105.77,129.27
TXN02877,2021-06-08,CUS010,PRD011,MKT008,5,73.55,33.1,40.45
TXN04259,2021-06-08,CUS035,PRD003,MKT007,2,92.18,59.92,32.26
TXN00994,2021-06-09,CUS025,PRD019,MKT010,20,594.8,386.62,208.18
TXN02115,2021-06-09,CUS002,PRD006,MKT001,17,758.71,341.42,417.29
TXN02803,2021-06-09,CUS015,PRD001,MKT001,24,296.88,133.6,163.28
TXN03422,2021-06-09,CUS008,PRD020,MKT007,11,807.62,524.95,282.67
TXN03597,2021-06-09,CUS006,PRD014,MKT002,4,90.96,40.93,50.03
TXN01237,2021-06-10,CUS028,PRD019,MKT008,17,517.99,336.69,181.3
TXN03812,2021-06-10,CUS027,PRD017,MKT003,9,797.4,518.31,279.09
TXN04982,2021-06-10,CUS003,PRD011,MKT007,14,194.88,87.7,107.18
TXN01254,2021-06-12,CUS004,PRD018,MKT004,16,435.04,195.77,239.27
TXN01650,2021-06-12,CUS002,PRD009,MKT009,18,1142.64,742.72,399.92
TXN04746,2021-06-12,CUS037,PRD006,MKT001,15,712.05,320.42,391.63
TXN00269,2021-06-13,CUS035,PRD015,MKT008,14,338.66,220.13,118.53
TXN01548,2021-06-13,CUS030,PRD005,MKT001,3,24.87,16.17,8.7
TXN04181,2021-06-13,CUS014,PRD013,MKT009,4,226.84,102.08,124.76
TXN04884,2021-06-13,CUS036,PRD011,MKT003,26,373.88,168.25,205.63
TXN04962,2021-06-13,CUS032,PRD012,MKT001,1,40.1,26.07,14.03
TXN02746,2021-06-14,CUS002,PRD001,MKT004,2,27.44,12.35,15.09
TXN03895,2021-06-14,CUS025,PRD010,MKT003,6,108.36,48.76,59.6
TXN04459,2021-06-14,CUS034,PRD014,MKT009,6,128.22,57.7,70.52
TXN00713,2021-06-15,CUS012,PRD017,MKT001,6,543.54,353.3,190.24
TXN00847,2021-06-15,CUS018,PRD011,MKT004,20,281.0,126.45,154.55
TXN03252,2021-06-15,CUS036,PRD016,MKT009,13,237.25,106.76,130.49
TXN00440,2021-06-16,CUS025,PRD010,MKT001,2,42.46,19.11,23.35
TXN01444,2021-06-17,CUS014,PRD012,MKT003,20,859.6,558.74,300.86
TXN01920,2021-06-17,CUS005,PRD001,MKT003,23,322.0,144.9,177.1
TXN00772,2021-06-18,CUS001,PRD018,MKT009,18,482.22,217.0,265.22
TXN00917,2021-06-18,CUS034,PRD010,MKT002,16,344.64,155.09,189.55
TXN01311,2021-06-18,CUS044,PRD016,MKT001,17,279.65,125.84,153.81
TXN03057,2021-06-19,CUS038,PRD017,MKT008,15,1437.15,934.15,503.0
TXN03745,2021-06-19,CUS013,PRD005,MKT005,14,133.98,87.09,46.89
TXN01020,2021-06-20,CUS025,PRD004,MKT005,13,414.31,186.44,227.87
TXN01415,2021-06-20,CUS006,PRD012,MKT007,2,87.58,56.93,30.65
TXN01947,2021-06-20,CUS019,PRD001,MKT006,2,28.32,12.74,15.58
TXN02205,2021-06-20,CUS033,PRD003,MKT002,12,626.64,407.32,219.32
TXN03083,2021-06-20,CUS044,PRD008,MKT009,19,177.46,79.86,97.6
TXN04922,2021-06-20,CUS014,PRD008,MKT007,20,215.6,97.02,118.58
TXN00654,2021-06-21,CUS002,PRD006,MKT002,25,1207.5,543.38,664.12
TXN04273,2021-06-21,CUS016,PRD009,MKT001,7,382.27,248.48,133.79
TXN04568,2021-06-21,CUS004,PRD019,MKT003,17,566.61,368.3,198.31
TXN04670,2021-06-21,CUS018,PRD019,MKT003,17,528.02,343.21,184.81
TXN04895,2021-06-21,CUS017,PRD009,MKT009,1,64.95,42.22,22.73
TXN01565,2021-06-23,CUS024,PRD006,MKT001,7,334.11,150.35,183.76
TXN00225,2021-06-24,CUS021,PRD016,MKT005,13,221.13,99.51,121.62
TXN02601,2021-06-24,CUS020,PRD008,MKT006,22,234.52,105.53,128.99
TXN00487,2021-06-25,CUS033,PRD002,MKT001,27,623.97,280.79,343.18
TXN03043,2021-06-25,CUS019,PRD016,MKT003,11,184.14,82.86,101.28
TXN04511,2021-06-25,CUS037,PRD003,MKT001,5,260.75,169.49,91.26
TXN00690,2021-06-26,CUS031,PRD019,MKT006,23,738.76,480.19,258.57
TXN00816,2021-06-26,CUS021,PRD003,MKT008,1,45.34,29.47,15.87
TXN00836,2021-06-26,CUS007,PRD020,MKT002,26,1918.28,1246.88,671.4
TXN00865,2021-06-26,CUS039,PRD019,MKT004,12,423.24,275.11,148.13
TXN02399,2021-06-26,CUS001,PRD005,MKT005,6,51.48,33.46,18.02
TXN03130,2021-06-26,CUS010,PRD018,MKT005,11,324.39,145.98,178.41
TXN03257,2021-06-26,CUS024,PRD017,MKT004,19,1555.72,1011.22,544.5
TXN00152,2021-06-27,CUS005,PRD006,MKT001,12,571.8,257.31,314.49
TXN02744,2021-06-27,CUS023,PRD018,MKT001,14,380.38,171.17,209.21
TXN00244,2021-06-28,CUS020,PRD016,MKT007,8,136.88,61.6,75.28
TXN00636,2021-06-28,CUS012,PRD011,MKT004,5,70.55,31.75,38.8
TXN00661,2021-06-28,CUS030,PRD009,MKT008,16,924.48,600.91,323.57
TXN01127,2021-06-28,CUS026,PRD009,MKT003,6,381.96,248.27,133.69
TXN02598,2021-06-28,CUS014,PRD015,MKT003,22,577.28,375.23,202.05
TXN03945,2021-06-28,CUS008,PRD009,MKT004,7,380.24,247.16,133.08
TXN02134,2021-06-29,CUS005,PRD018,MKT004,19,552.9,248.81,304.09
TXN02543,2021-06-29,CUS002,PRD004,MKT002,20,684.2,307.89,376.31
TXN02410,2021-06-30,CUS003,PRD001,MKT008,17,215.56,97.0,118.56
TXN03623,2021-06-30,CUS015,PRD001,MKT002,19,264.67,119.1,145.57
TXN04199,2021-06-30,CUS013,PRD007,MKT002,18,494.28,321.28,173.0
TXN00537,2021-07-02,CUS035,PRD001,MKT005,8,106.96,48.13,58.83
TXN01321,2021-07-02,CUS022,PRD018,MKT005,20,576.8,259.56,317.24
TXN02214,2021-07-02,CUS027,PRD005,MKT002,8,71.36,46.38,24.98
TXN01395,2021-07-03,CUS019,PRD002,MKT001,2,48.76,21.94,26.82
TXN02118,2021-07-03,CUS010,PRD013,MKT005,12,690.48,310.72,379.76
TXN03022,2021-07-03,CUS004,PRD007,MKT007,17,536.35,348.63,187.72
TXN04159,2021-07-03,CUS010,PRD016,MKT003,17,309.4,139.23,170.17
TXN04687,2021-07-03,CUS024,PRD016,MKT009,21,324.87,146.19,178.68
TXN02458,2021-07-04,CUS011,PRD005,MKT009,24,204.24,132.76,71.48
TXN03000,2021-07-04,CUS020,PRD017,MKT005,1,84.35,54.83,29.52
TXN03561,2021-07-04,CUS029,PRD019,MKT001,7,209.93,136.45,73.48
TXN03049,2021-07-06,CUS003,PRD012,MKT008,4,175.12,113.83,61.29
TXN03588,2021-07-06,CUS014,PRD006,MKT002,12,554.88,249.7,305.18
TXN04762,2021-07-06,CUS003,PRD008,MKT008,14,137.9,62.05,75.85
TXN00021,2021-07-07,CUS004,PRD004,MKT004,3,103.77,46.7,57.07
TXN04696,2021-07-07,CUS030,PRD015,MKT007,4,98.32,63.91,34.41
TXN01963,2021-07-08,CUS029,PRD005,MKT008,5,48.8,31.72,17.08
TXN02893,2021-07-08,CUS035,PRD015,MKT007,14,361.9,235.24,126.66
TXN04690,2021-07-08,CUS021,PRD002,MKT001,5,115.1,51.8,63.3
TXN02693,2021-07-09,CUS007,PRD001,MKT001,3,41.34,18.6,22.74
TXN02775,2021-07-09,CUS007,PRD003,MKT001,25,1175.75,764.24,411.51
TXN03211,2021-07-09,CUS002,PRD015,MKT010,9,234.81,152.63,82.18
TXN03830,2021-07-09,CUS013,PRD006,MKT001,7,326.41,146.88,179.53
TXN00672,2021-07-11,CUS014,PRD012,MKT004,16,576.48,374.71,201.77
TXN00098,2021-07-12,CUS007,PRD010,MKT005,13,251.42,113.14,138.28
TXN02520,2021-07-12,CUS027,PRD018,MKT001,2,54.22,24.4,29.82
TXN03396,2021-07-12,CUS018,PRD008,MKT002,16,169.6,76.32,93.28
TXN03820,2021-07-12,CUS006,PRD011,MKT002,2,29.68,13.36,16.32
TXN04817,2021-07-12,CUS034,PRD005,MKT005,3,25.65,16.67,8.98
TXN01740,2021-07-13,CUS034,PRD011,MKT006,9,126.36,56.86,69.5
TXN02704,2021-07-13,CUS010,PRD011,MKT008,18,268.02,120.61,147.41
TXN04363,2021-07-13,CUS011,PRD014,MKT003,12,268.32,120.74,147.58
TXN00624,2021-07-14,CUS008,PRD016,MKT001,26,411.58,185.21,226.37
TXN00868,2021-07-15,CUS014,PRD008,MKT007,10,101.8,45.81,55.99
TXN01087,2021-07-15,CUS016,PRD002,MKT007,24,627.6,282.42,345.18
TXN01344,2021-07-15,CUS036,PRD016,MKT004,25,453.0,203.85,249.15
TXN04165,2021-07-15,CUS001,PRD005,MKT002,20,172.6,112.19,60.41
TXN04397,2021-07-15,CUS027,PRD008,MKT008,3,29.37,13.22,16.15
TXN01800,2021-07-16,CUS005,PRD007,MKT003,19,515.28,334.93,180.35
TXN03857,2021-07-16,CUS025,PRD011,MKT004,10,159.4,71.73,87.67
TXN00752,2021-07-17,CUS020,PRD002,MKT003,5,115.15,51.82,63.33
TXN00850,2021-07-18,CUS001,PRD013,MKT003,6,355.2,159.84,195.36
TXN03322,2021-07-18,CUS006,PRD017,MKT003,14,1356.18,881.52,474.66
TXN04006,2021-07-18,CUS041,PRD012,MKT003,7,301.91,196.24,105.67
TXN01411,2021-07-19,CUS034,PRD019,MKT004,1,33.91,22.04,11.87
TXN04214,2021-07-19,CUS038,PRD005,MKT002,14,125.58,81.63,43.95
TXN00130,2021-07-20,CUS003,PRD006,MKT001,26,1147.38,516.32,631.06
TXN00738,2021-07-20,CUS035,PRD001,MKT006,4,54.08,24.34,29.74
TXN00778,2021-07-20,CUS039,PRD012,MKT002,14,560.56,364.36,196.2
TXN01090,2021-07-20,CUS015,PRD003,MKT006,6,317.34,206.27,111.07
TXN01724,2021-07-20,CUS010,PRD019,MKT001,9,301.41,195.92,105.49
TXN02540,2021-07-20,CUS012,PRD007,MKT005,16,435.2,282.88,152.32
TXN00142,2021-07-21,CUS039,PRD018,MKT010,8,227.12,102.2,124.92
TXN00506,2021-07-21,CUS016,PRD002,MKT008,6,145.98,65.69,80.29
TXN01834,2021-07-21,CUS004,PRD001,MKT004,11,129.25,58.16,71.09
TXN01460,2021-07-23,CUS011,PRD017,MKT007,13,1196.26,777.57,418.69
TXN03281,2021-07-23,CUS010,PRD018,MKT004,18,498.96,224.53,274.43
TXN04918,2021-07-23,CUS015,PRD008,MKT001,22,228.14,102.66,125.48
TXN00819,2021-07-24,CUS021,PRD013,MKT004,17,961.01,432.45,528.56
TXN03207,2021-07-24,CUS009,PRD002,MKT007,16,383.52,172.58,210.94
TXN03716,2021-07-24,CUS026,PRD012,MKT004,26,1055.86,686.31,369.55
TXN03444,2021-07-25,CUS009,PRD006,MKT002,4,162.64,73.19,89.45
TXN01462,2021-07-26,CUS012,PRD014,MKT006,4,90.0,40.5,49.5
TXN02499,2021-07-26,CUS046,PRD013,MKT001,16,876.32,394.34,481.98
TXN03348,2021-07-26,CUS007,PRD020,MKT006,1,63.41,41.22,22.19
TXN03475,2021-07-26,CUS043,PRD001,MKT006,24,315.12,141.8,173.32
TXN00189,2021-07-27,CUS022,PRD001,MKT010,13,166.4,74.88,91.52
TXN01242,2021-07-27,CUS003,PRD010,MKT008,24,469.92,211.46,258.46
TXN00934,2021-07-28,CUS016,PRD010,MKT007,20,430.4,193.68,236.72
TXN01746,2021-07-28,CUS039,PRD010,MKT002,22,431.64,194.24,237.4
TXN01840,2021-07-28,CUS001,PRD008,MKT006,17,179.18,80.63,98.55
TXN04522,2021-07-28,CUS001,PRD014,MKT004,8,181.04,81.47,99.57
TXN00399,2021-07-29,CUS018,PRD020,MKT002,22,1640.76,1066.49,574.27
TXN02154,2021-07-29,CUS007,PRD013,MKT010,6,361.14,162.51,198.63
TXN00325,2021-07-30,CUS037,PRD007,MKT003,26,837.2,544.18,293.02
TXN01047,2021-07-30,CUS027,PRD006,MKT002,18,735.12,330.8,404.32
TXN01372,2021-07-30,CUS042,PRD007,MKT009,5,154.35,100.33,54.02
TXN03717,2021-07-30,CUS026,PRD013,MKT003,18,1048.32,471.74,576.58
TXN00794,2021-07-31,CUS010,PRD001,MKT006,13,171.6,77.22,94.38
TXN01459,2021-07-31,CUS015,PRD001,MKT001,21,293.58,132.11,161.47
TXN03012,2021-07-31,CUS002,PRD017,MKT001,7,676.83,439.94,236.89
TXN04080,2021-07-31,CUS027,PRD012,MKT006,12,454.08,295.15,158.93
TXN04215,2021-07-31,CUS016,PRD009,MKT004,25,1609.25,1046.01,563.24
TXN04325,2021-07-31,CUS004,PRD019,MKT008,19,643.15,418.05,225.1
TXN00782,2021-08-01,CUS036,PRD018,MKT004,8,204.56,92.05,112.51
TXN00535,2021-08-02,CUS002,PRD019,MKT003,23,742.9,482.88,260.02
TXN01863,2021-08-02,CUS001,PRD012,MKT010,13,477.1,310.12,166.98
TXN03811,2021-08-03,CUS005,PRD015,MKT001,9,237.78,154.56,83.22
TXN00443,2021-08-04,CUS007,PRD009,MKT002,20,1237.6,804.44,433.16
TXN02464,2021-08-05,CUS020,PRD018,MKT010,8,204.56,92.05,112.51
TXN02580,2021-08-05,CUS019,PRD004,MKT007,9,323.64,145.64,178.0
TXN03813,2021-08-05,CUS015,PRD001,MKT001,3,35.28,15.88,19.4
TXN03832,2021-08-06,CUS016,PRD007,MKT002,13,417.17,271.16,146.01
TXN01272,2021-08-07,CUS023,PRD013,MKT006,15,829.35,373.21,456.14
TXN02393,2021-08-07,CUS011,PRD007,MKT003,23,693.91,451.04,242.87
TXN00515,2021-08-08,CUS011,PRD020,MKT010,24,1577.52,1025.39,552.13
TXN01427,2021-08-08,CUS005,PRD015,MKT004,15,391.05,254.18,136.87
TXN03411,2021-08-08,CUS012,PRD007,MKT006,13,389.61,253.25,136.36
TXN04010,2021-08-08,CUS025,PRD010,MKT002,24,473.52,213.08,260.44
TXN04173,2021-08-08,CUS006,PRD016,MKT003,22,373.12,167.9,205.22
TXN02447,2021-08-09,CUS014,PRD003,MKT007,13,708.37,460.44,247.93
TXN04994,2021-08-09,CUS042,PRD010,MKT002,10,216.8,97.56,119.24
TXN00513,2021-08-10,CUS034,PRD016,MKT002,2,34.34,15.45,18.89
TXN00895,2021-08-10,CUS022,PRD001,MKT003,8,107.28,48.28,59.0
TXN02785,2021-08-10,CUS039,PRD018,MKT001,22,569.8,256.41,313.39
TXN04565,2021-08-10,CUS005,PRD007,MKT005,15,439.05,285.38,153.67
TXN04941,2021-08-10,CUS003,PRD009,MKT005,14,862.26,560.47,301.79
TXN00349,2021-08-11,CUS009,PRD009,MKT004,22,1391.06,904.19,486.87
TXN02510,2021-08-11,CUS013,PRD020,MKT005,1,72.18,46.92,25.26
TXN04793,2021-08-11,CUS013,PRD010,MKT001,4,72.32,32.54,39.78
TXN03886,2021-08-12,CUS020,PRD003,MKT006,8,428.72,278.67,150.05
TXN04198,2021-08-12,CUS046,PRD012,MKT006,2,82.02,53.31,28.71
TXN04238,2021-08-13,CUS037,PRD006,MKT007,15,703.05,316.37,386.68
TXN01541,2021-08-14,CUS005,PRD009,MKT001,21,1270.08,825.55,444.53
TXN00287,2021-08-15,CUS030,PRD012,MKT005,2,73.04,47.48,25.56
TXN00003,2021-08-16,CUS017,PRD020,MKT008,1,72.51,47.13,25.38
TXN01882,2021-08-16,CUS035,PRD010,MKT001,5,97.1,43.7,53.4
TXN03782,2021-08-16,CUS020,PRD002,MKT002,3,81.66,36.75,44.91
TXN02221,2021-08-17,CUS020,PRD020,MKT007,24,1741.44,1131.94,609.5
TXN03002,2021-08-17,CUS027,PRD019,MKT006,6,197.58,128.43,69.15
TXN04932,2021-08-17,CUS043,PRD007,MKT002,7,203.35,132.18,71.17
TXN01011,2021-08-18,CUS019,PRD007,MKT003,9,258.57,168.07,90.5
TXN03372,2021-08-19,CUS012,PRD019,MKT004,14,419.86,272.91,146.95
TXN04514,2021-08-19,CUS003,PRD013,MKT009,22,1307.46,588.36,719.1
TXN00118,2021-08-20,CUS009,PRD005,MKT006,22,212.08,137.85,74.23
TXN00128,2021-08-20,CUS011,PRD007,MKT006,5,144.85,94.15,50.7
TXN01736,2021-08-20,CUS005,PRD005,MKT005,19,180.12,117.08,63.04
TXN04019,2021-08-20,CUS004,PRD012,MKT004,20,772.2,501.93,270.27
TXN00085,2021-08-21,CUS001,PRD011,MKT010,11,155.76,70.09,85.67
TXN02732,2021-08-21,CUS007,PRD015,MKT001,21,525.84,341.8,184.04
TXN04314,2021-08-21,CUS019,PRD005,MKT005,24,217.68,141.49,76.19
TXN00616,2021-08-22,CUS004,PRD006,MKT007,24,1168.8,525.96,642.84
TXN04925,2021-08-22,CUS022,PRD003,MKT008,18,841.32,546.86,294.46
TXN04964,2021-08-22,CUS030,PRD019,MKT006,2,61.24,39.81,21.43
TXN00323,2021-08-23,CUS034,PRD015,MKT001,4,100.32,65.21,35.11
TXN00769,2021-08-23,CUS039,PRD009,MKT001,7,409.08,265.9,143.18
TXN00796,2021-08-23,CUS042,PRD007,MKT002,13,367.25,238.71,128.54
TXN03337,2021-08-25,CUS048,PRD006,MKT003,23,1054.32,474.44,579.88
TXN00018,2021-08-26,CUS030,PRD004,MKT001,13,441.61,198.72,242.89
TXN00666,2021-08-26,CUS025,PRD008,MKT003,3,31.53,14.19,17.34
TXN04047,2021-08-26,CUS001,PRD006,MKT005,1,46.94,21.12,25.82
TXN01393,2021-08-27,CUS007,PRD007,MKT001,10,301.1,195.72,105.38
TXN02062,2021-08-27,CUS027,PRD013,MKT004,3,149.73,67.38,82.35
TXN01836,2021-08-28,CUS019,PRD010,MKT002,3,54.51,24.53,29.98
TXN02198,2021-08-28,CUS022,PRD016,MKT007,8,128.56,57.85,70.71
TXN04105,2021-08-28,CUS030,PRD002,MKT002,1,26.52,11.93,14.59
TXN04194,2021-08-28,CUS004,PRD013,MKT009,1,60.28,27.13,33.15
TXN04661,2021-08-28,CUS038,PRD010,MKT003,8,161.84,72.83,89.01
TXN01071,2021-08-29,CUS016,PRD004,MKT009,1,36.0,16.2,19.8
TXN04256,2021-08-29,CUS034,PRD013,MKT002,20,1056.8,475.56,581.24
TXN03059,2021-08-30,CUS001,PRD002,MKT002,13,320.06,144.03,176.03
TXN03676,2021-08-30,CUS001,PRD011,MKT003,20,280.0,126.0,154.0
TXN03106,2021-08-31,CUS025,PRD018,MKT003,7,178.08,80.14,97.94
TXN03404,2021-08-31,CUS022,PRD009,MKT002,20,1304.4,847.86,456.54
TXN03825,2021-08-31,CUS020,PRD009,MKT006,1,63.56,41.31,22.25
TXN04170,2021-09-01,CUS020,PRD018,MKT009,20,602.0,270.9,331.1
TXN01022,2021-09-02,CUS027,PRD016,MKT004,14,246.54,110.94,135.6
TXN02386,2021-09-02,CUS040,PRD013,MKT002,22,1182.28,532.03,650.25
TXN03392,2021-09-02,CUS002,PRD007,MKT005,6,195.66,127.18,68.48
TXN04494,2021-09-02,CUS034,PRD015,MKT008,12,328.08,213.25,114.83
TXN00078,2021-09-03,CUS001,PRD008,MKT007,15,151.05,67.97,83.08
TXN03920,2021-09-03,CUS041,PRD018,MKT007,15,450.0,202.5,247.5
TXN04433,2021-09-03,CUS018,PRD009,MKT001,26,1598.74,1039.18,559.56
TXN04915,2021-09-05,CUS022,PRD006,MKT007,1,44.5,20.03,24.47
TXN00982,2021-09-07,CUS014,PRD004,MKT007,22,781.22,351.55,429.67
TXN04658,2021-09-07,CUS048,PRD015,MKT005,16,419.68,272.79,146.89
TXN02699,2021-09-09,CUS001,PRD003,MKT007,9,420.12,273.08,147.04
TXN02751,2021-09-10,CUS007,PRD019,MKT001,8,271.6,176.54,95.06
TXN04275,2021-09-10,CUS043,PRD002,MKT002,3,72.33,32.55,39.78
TXN01137,2021-09-11,CUS018,PRD018,MKT005,17,520.88,234.4,286.48
TXN02261,2021-09-11,CUS015,PRD007,MKT005,20,588.4,382.46,205.94
TXN00839,2021-09-12,CUS021,PRD004,MKT008,24,792.48,356.62,435.86
TXN04923,2021-09-12,CUS001,PRD007,MKT007,9,277.92,180.65,97.27
TXN00657,2021-09-13,CUS011,PRD014,MKT003,19,471.01,211.95,259.06
TXN00745,2021-09-13,CUS023,PRD010,MKT005,23,490.36,220.66,269.7
TXN03035,2021-09-13,CUS039,PRD009,MKT003,6,358.44,232.99,125.45
TXN03932,2021-09-13,CUS026,PRD006,MKT001,26,1118.0,503.1,614.9
TXN00742,2021-09-14,CUS035,PRD001,MKT008,16,193.92,87.26,106.66
TXN03534,2021-09-14,CUS016,PRD002,MKT001,27,692.28,311.53,380.75
TXN00567,2021-09-15,CUS024,PRD009,MKT006,22,1422.74,924.78,497.96
TXN03599,2021-09-15,CUS030,PRD016,MKT001,18,309.78,139.4,170.38
TXN04981,2021-09-15,CUS002,PRD012,MKT010,24,991.44,644.44,347.0
TXN00299,2021-09-16,CUS007,PRD017,MKT003,16,1316.8,855.92,460.88
TXN03946,2021-09-16,CUS022,PRD014,MKT001,14,320.04,144.02,176.02
TXN00736,2021-09-17,CUS040,PRD001,MKT007,8,94.8,42.66,52.14
TXN02002,2021-09-17,CUS032,PRD018,MKT005,24,636.24,286.31,349.93
TXN02711,2021-09-17,CUS028,PRD015,MKT001,26,614.12,399.18,214.94
TXN01997,2021-09-18,CUS017,PRD020,MKT008,8,601.92,391.25,210.67
TXN02174,2021-09-18,CUS036,PRD001,MKT009,12,147.36,66.31,81.05
TXN03989,2021-09-19,CUS036,PRD002,MKT001,26,623.22,280.45,342.77
TXN04003,2021-09-19,CUS044,PRD018,MKT006,6,155.7,70.06,85.64
TXN01145,2021-09-20,CUS013,PRD019,MKT001,7,214.97,139.73,75.24
TXN03200,2021-09-20,CUS028,PRD002,MKT001,20,492.6,221.67,270.93
TXN00080,2021-09-21,CUS001,PRD007,MKT006,14,438.62,285.1,153.52
TXN00588,2021-09-21,CUS019,PRD010,MKT001,14,259.98,116.99,142.99
TXN00855,2021-09-21,CUS006,PRD001,MKT006,14,187.6,84.42,103.18
TXN04413,2021-09-21,CUS009,PRD004,MKT001,5,158.4,71.28,87.12
TXN01108,2021-09-22,CUS020,PRD014,MKT008,16,364.8,164.16,200.64
TXN01292,2021-09-22,CUS016,PRD015,MKT009,17,402.05,261.33,140.72
TXN03409,2021-09-22,CUS030,PRD006,MKT002,23,1025.57,461.51,564.06
TXN03911,2021-09-22,CUS022,PRD007,MKT002,4,130.12,84.58,45.54
TXN04070,2021-09-22,CUS030,PRD020,MKT001,15,982.65,638.72,343.93
TXN00988,2021-09-23,CUS004,PRD012,MKT002,4,170.28,110.68,59.6
TXN01283,2021-09-23,CUS009,PRD017,MKT005,25,2328.0,1513.2,814.8
TXN02402,2021-09-23,CUS010,PRD019,MKT005,26,879.84,571.9,307.94
TXN00722,2021-09-24,CUS041,PRD008,MKT006,8,73.52,33.08,40.44
TXN01851,2021-09-24,CUS009,PRD016,MKT001,2,32.06,14.43,17.63
TXN01727,2021-09-26,CUS002,PRD018,MKT003,22,667.26,300.27,366.99
TXN01789,2021-09-26,CUS014,PRD009,MKT005,9,574.02,373.11,200.91
TXN04449,2021-09-26,CUS006,PRD006,MKT009,8,393.2,176.94,216.26
TXN02370,2021-09-27,CUS002,PRD011,MKT001,26,370.76,166.84,203.92
TXN01055,2021-09-28,CUS022,PRD010,MKT009,2,37.92,17.06,20.86
TXN02236,2021-09-28,CUS026,PRD008,MKT010,15,140.55,63.25,77.3
TXN03290,2021-09-28,CUS025,PRD014,MKT005,15,317.7,142.97,174.73
TXN01336,2021-09-29,CUS026,PRD009,MKT001,18,999.36,649.58,349.78
TXN02574,2021-09-29,CUS045,PRD011,MKT005,3,42.75,19.24,23.51
TXN03837,2021-09-30,CUS013,PRD003,MKT004,15,699.45,454.64,244.81
TXN01124,2021-10-01,CUS010,PRD013,MKT009,26,1389.96,625.48,764.48
TXN01178,2021-10-01,CUS016,PRD011,MKT007,21,317.73,142.98,174.75
TXN01839,2021-10-01,CUS026,PRD020,MKT002,19,1264.26,821.77,442.49
TXN02791,2021-10-01,CUS033,PRD005,MKT007,9,84.15,54.7,29.45
TXN03647,2021-10-01,CUS045,PRD001,MKT001,16,195.68,88.06,107.62
TXN03806,2021-10-01,CUS016,PRD017,MKT007,4,347.0,225.55,121.45
TXN00791,2021-10-02,CUS006,PRD016,MKT004,15,240.75,108.34,132.41
TXN01778,2021-10-02,CUS029,PRD009,MKT004,25,1372.75,892.29,480.46
TXN02354,2021-10-03,CUS003,PRD012,MKT005,12,479.64,311.77,167.87
TXN02487,2021-10-05,CUS001,PRD015,MKT003,3,68.07,44.25,23.82
TXN04423,2021-10-05,CUS002,PRD015,MKT003,24,576.96,375.02,201.94
TXN03067,2021-10-06,CUS021,PRD013,MKT002,22,1195.04,537.77,657.27
TXN03326,2021-10-06,CUS041,PRD012,MKT006,4,167.64,108.97,58.67
TXN03377,2021-10-06,CUS023,PRD017,MKT003,27,2557.17,1662.16,895.01
TXN04122,2021-10-06,CUS014,PRD010,MKT002,3,58.95,26.53,32.42
TXN01827,2021-10-07,CUS017,PRD003,MKT001,9,491.22,319.29,171.93
TXN02646,2021-10-07,CUS004,PRD014,MKT007,13,305.89,137.65,168.24
TXN00342,2021-10-08,CUS035,PRD003,MKT004,10,469.2,304.98,164.22
TXN01301,2021-10-08,CUS009,PRD005,MKT001,1,8.74,5.68,3.06
TXN04623,2021-10-08,CUS040,PRD007,MKT001,13,407.16,264.65,142.51
TXN04701,2021-10-08,CUS011,PRD016,MKT006,4,66.44,29.9,36.54
TXN00067,2021-10-09,CUS012,PRD003,MKT006,30,1607.7,1045.01,562.69
TXN00099,2021-10-09,CUS033,PRD004,MKT002,10,338.7,152.41,186.29
TXN01239,2021-10-09,CUS012,PRD009,MKT002,8,527.44,342.84,184.6
TXN00455,2021-10-10,CUS013,PRD010,MKT006,18,358.92,161.51,197.41
TXN01428,2021-10-10,CUS015,PRD012,MKT006,22,906.18,589.02,317.16
TXN00145,2021-10-11,CUS043,PRD003,MKT010,13,697.97,453.68,244.29
TXN02682,2021-10-11,CUS042,PRD019,MKT006,16,479.04,311.38,167.66
TXN02892,2021-10-11,CUS014,PRD012,MKT003,2,83.4,54.21,29.19
TXN03843,2021-10-11,CUS031,PRD002,MKT004,3,74.22,33.4,40.82
TXN03684,2021-10-12,CUS004,PRD003,MKT007,10,481.5,312.98,168.52
TXN04789,2021-10-12,CUS008,PRD010,MKT007,14,286.16,128.77,157.39
TXN03601,2021-10-13,CUS003,PRD010,MKT007,7,142.52,64.13,78.39
TXN02479,2021-10-14,CUS002,PRD002,MKT001,20,466.2,209.79,256.41
TXN02696,2021-10-14,CUS047,PRD005,MKT006,12,113.88,74.02,39.86
TXN00662,2021-10-15,CUS026,PRD001,MKT003,2,26.28,11.83,14.45
TXN01041,2021-10-16,CUS005,PRD013,MKT009,26,1398.54,629.34,769.2
TXN03508,2021-10-16,CUS014,PRD011,MKT002,13,195.65,88.04,107.61
TXN01259,2021-10-17,CUS023,PRD018,MKT001,26,797.68,358.96,438.72
TXN04534,2021-10-17,CUS023,PRD006,MKT001,2,93.38,42.02,51.36
TXN00538,2021-10-18,CUS013,PRD012,MKT001,10,390.5,253.82,136.68
TXN04231,2021-10-18,CUS016,PRD005,MKT001,22,215.38,140.0,75.38
TXN01116,2021-10-19,CUS028,PRD019,MKT009,6,178.32,115.91,62.41
TXN01890,2021-10-19,CUS039,PRD010,MKT007,30,636.6,286.47,350.13
TXN02908,2021-10-20,CUS023,PRD004,MKT002,1,37.33,16.8,20.53
TXN03087,2021-10-20,CUS023,PRD012,MKT007,24,992.4,645.06,347.34
TXN01714,2021-10-21,CUS006,PRD016,MKT007,6,106.08,47.74,58.34
TXN02155,2021-10-21,CUS022,PRD017,MKT008,7,597.8,388.57,209.23
TXN00006,2021-10-22,CUS027,PRD011,MKT001,25,359.75,161.89,197.86
TXN00925,2021-10-22,CUS004,PRD016,MKT009,27,463.05,208.37,254.68
TXN02835,2021-10-22,CUS033,PRD016,MKT006,20,366.4,164.88,201.52
TXN00901,2021-10-23,CUS008,PRD002,MKT002,15,404.1,181.85,222.25
TXN01100,2021-10-23,CUS017,PRD003,MKT006,26,1384.24,899.76,484.48
TXN04668,2021-10-23,CUS016,PRD016,MKT008,9,155.52,69.98,85.54
TXN01005,2021-10-24,CUS008,PRD019,MKT005,2,72.3,46.99,25.31
TXN01719,2021-10-24,CUS016,PRD015,MKT006,30,726.0,471.9,254.1
TXN02195,2021-10-24,CUS009,PRD016,MKT004,26,424.06,190.83,233.23
TXN04342,2021-10-24,CUS036,PRD019,MKT002,10,355.5,231.07,124.43
TXN01556,2021-10-25,CUS048,PRD003,MKT010,27,1369.71,890.31,479.4
TXN01634,2021-10-25,CUS020,PRD004,MKT008,25,898.25,404.21,494.04
TXN01854,2021-10-25,CUS023,PRD016,MKT001,3,53.13,23.91,29.22
TXN02969,2021-10-25,CUS004,PRD020,MKT009,3,223.08,145.0,78.08
TXN00028,2021-10-26,CUS038,PRD011,MKT001,20,274.6,123.57,151.03
TXN00712,2021-10-26,CUS003,PRD016,MKT002,3,48.75,21.94,26.81
TXN01457,2021-10-26,CUS025,PRD010,MKT002,6,118.62,53.38,65.24
TXN03338,2021-10-26,CUS012,PRD017,MKT003,10,832.7,541.25,291.45
TXN02149,2021-10-27,CUS050,PRD012,MKT007,1,38.59,25.08,13.51
TXN02191,2021-10-27,CUS009,PRD009,MKT010,7,418.88,272.27,146.61
TXN03161,2021-10-27,CUS031,PRD006,MKT008,13,625.56,281.5,344.06
TXN03240,2021-10-27,CUS006,PRD007,MKT002,9,263.61,171.35,92.26
TXN01099,2021-10-28,CUS023,PRD006,MKT001,14,623.84,280.73,343.11
TXN04126,2021-10-28,CUS029,PRD003,MKT002,29,1543.67,1003.39,540.28
TXN01086,2021-10-29,CUS001,PRD011,MKT004,27,430.65,193.79,236.86
TXN02470,2021-10-29,CUS009,PRD016,MKT003,1,16.3,7.34,8.96
TXN01246,2021-10-30,CUS021,PRD007,MKT003,14,388.92,252.8,136.12
TXN01370,2021-10-30,CUS042,PRD007,MKT006,13,400.4,260.26,140.14
TXN01466,2021-10-30,CUS028,PRD007,MKT003,10,282.3,183.5,98.8
TXN04364,2021-10-30,CUS009,PRD003,MKT010,18,924.66,601.03,323.63
TXN01158,2021-10-31,CUS019,PRD002,MKT005,1,25.13,11.31,13.82
TXN01312,2021-10-31,CUS005,PRD006,MKT006,16,699.84,314.93,384.91
TXN02235,2021-11-03,CUS038,PRD015,MKT001,35,823.9,535.53,288.37
TXN04965,2021-11-03,CUS034,PRD011,MKT003,27,372.6,167.67,204.93
TXN00316,2021-11-04,CUS031,PRD011,MKT006,14,208.74,93.93,114.81
TXN02554,2021-11-04,CUS038,PRD019,MKT008,5,149.25,97.01,52.24
TXN04057,2021-11-04,CUS036,PRD016,MKT008,22,339.68,152.86,186.82
TXN04576,2021-11-04,CUS012,PRD013,MKT004,8,446.24,200.81,245.43
TXN02435,2021-11-05,CUS001,PRD004,MKT002,7,263.48,118.57,144.91
TXN03488,2021-11-05,CUS024,PRD002,MKT007,15,351.6,158.22,193.38
TXN00983,2021-11-06,CUS003,PRD017,MKT007,15,1365.0,887.25,477.75
TXN03182,2021-11-06,CUS032,PRD012,MKT008,31,1235.04,802.78,432.26
TXN03640,2021-11-06,CUS037,PRD010,MKT002,1,21.41,9.63,11.78
TXN03896,2021-11-06,CUS008,PRD010,MKT006,35,653.1,293.89,359.21
TXN04721,2021-11-06,CUS002,PRD018,MKT002,28,778.96,350.53,428.43
TXN00664,2021-11-07,CUS018,PRD014,MKT003,15,335.4,150.93,184.47
TXN00767,2021-11-07,CUS012,PRD007,MKT004,32,995.2,646.88,348.32
TXN01426,2021-11-07,CUS012,PRD018,MKT007,17,475.66,214.05,261.61
TXN00508,2021-11-08,CUS001,PRD018,MKT001,2,55.66,25.05,30.61
TXN02854,2021-11-08,CUS018,PRD009,MKT001,30,1924.8,1251.12,673.68
TXN04484,2021-11-08,CUS010,PRD014,MKT008,10,230.9,103.91,126.99
TXN00491,2021-11-09,CUS006,PRD008,MKT006,11,109.78,49.4,60.38
TXN01574,2021-11-09,CUS007,PRD012,MKT010,22,839.96,545.97,293.99
TXN03751,2021-11-09,CUS012,PRD009,MKT007,17,1107.89,720.13,387.76
TXN04174,2021-11-09,CUS044,PRD001,MKT002,30,400.5,180.23,220.27
TXN01638,2021-11-10,CUS013,PRD002,MKT001,17,406.13,182.76,223.37
TXN00733,2021-11-11,CUS003,PRD008,MKT001,11,117.59,52.92,64.67
TXN00995,2021-11-11,CUS013,PRD003,MKT002,17,918.0,596.7,321.3
TXN04385,2021-11-11,CUS027,PRD002,MKT006,14,347.76,156.49,191.27
TXN04679,2021-11-11,CUS037,PRD019,MKT002,25,834.5,542.43,292.07
TXN02491,2021-11-12,CUS012,PRD017,MKT007,12,1044.12,678.68,365.44
TXN03514,2021-11-12,CUS038,PRD012,MKT008,5,183.55,119.31,64.24
TXN04620,2021-11-12,CUS045,PRD014,MKT003,1,23.4,10.53,12.87
TXN00871,2021-11-13,CUS018,PRD019,MKT001,2,65.46,42.55,22.91
TXN03097,2021-11-13,CUS009,PRD002,MKT001,25,604.5,272.02,332.48
TXN04204,2021-11-14,CUS014,PRD005,MKT001,7,68.74,44.68,24.06
TXN04400,2021-11-14,CUS009,PRD010,MKT003,28,521.64,234.74,286.9
TXN00416,2021-11-15,CUS013,PRD001,MKT003,4,52.96,23.83,29.13
TXN03407,2021-11-15,CUS023,PRD016,MKT006,8,128.64,57.89,70.75
TXN04162,2021-11-15,CUS019,PRD010,MKT002,7,148.4,66.78,81.62
TXN04404,2021-11-15,CUS001,PRD001,MKT001,32,384.64,173.09,211.55
TXN00250,2021-11-17,CUS005,PRD009,MKT009,11,701.69,456.1,245.59
TXN03730,2021-11-17,CUS014,PRD019,MKT002,1,30.68,19.94,10.74
TXN00131,2021-11-19,CUS031,PRD001,MKT008,21,267.96,120.58,147.38
TXN00466,2021-11-19,CUS047,PRD014,MKT001,35,850.5,382.73,467.77
TXN02254,2021-11-20,CUS004,PRD019,MKT002,4,138.36,89.93,48.43
TXN00595,2021-11-21,CUS029,PRD002,MKT006,18,417.06,187.68,229.38
TXN00249,2021-11-22,CUS033,PRD006,MKT007,12,534.36,240.46,293.9
TXN03112,2021-11-22,CUS004,PRD006,MKT004,35,1589.35,715.21,874.14
TXN03930,2021-11-22,CUS014,PRD015,MKT001,1,27.39,17.8,9.59
TXN04860,2021-11-22,CUS012,PRD017,MKT001,25,2037.75,1324.54,713.21
TXN03141,2021-11-23,CUS046,PRD010,MKT004,25,462.5,208.13,254.37
TXN04188,2021-11-23,CUS006,PRD017,MKT003,32,2593.28,1685.63,907.65
TXN01008,2021-11-24,CUS003,PRD018,MKT001,22,631.84,284.33,347.51
TXN01251,2021-11-24,CUS010,PRD018,MKT002,22,648.34,291.75,356.59
TXN02257,2021-11-24,CUS019,PRD018,MKT007,7,189.21,85.14,104.07
TXN02638,2021-11-24,CUS019,PRD018,MKT007,20,589.4,265.23,324.17
TXN03826,2021-11-24,CUS038,PRD011,MKT003,31,439.89,197.95,241.94
TXN04074,2021-11-24,CUS012,PRD007,MKT007,18,511.38,332.4,178.98
TXN00014,2021-11-25,CUS014,PRD005,MKT001,1,9.15,5.95,3.2
TXN00290,2021-11-25,CUS010,PRD018,MKT007,30,854.4,384.48,469.92
TXN03885,2021-11-25,CUS033,PRD010,MKT005,30,556.5,250.43,306.07
TXN00869,2021-11-26,CUS004,PRD018,MKT001,11,290.29,130.63,159.66
TXN01977,2021-11-26,CUS036,PRD012,MKT008,20,765.4,497.51,267.89
TXN03978,2021-11-26,CUS022,PRD018,MKT008,21,547.68,246.46,301.22
TXN00292,2021-11-27,CUS005,PRD004,MKT002,32,1058.24,476.21,582.03
TXN03365,2021-11-27,CUS028,PRD004,MKT006,28,1008.0,453.6,554.4
TXN03612,2021-11-27,CUS026,PRD017,MKT001,7,575.96,374.37,201.59
TXN00293,2021-11-28,CUS036,PRD017,MKT002,30,2946.0,1914.9,1031.1
TXN01578,2021-11-28,CUS032,PRD011,MKT008,30,415.8,187.11,228.69
TXN03007,2021-11-28,CUS016,PRD018,MKT003,31,817.47,367.86,449.61
TXN03486,2021-11-28,CUS016,PRD012,MKT009,1,38.16,24.8,13.36
TXN00656,2021-11-29,CUS017,PRD015,MKT001,31,809.72,526.32,283.4
TXN00056,2021-11-30,CUS039,PRD011,MKT006,34,533.8,240.21,293.59
TXN01107,2021-11-30,CUS022,PRD009,MKT003,30,1902.9,1236.88,666.02
TXN01873,2021-11-30,CUS003,PRD005,MKT004,24,213.36,138.68,74.68
TXN02157,2021-11-30,CUS049,PRD018,MKT001,20,611.0,274.95,336.05
TXN02524,2021-11-30,CUS003,PRD001,MKT009,31,438.34,197.25,241.09
TXN02418,2021-12-01,CUS037,PRD001,MKT002,9,106.47,47.91,58.56
TXN03199,2021-12-01,CUS036,PRD012,MKT004,36,1485.72,965.72,520.0
TXN00811,2021-12-02,CUS043,PRD009,MKT002,1,55.49,36.07,19.42
TXN01747,2021-12-02,CUS025,PRD020,MKT009,8,574.96,373.72,201.24
TXN00739,2021-12-03,CUS021,PRD006,MKT007,31,1407.09,633.19,773.9
TXN00837,2021-12-03,CUS023,PRD005,MKT003,16,156.32,101.61,54.71
TXN01325,2021-12-03,CUS010,PRD013,MKT001,29,1624.29,730.93,893.36
TXN02866,2021-12-05,CUS009,PRD011,MKT003,21,323.4,145.53,177.87
TXN04978,2021-12-05,CUS007,PRD005,MKT002,3,29.13,18.93,10.2
TXN00585,2021-12-06,CUS028,PRD003,MKT001,31,1576.97,1025.03,551.94
TXN01168,2021-12-06,CUS022,PRD002,MKT001,21,545.16,245.32,299.84
TXN01340,2021-12-06,CUS005,PRD008,MKT010,16,153.28,68.98,84.3
TXN02287,2021-12-06,CUS003,PRD020,MKT005,33,2478.3,1610.89,867.41
TXN03659,2021-12-06,CUS036,PRD011,MKT002,26,385.32,173.39,211.93
TXN03936,2021-12-06,CUS008,PRD005,MKT001,39,342.03,222.32,119.71
TXN04573,2021-12-06,CUS041,PRD012,MKT008,19,781.09,507.71,273.38
TXN04828,2021-12-06,CUS009,PRD018,MKT007,4,121.28,54.58,66.7
TXN01066,2021-12-07,CUS014,PRD005,MKT002,37,301.92,196.25,105.67
TXN03401,2021-12-07,CUS015,PRD002,MKT003,26,614.9,276.7,338.2
TXN04656,2021-12-07,CUS004,PRD016,MKT003,23,417.45,187.85,229.6
TXN04985,2021-12-08,CUS032,PRD008,MKT001,16,147.2,66.24,80.96
TXN00879,2021-12-09,CUS002,PRD011,MKT001,28,436.24,196.31,239.93
TXN00885,2021-12-09,CUS007,PRD002,MKT007,18,466.38,209.87,256.51
TXN01453,2021-12-09,CUS002,PRD002,MKT004,9,217.08,97.69,119.39
TXN02359,2021-12-09,CUS033,PRD011,MKT006,3,48.66,21.9,26.76
TXN02897,2021-12-09,CUS023,PRD006,MKT010,11,465.41,209.43,255.98
TXN04780,2021-12-09,CUS012,PRD010,MKT008,21,405.3,182.39,222.91
TXN04899,2021-12-09,CUS009,PRD011,MKT007,16,252.96,113.83,139.13
TXN00655,2021-12-10,CUS028,PRD012,MKT004,36,1546.92,1005.5,541.42
TXN01959,2021-12-10,CUS017,PRD007,MKT002,31,891.25,579.31,311.94
TXN04100,2021-12-10,CUS021,PRD011,MKT003,39,635.7,286.07,349.63
TXN04116,2021-12-11,CUS005,PRD013,MKT007,26,1381.64,621.74,759.9
TXN04725,2021-12-11,CUS035,PRD017,MKT002,3,265.2,172.38,92.82
TXN00856,2021-12-12,CUS021,PRD012,MKT001,13,530.92,345.1,185.82
TXN01147,2021-12-12,CUS032,PRD015,MKT006,6,147.48,95.86,51.62
TXN00238,2021-12-14,CUS003,PRD014,MKT004,1,22.36,10.06,12.3
TXN01122,2021-12-14,CUS007,PRD019,MKT002,1,30.24,19.66,10.58
TXN02013,2021-12-14,CUS003,PRD008,MKT004,9,86.04,38.72,47.32
TXN02963,2021-12-14,CUS018,PRD016,MKT003,8,147.76,66.49,81.27
TXN01420,2021-12-15,CUS045,PRD020,MKT008,37,2364.67,1537.04,827.63
TXN04826,2021-12-15,CUS028,PRD008,MKT001,6,59.82,26.92,32.9
TXN00012,2021-12-16,CUS034,PRD009,MKT002,29,1828.45,1188.49,639.96
TXN03171,2021-12-16,CUS016,PRD004,MKT008,37,1320.16,594.07,726.09
TXN04013,2021-12-17,CUS027,PRD020,MKT005,8,614.88,399.67,215.21
TXN02686,2021-12-18,CUS049,PRD013,MKT005,23,1333.08,599.89,733.19
TXN03438,2021-12-18,CUS025,PRD008,MKT003,18,184.5,83.02,101.48
TXN04274,2021-12-18,CUS030,PRD011,MKT001,39,607.62,273.43,334.19
TXN04611,2021-12-18,CUS006,PRD015,MKT003,16,387.2,251.68,135.52
TXN03419,2021-12-19,CUS005,PRD009,MKT002,16,908.96,590.82,318.14
TXN03616,2021-12-19,CUS009,PRD020,MKT009,6,444.3,288.8,155.5
TXN00279,2021-12-20,CUS011,PRD007,MKT002,6,162.9,105.89,57.01
TXN01141,2021-12-20,CUS021,PRD002,MKT002,34,795.94,358.17,437.77
TXN02332,2021-12-20,CUS013,PRD004,MKT002,33,1218.03,548.11,669.92
TXN02433,2021-12-20,CUS006,PRD017,MKT006,26,2389.14,1552.94,836.2
TXN02948,2021-12-20,CUS020,PRD014,MKT001,28,593.04,266.87,326.17
TXN04464,2021-12-20,CUS004,PRD006,MKT004,8,379.68,170.86,208.82
TXN02805,2021-12-21,CUS005,PRD008,MKT001,23,213.67,96.15,117.52
TXN02843,2021-12-21,CUS015,PRD017,MKT005,41,4056.13,2636.48,1419.65
TXN03894,2021-12-22,CUS006,PRD015,MKT001,41,987.69,642.0,345.69
TXN04380,2021-12-22,CUS019,PRD019,MKT001,23,726.8,472.42,254.38
TXN02721,2021-12-23,CUS011,PRD010,MKT007,23,415.84,187.13,228.71
TXN03633,2021-12-23,CUS016,PRD008,MKT003,24,219.6,98.82,120.78
TXN03763,2021-12-23,CUS005,PRD005,MKT008,23,195.73,127.22,68.51
TXN04076,2021-12-23,CUS035,PRD002,MKT005,14,373.52,168.08,205.44
TXN00898,2021-12-24,CUS003,PRD004,MKT010,29,1101.13,495.51,605.62
TXN02113,2021-12-24,CUS027,PRD018,MKT001,1,27.08,12.19,14.89
TXN02119,2021-12-24,CUS026,PRD005,MKT001,6,49.92,32.45,17.47
TXN03166,2021-12-24,CUS006,PRD011,MKT003,4,59.68,26.86,32.82
TXN04543,2021-12-24,CUS043,PRD004,MKT006,13,439.92,197.96,241.96
TXN00011,2021-12-26,CUS028,PRD003,MKT004,29,1352.56,879.16,473.4
TXN00970,2021-12-26,CUS010,PRD009,MKT001,8,447.04,290.58,156.46
TXN01474,2021-12-26,CUS007,PRD014,MKT008,28,661.92,297.86,364.06
TXN01653,2021-12-26,CUS034,PRD020,MKT001,41,2874.92,1868.7,1006.22
TXN02408,2021-12-26,CUS037,PRD009,MKT004,34,2027.08,1317.6,709.48
TXN02984,2021-12-26,CUS005,PRD010,MKT004,4,82.6,37.17,45.43
TXN03742,2021-12-26,CUS025,PRD001,MKT007,23,313.72,141.17,172.55
TXN02778,2021-12-27,CUS005,PRD017,MKT003,4,379.0,246.35,132.65
TXN00384,2021-12-28,CUS022,PRD007,MKT003,26,774.54,503.45,271.09
TXN00977,2021-12-28,CUS003,PRD019,MKT007,31,947.36,615.78,331.58
TXN00820,2021-12-29,CUS009,PRD007,MKT004,4,118.56,77.06,41.5
TXN03378,2021-12-29,CUS033,PRD016,MKT004,18,302.4,136.08,166.32
TXN04053,2021-12-29,CUS017,PRD004,MKT002,33,1200.21,540.09,660.12
TXN04547,2021-12-29,CUS038,PRD001,MKT007,4,48.24,21.71,26.53
TXN04038,2021-12-30,CUS013,PRD003,MKT002,4,216.88,140.97,75.91
TXN04427,2021-12-30,CUS028,PRD006,MKT003,24,1130.16,508.57,621.59
TXN00830,2021-12-31,CUS001,PRD020,MKT002,8,584.0,379.6,204.4
TXN04815,2021-12-31,CUS013,PRD019,MKT001,3,96.09,62.46,33.63
TXN00578,2022-01-01,CUS024,PRD019,MKT005,7,229.81,149.38,80.43
TXN02322,2022-01-01,CUS010,PRD017,MKT005,20,1745.2,1134.38,610.82
TXN02571,2022-01-01,CUS020,PRD019,MKT008,14,462.98,300.94,162.04
TXN04654,2022-01-01,CUS022,PRD004,MKT007,5,158.55,71.35,87.2
TXN00396,2022-01-02,CUS045,PRD001,MKT007,19,243.39,109.53,133.86
TXN01194,2022-01-02,CUS006,PRD006,MKT002,16,705.76,317.59,388.17
TXN01783,2022-01-02,CUS001,PRD011,MKT001,10,138.4,62.28,76.12
TXN02544,2022-01-02,CUS022,PRD001,MKT005,20,260.6,117.27,143.33
TXN02847,2022-01-02,CUS013,PRD015,MKT008,18,406.8,264.42,142.38
TXN04224,2022-01-02,CUS048,PRD003,MKT005,11,584.98,380.24,204.74
TXN00497,2022-01-03,CUS017,PRD004,MKT001,2,70.14,31.56,38.58
TXN01054,2022-01-03,CUS005,PRD012,MKT009,1,41.87,27.22,14.65
TXN02490,2022-01-03,CUS001,PRD013,MKT005,7,389.27,175.17,214.1
TXN04495,2022-01-03,CUS006,PRD004,MKT003,15,479.4,215.73,263.67
TXN02768,2022-01-04,CUS027,PRD019,MKT002,14,479.36,311.58,167.78
TXN04770,2022-01-04,CUS019,PRD018,MKT007,3,80.61,36.27,44.34
TXN00364,2022-01-05,CUS012,PRD003,MKT010,1,52.55,34.16,18.39
TXN00452,2022-01-05,CUS024,PRD013,MKT010,15,769.95,346.48,423.47
TXN02140,2022-01-05,CUS004,PRD013,MKT008,3,161.52,72.68,88.84
TXN02790,2022-01-05,CUS003,PRD006,MKT004,5,204.45,92.0,112.45
TXN00457,2022-01-06,CUS009,PRD016,MKT005,21,375.69,169.06,206.63
TXN04441,2022-01-06,CUS018,PRD014,MKT008,20,478.0,215.1,262.9
TXN04563,2022-01-06,CUS044,PRD001,MKT002,16,197.12,88.7,108.42
TXN02321,2022-01-07,CUS019,PRD002,MKT009,14,364.42,163.99,200.43
TXN03504,2022-01-07,CUS005,PRD009,MKT003,14,922.46,599.6,322.86
TXN04042,2022-01-07,CUS020,PRD002,MKT003,6,164.1,73.84,90.26
TXN00852,2022-01-08,CUS031,PRD004,MKT006,21,742.35,334.06,408.29
TXN01375,2022-01-08,CUS001,PRD017,MKT006,19,1580.99,1027.64,553.35
TXN02194,2022-01-08,CUS031,PRD004,MKT001,7,230.86,103.89,126.97
TXN03170,2022-01-08,CUS026,PRD017,MKT005,12,1185.36,770.48,414.88
TXN04772,2022-01-08,CUS010,PRD015,MKT004,20,467.0,303.55,163.45
TXN00017,2022-01-09,CUS004,PRD019,MKT005,14,438.06,284.74,153.32
TXN01183,2022-01-09,CUS019,PRD010,MKT008,14,254.94,114.72,140.22
TXN03729,2022-01-09,CUS037,PRD014,MKT001,4,94.76,42.64,52.12
TXN01115,2022-01-10,CUS045,PRD011,MKT001,1,14.7,6.62,8.08
TXN01198,2022-01-10,CUS010,PRD009,MKT002,14,832.02,540.81,291.21
TXN02008,2022-01-10,CUS001,PRD015,MKT007,2,52.78,34.31,18.47
TXN04050,2022-01-10,CUS001,PRD005,MKT003,21,175.98,114.39,61.59
TXN02996,2022-01-11,CUS006,PRD012,MKT002,12,443.64,288.37,155.27
TXN01051,2022-01-12,CUS022,PRD010,MKT010,13,284.18,127.88,156.3
TXN01903,2022-01-12,CUS010,PRD005,MKT009,7,61.53,39.99,21.54
TXN04191,2022-01-12,CUS016,PRD006,MKT001,11,526.9,237.1,289.8
TXN02391,2022-01-13,CUS033,PRD020,MKT001,18,1222.74,794.78,427.96
TXN02769,2022-01-13,CUS005,PRD016,MKT007,14,252.98,113.84,139.14
TXN00517,2022-01-14,CUS011,PRD017,MKT008,9,729.18,473.97,255.21
TXN02186,2022-01-15,CUS019,PRD012,MKT002,1,40.64,26.42,14.22
TXN03221,2022-01-15,CUS039,PRD016,MKT003,14,217.14,97.71,119.43
TXN03442,2022-01-15,CUS018,PRD001,MKT002,5,60.95,27.43,33.52
TXN03937,2022-01-15,CUS027,PRD017,MKT010,10,968.0,629.2,338.8
TXN03263,2022-01-16,CUS009,PRD013,MKT001,7,422.66,190.2,232.46
TXN04360,2022-01-16,CUS020,PRD013,MKT004,10,541.8,243.81,297.99
TXN04557,2022-01-16,CUS030,PRD005,MKT009,12,108.84,70.75,38.09
TXN02266,2022-01-17,CUS004,PRD005,MKT003,3,24.93,16.2,8.73
TXN00540,2022-01-18,CUS029,PRD020,MKT007,10,697.1,453.11,243.99
TXN00731,2022-01-18,CUS036,PRD011,MKT006,4,58.36,26.26,32.1
TXN00760,2022-01-18,CUS013,PRD004,MKT006,1,35.54,15.99,19.55
TXN02539,2022-01-18,CUS003,PRD005,MKT008,18,175.5,114.08,61.42
TXN02552,2022-01-18,CUS003,PRD010,MKT002,15,312.0,140.4,171.6
TXN02822,2022-01-18,CUS023,PRD006,MKT010,20,814.0,366.3,447.7
TXN03679,2022-01-18,CUS019,PRD001,MKT004,17,212.5,95.62,116.88
TXN04345,2022-01-18,CUS012,PRD002,MKT007,3,80.31,36.14,44.17
TXN00574,2022-01-19,CUS012,PRD008,MKT003,5,49.4,22.23,27.17
TXN04254,2022-01-19,CUS002,PRD018,MKT002,13,398.19,179.19,219.0
TXN04727,2022-01-19,CUS003,PRD016,MKT002,5,81.5,36.68,44.82
TXN03641,2022-01-20,CUS020,PRD020,MKT006,12,756.72,491.87,264.85
TXN00043,2022-01-22,CUS001,PRD008,MKT004,12,111.0,49.95,61.05
TXN00867,2022-01-22,CUS006,PRD016,MKT009,7,115.57,52.01,63.56
TXN03583,2022-01-22,CUS026,PRD013,MKT004,20,1138.4,512.28,626.12
TXN03859,2022-01-22,CUS001,PRD015,MKT001,5,127.3,82.75,44.55
TXN01749,2022-01-23,CUS028,PRD013,MKT002,6,359.82,161.92,197.9
TXN01906,2022-01-23,CUS024,PRD003,MKT004,7,360.64,234.42,126.22
TXN02911,2022-01-23,CUS010,PRD017,MKT007,19,1746.29,1135.09,611.2
TXN00516,2022-01-24,CUS027,PRD005,MKT001,12,97.56,63.41,34.15
TXN03096,2022-01-24,CUS008,PRD006,MKT005,1,42.88,19.3,23.58
TXN03268,2022-01-24,CUS012,PRD009,MKT002,21,1309.14,850.94,458.2
TXN01265,2022-01-25,CUS041,PRD008,MKT003,5,47.35,21.31,26.04
TXN01343,2022-01-26,CUS011,PRD018,MKT003,16,430.72,193.82,236.9
TXN01561,2022-01-27,CUS012,PRD009,MKT004,10,630.8,410.02,220.78
TXN01563,2022-01-27,CUS012,PRD003,MKT007,16,858.4,557.96,300.44
TXN02614,2022-01-27,CUS015,PRD009,MKT001,1,63.68,41.39,22.29
TXN00818,2022-01-28,CUS014,PRD020,MKT006,5,356.3,231.6,124.7
TXN00352,2022-01-29,CUS038,PRD016,MKT007,6,107.28,48.28,59.0
TXN02726,2022-01-29,CUS040,PRD018,MKT004,15,433.05,194.87,238.18
TXN00458,2022-01-30,CUS016,PRD012,MKT002,15,638.7,415.15,223.55
TXN00721,2022-01-30,CUS003,PRD014,MKT002,6,144.18,64.88,79.3
TXN00972,2022-01-30,CUS010,PRD003,MKT006,8,405.84,263.8,142.04
TXN03033,2022-01-30,CUS010,PRD008,MKT002,4,37.64,16.94,20.7
TXN00284,2022-01-31,CUS018,PRD018,MKT008,20,583.2,262.44,320.76
TXN00952,2022-01-31,CUS010,PRD001,MKT006,9,114.48,51.52,62.96
TXN04655,2022-01-31,CUS026,PRD014,MKT001,21,499.38,224.72,274.66
TXN01824,2022-02-01,CUS003,PRD009,MKT001,12,709.92,461.45,248.47
TXN02585,2022-02-01,CUS019,PRD006,MKT005,5,214.4,96.48,117.92
TXN02879,2022-02-01,CUS012,PRD008,MKT003,2,21.68,9.76,11.92
TXN03728,2022-02-01,CUS004,PRD018,MKT006,3,87.45,39.35,48.1
TXN03772,2022-02-01,CUS031,PRD013,MKT009,1,50.37,22.67,27.7
TXN03923,2022-02-01,CUS014,PRD020,MKT008,12,860.04,559.03,301.01
TXN01665,2022-02-02,CUS006,PRD009,MKT002,5,304.85,198.15,106.7
TXN03114,2022-02-02,CUS005,PRD006,MKT003,10,451.4,203.13,248.27
TXN03559,2022-02-02,CUS007,PRD012,MKT004,18,791.1,514.22,276.88
TXN01759,2022-02-03,CUS012,PRD004,MKT004,3,101.82,45.82,56.0
TXN01944,2022-02-03,CUS010,PRD002,MKT002,18,475.56,214.0,261.56
TXN02398,2022-02-03,CUS035,PRD014,MKT009,10,215.2,96.84,118.36
TXN02717,2022-02-03,CUS025,PRD007,MKT005,1,31.71,20.61,11.1
TXN00689,2022-02-04,CUS002,PRD015,MKT002,18,482.22,313.44,168.78
TXN01382,2022-02-04,CUS006,PRD015,MKT006,15,379.8,246.87,132.93
TXN01657,2022-02-04,CUS004,PRD005,MKT004,7,57.12,37.13,19.99
TXN04392,2022-02-05,CUS010,PRD007,MKT004,9,274.86,178.66,96.2
TXN01082,2022-02-06,CUS033,PRD002,MKT008,12,321.6,144.72,176.88
TXN01927,2022-02-06,CUS006,PRD008,MKT007,3,27.18,12.23,14.95
TXN02012,2022-02-06,CUS026,PRD019,MKT001,1,34.67,22.54,12.13
TXN04728,2022-02-06,CUS034,PRD006,MKT006,16,652.32,293.54,358.78
TXN00679,2022-02-07,CUS021,PRD005,MKT005,7,65.31,42.45,22.86
TXN01062,2022-02-07,CUS005,PRD005,MKT005,3,24.81,16.13,8.68
TXN02179,2022-02-07,CUS043,PRD017,MKT004,2,196.92,128.0,68.92
TXN03560,2022-02-07,CUS011,PRD020,MKT002,3,227.85,148.1,79.75
TXN03047,2022-02-08,CUS007,PRD009,MKT002,2,119.72,77.82,41.9
TXN03584,2022-02-08,CUS010,PRD004,MKT006,4,145.04,65.27,79.77
TXN04102,2022-02-08,CUS007,PRD018,MKT006,12,320.04,144.02,176.02
TXN04255,2022-02-08,CUS007,PRD009,MKT003,18,975.24,633.91,341.33
TXN04829,2022-02-08,CUS045,PRD007,MKT007,3,87.75,57.04,30.71
TXN00228,2022-02-09,CUS042,PRD015,MKT001,14,360.5,234.33,126.17
TXN00849,2022-02-09,CUS005,PRD011,MKT003,6,90.66,40.8,49.86
TXN02857,2022-02-09,CUS001,PRD011,MKT003,5,72.6,32.67,39.93
TXN02373,2022-02-10,CUS032,PRD005,MKT004,1,8.93,5.8,3.13
TXN02460,2022-02-10,CUS010,PRD016,MKT006,3,55.71,25.07,30.64
TXN04212,2022-02-10,CUS004,PRD012,MKT008,6,229.14,148.94,80.2
TXN00026,2022-02-12,CUS023,PRD010,MKT002,5,109.3,49.19,60.11
TXN01131,2022-02-12,CUS015,PRD012,MKT009,5,187.4,121.81,65.59
TXN03525,2022-02-12,CUS049,PRD005,MKT008,15,145.5,94.57,50.93
TXN03699,2022-02-12,CUS013,PRD018,MKT010,16,440.8,198.36,242.44
TXN01943,2022-02-13,CUS007,PRD002,MKT009,6,161.82,72.82,89.0
TXN02772,2022-02-13,CUS024,PRD001,MKT001,15,197.7,88.97,108.73
TXN03506,2022-02-13,CUS017,PRD008,MKT010,18,166.68,75.01,91.67
TXN04879,2022-02-13,CUS008,PRD011,MKT004,15,226.2,101.79,124.41
TXN00203,2022-02-14,CUS001,PRD019,MKT008,6,179.28,116.53,62.75
TXN01244,2022-02-14,CUS002,PRD007,MKT002,9,296.73,192.87,103.86
TXN02212,2022-02-14,CUS017,PRD006,MKT001,18,853.56,384.1,469.46
TXN03351,2022-02-14,CUS009,PRD004,MKT003,16,535.2,240.84,294.36
TXN01164,2022-02-15,CUS025,PRD002,MKT004,9,215.19,96.84,118.35
TXN02964,2022-02-15,CUS030,PRD017,MKT003,1,98.19,63.82,34.37
TXN03036,2022-02-15,CUS016,PRD002,MKT005,1,24.71,11.12,13.59
TXN03316,2022-02-15,CUS035,PRD020,MKT003,9,624.96,406.22,218.74
TXN03702,2022-02-15,CUS045,PRD020,MKT001,1,69.86,45.41,24.45
TXN04086,2022-02-15,CUS001,PRD012,MKT006,15,586.5,381.23,205.27
TXN00436,2022-02-16,CUS019,PRD012,MKT003,9,357.21,232.19,125.02
TXN02484,2022-02-16,CUS001,PRD013,MKT006,12,599.52,269.78,329.74
TXN00845,2022-02-17,CUS029,PRD016,MKT007,11,195.58,88.01,107.57
TXN01234,2022-02-17,CUS022,PRD013,MKT009,11,568.37,255.77,312.6
TXN02809,2022-02-17,CUS014,PRD008,MKT010,18,184.32,82.94,101.38
TXN03376,2022-02-17,CUS023,PRD013,MKT002,2,120.18,54.08,66.1
TXN00779,2022-02-18,CUS002,PRD006,MKT009,12,589.2,265.14,324.06
TXN04490,2022-02-18,CUS022,PRD005,MKT006,10,82.6,53.69,28.91
TXN04993,2022-02-18,CUS019,PRD004,MKT010,3,106.65,47.99,58.66
TXN01247,2022-02-19,CUS002,PRD004,MKT001,12,456.0,205.2,250.8
TXN04537,2022-02-19,CUS028,PRD006,MKT008,12,580.68,261.31,319.37
TXN04602,2022-02-19,CUS049,PRD003,MKT001,3,155.64,101.17,54.47
TXN02557,2022-02-20,CUS002,PRD005,MKT002,18,168.3,109.39,58.91
TXN03088,2022-02-20,CUS037,PRD004,MKT007,9,319.86,143.94,175.92
TXN03218,2022-02-20,CUS020,PRD018,MKT008,6,151.32,68.09,83.23
TXN01649,2022-02-21,CUS045,PRD018,MKT003,17,439.45,197.75,241.7
TXN00324,2022-02-22,CUS010,PRD014,MKT004,8,200.72,90.32,110.4
TXN01797,2022-02-22,CUS008,PRD013,MKT008,16,804.96,362.23,442.73
TXN02021,2022-02-22,CUS008,PRD006,MKT006,12,512.28,230.53,281.75
TXN04594,2022-02-22,CUS007,PRD017,MKT002,6,580.02,377.01,203.01
TXN02875,2022-02-23,CUS027,PRD017,MKT010,1,97.14,63.14,34.0
TXN00198,2022-02-24,CUS018,PRD014,MKT003,16,400.32,180.14,220.18
TXN02211,2022-02-24,CUS003,PRD005,MKT005,18,167.04,108.58,58.46
TXN01114,2022-02-25,CUS025,PRD014,MKT010,3,67.23,30.25,36.98
TXN01654,2022-02-25,CUS028,PRD009,MKT002,4,216.12,140.48,75.64
TXN01870,2022-02-25,CUS026,PRD010,MKT002,16,328.8,147.96,180.84
TXN00781,2022-02-27,CUS015,PRD005,MKT003,18,160.56,104.36,56.2
TXN04335,2022-02-27,CUS018,PRD014,MKT001,1,25.08,11.29,13.79
TXN00427,2022-02-28,CUS006,PRD020,MKT002,18,1272.42,827.07,445.35
TXN04506,2022-03-01,CUS039,PRD003,MKT007,1,51.38,33.4,17.98
TXN02861,2022-03-02,CUS019,PRD002,MKT002,19,444.6,200.07,244.53
TXN02991,2022-03-02,CUS022,PRD020,MKT010,1,67.55,43.91,23.64
TXN03924,2022-03-02,CUS006,PRD006,MKT002,6,258.42,116.29,142.13
TXN04642,2022-03-02,CUS016,PRD010,MKT001,21,402.36,181.06,221.3
TXN01119,2022-03-03,CUS026,PRD019,MKT003,4,138.08,89.75,48.33
TXN02077,2022-03-03,CUS010,PRD005,MKT002,7,58.87,38.27,20.6
TXN02896,2022-03-03,CUS024,PRD013,MKT007,9,447.66,201.45,246.21
TXN03668,2022-03-03,CUS007,PRD006,MKT010,8,384.4,172.98,211.42
TXN00558,2022-03-04,CUS003,PRD010,MKT003,3,56.82,25.57,31.25
TXN03394,2022-03-05,CUS028,PRD014,MKT002,9,186.93,84.12,102.81
TXN02413,2022-03-06,CUS010,PRD007,MKT001,12,328.8,213.72,115.08
TXN00010,2022-03-07,CUS041,PRD002,MKT004,3,82.14,36.96,45.18
TXN00720,2022-03-07,CUS033,PRD018,MKT009,18,499.86,224.94,274.92
TXN01045,2022-03-07,CUS017,PRD020,MKT003,10,686.0,445.9,240.1
TXN01109,2022-03-07,CUS004,PRD016,MKT001,9,144.54,65.04,79.5
TXN04208,2022-03-07,CUS022,PRD011,MKT006,21,332.64,149.69,182.95
TXN01006,2022-03-09,CUS015,PRD008,MKT005,23,210.45,94.7,115.75
TXN02093,2022-03-09,CUS027,PRD003,MKT003,2,109.38,71.1,38.28
TXN02166,2022-03-09,CUS008,PRD001,MKT001,17,211.48,95.17,116.31
TXN02317,2022-03-09,CUS006,PRD004,MKT004,13,466.44,209.9,256.54
TXN02758,2022-03-09,CUS010,PRD010,MKT002,24,461.28,207.58,253.7
TXN02867,2022-03-10,CUS008,PRD007,MKT001,1,31.62,20.55,11.07
TXN03072,2022-03-10,CUS037,PRD020,MKT003,1,63.93,41.55,22.38
TXN00953,2022-03-11,CUS020,PRD001,MKT002,11,152.46,68.61,83.85
TXN02643,2022-03-11,CUS006,PRD016,MKT008,14,240.1,108.04,132.06
TXN03448,2022-03-11,CUS033,PRD008,MKT005,2,18.6,8.37,10.23
TXN04990,2022-03-11,CUS001,PRD012,MKT006,16,658.4,427.96,230.44
TXN00388,2022-03-12,CUS032,PRD010,MKT006,22,425.48,191.47,234.01
TXN00622,2022-03-12,CUS036,PRD020,MKT001,23,1506.96,979.52,527.44
TXN03226,2022-03-12,CUS004,PRD001,MKT004,14,185.22,83.35,101.87
TXN03903,2022-03-12,CUS019,PRD012,MKT007,20,832.2,540.93,291.27
TXN00310,2022-03-13,CUS018,PRD008,MKT002,13,130.0,58.5,71.5
TXN01712,2022-03-13,CUS018,PRD012,MKT007,2,72.76,47.29,25.47
TXN02372,2022-03-13,CUS008,PRD016,MKT003,7,129.64,58.34,71.3
TXN02495,2022-03-13,CUS026,PRD006,MKT006,7,339.29,152.68,186.61
TXN00246,2022-03-14,CUS046,PRD010,MKT002,13,260.0,117.0,143.0
TXN00682,2022-03-14,CUS040,PRD015,MKT006,18,430.56,279.86,150.7
TXN01900,2022-03-14,CUS031,PRD011,MKT003,18,288.9,130.0,158.9
TXN03013,2022-03-14,CUS036,PRD018,MKT001,5,143.95,64.78,79.17
TXN04529,2022-03-14,CUS012,PRD012,MKT008,13,493.09,320.51,172.58
TXN01985,2022-03-15,CUS013,PRD009,MKT001,15,862.95,560.92,302.03
TXN02126,2022-03-15,CUS008,PRD007,MKT004,8,249.28,162.03,87.25
TXN03070,2022-03-15,CUS008,PRD005,MKT002,11,97.68,63.49,34.19
TXN03704,2022-03-15,CUS026,PRD016,MKT009,25,458.25,206.21,252.04
TXN03941,2022-03-15,CUS001,PRD002,MKT003,23,536.59,241.47,295.12
TXN04331,2022-03-15,CUS001,PRD009,MKT006,19,1162.99,755.94,407.05
TXN03277,2022-03-16,CUS002,PRD018,MKT003,22,559.9,251.96,307.94
TXN03713,2022-03-16,CUS028,PRD012,MKT001,9,332.46,216.1,116.36
TXN04997,2022-03-16,CUS026,PRD016,MKT004,17,286.28,128.83,157.45
TXN01655,2022-03-17,CUS007,PRD014,MKT008,17,387.43,174.34,213.09
TXN01765,2022-03-17,CUS049,PRD005,MKT010,7,64.4,41.86,22.54
TXN04526,2022-03-17,CUS025,PRD014,MKT008,11,257.84,116.03,141.81
TXN03494,2022-03-18,CUS025,PRD004,MKT005,4,127.96,57.58,70.38
TXN03914,2022-03-18,CUS010,PRD010,MKT002,14,256.9,115.61,141.29
TXN00348,2022-03-19,CUS001,PRD014,MKT006,2,47.52,21.38,26.14
TXN04299,2022-03-19,CUS018,PRD013,MKT002,16,937.92,422.06,515.86
TXN01085,2022-03-20,CUS036,PRD009,MKT001,16,1004.64,653.02,351.62
TXN02620,2022-03-21,CUS029,PRD010,MKT003,23,423.89,190.75,233.14
TXN03501,2022-03-21,CUS017,PRD018,MKT006,6,153.3,68.98,84.32
TXN04698,2022-03-21,CUS032,PRD005,MKT008,23,210.45,136.79,73.66
TXN02109,2022-03-22,CUS016,PRD014,MKT001,21,527.1,237.2,289.9
TXN02741,2022-03-22,CUS001,PRD005,MKT001,23,186.76,121.39,65.37
TXN02756,2022-03-22,CUS029,PRD011,MKT002,16,262.72,118.22,144.5
TXN03223,2022-03-22,CUS011,PRD001,MKT002,15,209.85,94.43,115.42
TXN03672,2022-03-22,CUS013,PRD004,MKT003,16,598.08,269.14,328.94
TXN04887,2022-03-22,CUS010,PRD012,MKT003,3,113.52,73.79,39.73
TXN00289,2022-03-23,CUS003,PRD020,MKT006,15,1042.65,677.72,364.93
TXN00709,2022-03-23,CUS031,PRD019,MKT003,15,507.75,330.04,177.71
TXN02219,2022-03-23,CUS010,PRD002,MKT001,3,82.08,36.94,45.14
TXN00881,2022-03-24,CUS016,PRD005,MKT002,13,108.68,70.64,38.04
TXN02436,2022-03-24,CUS044,PRD014,MKT006,3,64.68,29.11,35.57
TXN02771,2022-03-24,CUS008,PRD009,MKT003,12,756.36,491.63,264.73
TXN02947,2022-03-24,CUS005,PRD019,MKT002,23,716.68,465.84,250.84
TXN03366,2022-03-24,CUS025,PRD018,MKT007,12,310.92,139.91,171.01
TXN04898,2022-03-24,CUS015,PRD013,MKT001,9,459.72,206.87,252.85
TXN00886,2022-03-25,CUS003,PRD014,MKT003,12,258.84,116.48,142.36
TXN04682,2022-03-26,CUS045,PRD015,MKT001,23,630.89,410.08,220.81
TXN00792,2022-03-27,CUS004,PRD011,MKT003,18,244.62,110.08,134.54
TXN01200,2022-03-27,CUS016,PRD014,MKT008,15,328.8,147.96,180.84
TXN04482,2022-03-27,CUS021,PRD015,MKT001,9,231.12,150.23,80.89
TXN00371,2022-03-28,CUS020,PRD014,MKT002,10,247.2,111.24,135.96
TXN00469,2022-03-28,CUS021,PRD013,MKT003,3,169.38,76.22,93.16
TXN02999,2022-03-28,CUS030,PRD016,MKT005,24,376.56,169.45,207.11
TXN03267,2022-03-28,CUS001,PRD001,MKT005,18,213.12,95.9,117.22
TXN00359,2022-03-30,CUS003,PRD009,MKT006,18,1186.56,771.26,415.3
TXN01410,2022-03-30,CUS018,PRD007,MKT002,11,307.56,199.91,107.65
TXN02736,2022-03-30,CUS009,PRD005,MKT008,4,37.44,24.34,13.1
TXN03261,2022-03-31,CUS004,PRD006,MKT001,2,96.78,43.55,53.23
TXN00027,2022-04-01,CUS026,PRD002,MKT002,2,50.82,22.87,27.95
TXN04493,2022-04-01,CUS026,PRD011,MKT006,6,88.38,39.77,48.61
TXN04758,2022-04-01,CUS008,PRD001,MKT006,15,202.65,91.19,111.46
TXN01144,2022-04-02,CUS011,PRD003,MKT001,10,487.2,316.68,170.52
TXN01157,2022-04-02,CUS011,PRD004,MKT004,25,894.5,402.53,491.97
TXN01212,2022-04-03,CUS041,PRD019,MKT002,3,93.78,60.96,32.82
TXN04270,2022-04-03,CUS031,PRD003,MKT001,9,467.64,303.97,163.67
TXN04699,2022-04-04,CUS035,PRD002,MKT004,6,155.88,70.15,85.73
TXN01955,2022-04-05,CUS025,PRD019,MKT003,20,598.2,388.83,209.37
TXN02489,2022-04-06,CUS035,PRD011,MKT008,13,183.69,82.66,101.03
TXN03117,2022-04-06,CUS012,PRD013,MKT003,18,966.24,434.81,531.43
TXN00235,2022-04-08,CUS023,PRD019,MKT002,22,754.6,490.49,264.11
TXN00777,2022-04-08,CUS011,PRD020,MKT002,21,1605.87,1043.82,562.05
TXN03610,2022-04-08,CUS011,PRD004,MKT009,12,447.12,201.2,245.92
TXN02406,2022-04-09,CUS037,PRD009,MKT003,6,344.82,224.13,120.69
TXN00031,2022-04-10,CUS018,PRD007,MKT002,23,719.67,467.79,251.88
TXN00387,2022-04-11,CUS019,PRD009,MKT001,11,624.25,405.76,218.49
TXN01027,2022-04-11,CUS012,PRD016,MKT007,25,439.25,197.66,241.59
TXN01869,2022-04-12,CUS023,PRD015,MKT001,7,175.49,114.07,61.42
TXN02412,2022-04-12,CUS019,PRD009,MKT001,17,1110.95,722.12,388.83
TXN01077,2022-04-13,CUS015,PRD018,MKT001,21,582.54,262.14,320.4
TXN01289,2022-04-13,CUS007,PRD006,MKT008,13,532.35,239.56,292.79
TXN02994,2022-04-13,CUS003,PRD007,MKT004,5,142.05,92.33,49.72
TXN04635,2022-04-13,CUS015,PRD003,MKT006,11,496.65,322.82,173.83
TXN02184,2022-04-14,CUS027,PRD010,MKT001,2,38.54,17.34,21.2
TXN02559,2022-04-14,CUS017,PRD007,MKT007,11,357.61,232.45,125.16
TXN04140,2022-04-14,CUS024,PRD018,MKT007,3,86.67,39.0,47.67
TXN00533,2022-04-15,CUS008,PRD017,MKT001,3,253.65,164.87,88.78
TXN01516,2022-04-15,CUS044,PRD002,MKT009,14,326.48,146.92,179.56
TXN01518,2022-04-15,CUS009,PRD009,MKT008,25,1610.5,1046.83,563.67
TXN04707,2022-04-15,CUS018,PRD017,MKT001,9,890.73,578.97,311.76
TXN02102,2022-04-16,CUS001,PRD018,MKT002,8,218.08,98.14,119.94
TXN03833,2022-04-16,CUS024,PRD001,MKT008,18,222.66,100.2,122.46
TXN01279,2022-04-17,CUS025,PRD016,MKT003,9,148.05,66.62,81.43
TXN01423,2022-04-17,CUS006,PRD011,MKT007,11,156.53,70.44,86.09
TXN01442,2022-04-17,CUS029,PRD016,MKT007,15,246.75,111.04,135.71
TXN02046,2022-04-17,CUS022,PRD008,MKT005,20,204.0,91.8,112.2
TXN03963,2022-04-17,CUS009,PRD001,MKT006,20,261.6,117.72,143.88
TXN04134,2022-04-17,CUS024,PRD012,MKT004,20,854.0,555.1,298.9
TXN04289,2022-04-17,CUS004,PRD014,MKT001,13,277.29,124.78,152.51
TXN02766,2022-04-18,CUS013,PRD020,MKT006,15,1132.35,736.03,396.32
TXN03080,2022-04-18,CUS043,PRD019,MKT004,3,108.27,70.38,37.89
TXN02018,2022-04-19,CUS029,PRD004,MKT005,10,369.8,166.41,203.39
TXN03239,2022-04-19,CUS018,PRD020,MKT010,10,760.2,494.13,266.07
TXN04271,2022-04-19,CUS014,PRD011,MKT005,11,155.43,69.94,85.49
TXN00115,2022-04-20,CUS048,PRD007,MKT005,21,687.75,447.04,240.71
TXN00691,2022-04-20,CUS018,PRD013,MKT007,7,369.11,166.1,203.01
TXN01918,2022-04-20,CUS001,PRD009,MKT007,19,1155.39,751.0,404.39
TXN04452,2022-04-20,CUS013,PRD004,MKT007,20,670.2,301.59,368.61
TXN03891,2022-04-21,CUS019,PRD012,MKT003,12,515.64,335.17,180.47
TXN04871,2022-04-21,CUS008,PRD016,MKT009,3,53.55,24.1,29.45
TXN02488,2022-04-22,CUS001,PRD005,MKT004,12,112.2,72.93,39.27
TXN03720,2022-04-22,CUS016,PRD014,MKT002,4,99.12,44.6,54.52
TXN01551,2022-04-23,CUS017,PRD017,MKT010,11,1043.57,678.32,365.25
TXN02417,2022-04-23,CUS013,PRD004,MKT008,7,245.56,110.5,135.06
TXN01130,2022-04-24,CUS027,PRD002,MKT003,9,221.04,99.47,121.57
TXN01818,2022-04-24,CUS027,PRD011,MKT002,10,156.2,70.29,85.91
TXN04139,2022-04-24,CUS008,PRD008,MKT001,6,62.58,28.16,34.42
TXN02292,2022-04-25,CUS014,PRD006,MKT010,24,1077.12,484.7,592.42
TXN02781,2022-04-26,CUS036,PRD019,MKT010,15,460.95,299.62,161.33
TXN03195,2022-04-26,CUS008,PRD013,MKT001,21,1042.86,469.29,573.57
TXN04805,2022-04-26,CUS026,PRD017,MKT010,3,272.55,177.16,95.39
TXN00082,2022-04-27,CUS018,PRD001,MKT006,5,69.7,31.36,38.34
TXN00295,2022-04-27,CUS040,PRD004,MKT006,25,945.0,425.25,519.75
TXN03809,2022-04-27,CUS011,PRD012,MKT004,11,427.79,278.06,149.73
TXN04755,2022-04-27,CUS029,PRD007,MKT001,18,588.42,382.47,205.95
TXN00546,2022-04-28,CUS010,PRD015,MKT003,20,452.6,294.19,158.41
TXN03176,2022-04-28,CUS014,PRD011,MKT002,4,55.76,25.09,30.67
TXN04659,2022-04-28,CUS025,PRD013,MKT003,6,300.0,135.0,165.0
TXN02666,2022-04-30,CUS009,PRD017,MKT001,21,1808.31,1175.4,632.91
TXN04111,2022-04-30,CUS022,PRD006,MKT003,8,368.72,165.92,202.8
TXN04640,2022-04-30,CUS018,PRD008,MKT009,11,108.68,48.91,59.77
TXN00608,2022-05-01,CUS020,PRD006,MKT001,3,130.56,58.75,71.81
TXN01262,2022-05-01,CUS022,PRD007,MKT001,22,719.18,467.47,251.71
TXN04683,2022-05-01,CUS004,PRD013,MKT004,2,107.42,48.34,59.08
TXN02716,2022-05-02,CUS017,PRD016,MKT005,18,305.46,137.46,168.0
TXN02782,2022-05-02,CUS017,PRD012,MKT009,15,560.55,364.36,196.19
TXN03202,2022-05-02,CUS007,PRD001,MKT001,15,209.7,94.37,115.33
TXN01058,2022-05-03,CUS029,PRD005,MKT007,15,130.5,84.82,45.68
TXN03231,2022-05-03,CUS008,PRD020,MKT007,15,1120.5,728.33,392.17
TXN03078,2022-05-04,CUS016,PRD020,MKT005,5,377.75,245.54,132.21
TXN03086,2022-05-04,CUS012,PRD016,MKT006,6,102.18,45.98,56.2
TXN03055,2022-05-05,CUS008,PRD001,MKT001,1,12.56,5.65,6.91
TXN04992,2022-05-05,CUS014,PRD002,MKT004,27,723.87,325.74,398.13
TXN00054,2022-05-06,CUS014,PRD015,MKT002,22,603.02,391.96,211.06
TXN00842,2022-05-06,CUS005,PRD016,MKT002,18,280.8,126.36,154.44
TXN02243,2022-05-06,CUS030,PRD018,MKT006,13,372.45,167.6,204.85
TXN02894,2022-05-06,CUS004,PRD001,MKT007,27,376.92,169.61,207.31
TXN03991,2022-05-06,CUS001,PRD002,MKT009,9,223.02,100.36,122.66
TXN04605,2022-05-06,CUS008,PRD014,MKT006,9,220.32,99.14,121.18
TXN01744,2022-05-07,CUS006,PRD015,MKT005,5,120.55,78.36,42.19
TXN02376,2022-05-07,CUS028,PRD014,MKT004,7,169.54,76.29,93.25
TXN02500,2022-05-07,CUS009,PRD020,MKT008,9,576.72,374.87,201.85
TXN00242,2022-05-08,CUS012,PRD004,MKT008,28,1004.08,451.84,552.24
TXN02469,2022-05-08,CUS020,PRD006,MKT001,7,316.4,142.38,174.02
TXN00431,2022-05-09,CUS015,PRD009,MKT004,25,1475.25,958.91,516.34
TXN02863,2022-05-09,CUS025,PRD013,MKT005,28,1578.08,710.14,867.94
TXN04937,2022-05-09,CUS009,PRD010,MKT009,4,82.4,37.08,45.32
TXN03478,2022-05-10,CUS005,PRD003,MKT010,22,1045.22,679.39,365.83
TXN04684,2022-05-10,CUS007,PRD002,MKT009,2,48.76,21.94,26.82
TXN02568,2022-05-11,CUS017,PRD010,MKT001,22,398.42,179.29,219.13
TXN04382,2022-05-11,CUS027,PRD011,MKT001,20,270.8,121.86,148.94
TXN02143,2022-05-12,CUS008,PRD016,MKT005,24,439.2,197.64,241.56
TXN04476,2022-05-12,CUS004,PRD012,MKT003,15,573.45,372.74,200.71
TXN02626,2022-05-13,CUS049,PRD017,MKT001,15,1318.2,856.83,461.37
TXN03984,2022-05-13,CUS035,PRD008,MKT001,18,176.4,79.38,97.02
TXN00936,2022-05-14,CUS001,PRD018,MKT002,23,651.13,293.01,358.12
TXN01165,2022-05-14,CUS026,PRD014,MKT008,9,209.16,94.12,115.04
TXN02368,2022-05-14,CUS001,PRD014,MKT001,28,637.28,286.78,350.5
TXN04900,2022-05-14,CUS005,PRD008,MKT004,21,215.25,96.86,118.39
TXN02270,2022-05-15,CUS028,PRD012,MKT004,2,84.78,55.11,29.67
TXN03328,2022-05-15,CUS019,PRD008,MKT002,20,193.4,87.03,106.37
TXN03577,2022-05-15,CUS014,PRD004,MKT008,9,317.07,142.68,174.39
TXN00604,2022-05-16,CUS030,PRD005,MKT005,11,103.07,67.0,36.07
TXN02151,2022-05-16,CUS035,PRD014,MKT004,7,172.2,77.49,94.71
TXN02189,2022-05-16,CUS008,PRD013,MKT002,18,992.7,446.71,545.99
TXN02229,2022-05-17,CUS040,PRD001,MKT001,13,184.21,82.89,101.32
TXN02294,2022-05-17,CUS003,PRD017,MKT006,4,365.4,237.51,127.89
TXN02381,2022-05-17,CUS017,PRD012,MKT001,12,437.28,284.23,153.05
TXN03738,2022-05-17,CUS005,PRD002,MKT003,1,22.76,10.24,12.52
TXN01587,2022-05-18,CUS018,PRD012,MKT002,27,1106.19,719.02,387.17
TXN03208,2022-05-18,CUS006,PRD002,MKT004,23,580.75,261.34,319.41
TXN04202,2022-05-18,CUS002,PRD012,MKT003,22,925.98,601.89,324.09
TXN04341,2022-05-18,CUS002,PRD006,MKT001,28,1184.4,532.98,651.42
TXN04827,2022-05-18,CUS010,PRD018,MKT007,2,59.44,26.75,32.69
TXN00341,2022-05-19,CUS003,PRD020,MKT002,23,1623.8,1055.47,568.33
TXN03406,2022-05-19,CUS003,PRD016,MKT002,7,107.8,48.51,59.29
TXN03694,2022-05-19,CUS031,PRD015,MKT001,24,555.84,361.3,194.54
TXN02493,2022-05-20,CUS044,PRD014,MKT007,7,150.78,67.85,82.93
TXN03592,2022-05-20,CUS006,PRD007,MKT004,20,543.4,353.21,190.19
TXN01081,2022-05-21,CUS005,PRD016,MKT009,6,103.56,46.6,56.96
TXN02111,2022-05-21,CUS030,PRD019,MKT004,28,918.96,597.32,321.64
TXN04983,2022-05-21,CUS011,PRD010,MKT006,25,533.5,240.07,293.43
TXN01682,2022-05-23,CUS005,PRD009,MKT003,6,372.84,242.35,130.49
TXN04085,2022-05-23,CUS009,PRD006,MKT002,19,784.89,353.2,431.69
TXN04361,2022-05-23,CUS009,PRD012,MKT009,9,394.56,256.46,138.1
TXN00905,2022-05-24,CUS010,PRD011,MKT002,5,76.15,34.27,41.88
TXN01660,2022-05-24,CUS044,PRD007,MKT009,20,571.4,371.41,199.99
TXN01707,2022-05-24,CUS032,PRD017,MKT004,12,1112.88,723.37,389.51
TXN02573,2022-05-24,CUS020,PRD016,MKT001,12,187.2,84.24,102.96
TXN03662,2022-05-24,CUS001,PRD019,MKT009,13,402.48,261.61,140.87
TXN04377,2022-05-24,CUS030,PRD005,MKT008,4,37.44,24.34,13.1
TXN00912,2022-05-25,CUS018,PRD005,MKT002,24,195.36,126.98,68.38
TXN02443,2022-05-25,CUS023,PRD002,MKT002,12,296.88,133.6,163.28
TXN02624,2022-05-25,CUS019,PRD017,MKT003,10,904.1,587.66,316.44
TXN02566,2022-05-26,CUS032,PRD005,MKT009,18,165.6,107.64,57.96
TXN02293,2022-05-27,CUS032,PRD008,MKT004,24,234.24,105.41,128.83
TXN02789,2022-05-27,CUS018,PRD002,MKT004,3,72.57,32.66,39.91
TXN02889,2022-05-27,CUS003,PRD015,MKT001,15,395.4,257.01,138.39
TXN03198,2022-05-27,CUS014,PRD001,MKT002,15,197.1,88.7,108.4
TXN03537,2022-05-27,CUS014,PRD009,MKT003,19,1184.27,769.78,414.49
TXN03968,2022-05-28,CUS017,PRD020,MKT002,20,1515.2,984.88,530.32
TXN02454,2022-05-29,CUS009,PRD005,MKT009,7,61.88,40.22,21.66
TXN03545,2022-05-29,CUS001,PRD006,MKT004,28,1289.4,580.23,709.17
TXN04351,2022-05-29,CUS006,PRD009,MKT008,13,778.44,505.99,272.45
TXN03312,2022-05-30,CUS002,PRD019,MKT005,19,591.47,384.46,207.01
TXN04040,2022-05-30,CUS002,PRD010,MKT001,25,505.5,227.47,278.03
TXN00501,2022-05-31,CUS002,PRD014,MKT006,6,127.44,57.35,70.09
TXN00589,2022-05-31,CUS023,PRD009,MKT003,12,747.36,485.78,261.58
TXN00946,2022-05-31,CUS033,PRD006,MKT005,22,960.74,432.33,528.41
TXN02070,2022-05-31,CUS006,PRD011,MKT001,27,432.54,194.64,237.9
TXN02690,2022-05-31,CUS019,PRD019,MKT008,9,293.94,191.06,102.88
TXN04751,2022-05-31,CUS008,PRD020,MKT004,23,1727.53,1122.89,604.64
TXN04946,2022-05-31,CUS031,PRD003,MKT001,13,664.95,432.22,232.73
TXN00770,2022-06-01,CUS002,PRD008,MKT010,25,257.5,115.88,141.62
TXN01954,2022-06-01,CUS006,PRD007,MKT006,30,901.2,585.78,315.42
TXN02182,2022-06-01,CUS008,PRD006,MKT007,30,1439.1,647.6,791.5
TXN04037,2022-06-01,CUS001,PRD006,MKT003,18,850.32,382.64,467.68
TXN02196,2022-06-02,CUS006,PRD014,MKT002,8,193.68,87.16,106.52
TXN03440,2022-06-02,CUS007,PRD002,MKT006,22,527.56,237.4,290.16
TXN04241,2022-06-02,CUS004,PRD002,MKT001,1,27.23,12.25,14.98
TXN04916,2022-06-02,CUS028,PRD001,MKT004,13,154.7,69.62,85.08
TXN04516,2022-06-03,CUS014,PRD016,MKT003,18,300.06,135.03,165.03
TXN01397,2022-06-04,CUS021,PRD002,MKT006,22,500.5,225.23,275.27
TXN03235,2022-06-04,CUS012,PRD014,MKT001,12,260.04,117.02,143.02
TXN00036,2022-06-06,CUS046,PRD017,MKT004,27,2583.9,1679.54,904.36
TXN02834,2022-06-07,CUS027,PRD010,MKT010,16,293.92,132.26,161.66
TXN04956,2022-06-07,CUS001,PRD006,MKT001,18,876.42,394.39,482.03
TXN00071,2022-06-08,CUS030,PRD018,MKT003,22,609.18,274.13,335.05
TXN01093,2022-06-08,CUS018,PRD016,MKT007,3,52.2,23.49,28.71
TXN01537,2022-06-08,CUS029,PRD007,MKT009,20,658.2,427.83,230.37
TXN01805,2022-06-08,CUS002,PRD006,MKT010,20,962.6,433.17,529.43
TXN01911,2022-06-08,CUS039,PRD018,MKT004,6,160.26,72.12,88.14
TXN00315,2022-06-09,CUS010,PRD008,MKT005,12,122.16,54.97,67.19
TXN00658,2022-06-09,CUS002,PRD013,MKT001,20,1177.2,529.74,647.46
TXN00853,2022-06-09,CUS009,PRD009,MKT002,5,301.35,195.88,105.47
TXN03516,2022-06-09,CUS008,PRD014,MKT001,7,161.35,72.61,88.74
TXN04401,2022-06-09,CUS033,PRD006,MKT002,31,1488.93,670.02,818.91
TXN04646,2022-06-09,CUS001,PRD005,MKT009,26,226.46,147.2,79.26
TXN01379,2022-06-10,CUS021,PRD017,MKT002,20,1968.0,1279.2,688.8
TXN00410,2022-06-11,CUS042,PRD008,MKT007,1,10.26,4.62,5.64
TXN00550,2022-06-11,CUS006,PRD003,MKT006,13,592.67,385.24,207.43
TXN02037,2022-06-11,CUS041,PRD008,MKT005,20,198.4,89.28,109.12
TXN03101,2022-06-11,CUS002,PRD009,MKT010,16,955.84,621.3,334.54
TXN04703,2022-06-11,CUS033,PRD007,MKT005,31,994.48,646.41,348.07
TXN04841,2022-06-11,CUS018,PRD014,MKT002,18,406.08,182.74,223.34
TXN01357,2022-06-12,CUS043,PRD004,MKT006,12,410.64,184.79,225.85
TXN04278,2022-06-13,CUS023,PRD013,MKT002,12,610.92,274.91,336.01
TXN00333,2022-06-14,CUS026,PRD005,MKT001,21,178.5,116.03,62.47
TXN02932,2022-06-14,CUS014,PRD008,MKT001,25,228.0,102.6,125.4
TXN04872,2022-06-14,CUS001,PRD011,MKT002,5,78.85,35.48,43.37
TXN03041,2022-06-15,CUS011,PRD019,MKT010,23,821.56,534.01,287.55
TXN03369,2022-06-15,CUS006,PRD011,MKT005,1,14.35,6.46,7.89
TXN00976,2022-06-16,CUS011,PRD007,MKT002,31,961.31,624.85,336.46
TXN02088,2022-06-16,CUS014,PRD012,MKT003,16,636.48,413.71,222.77
TXN00980,2022-06-17,CUS008,PRD008,MKT002,27,260.55,117.25,143.3
TXN01876,2022-06-17,CUS004,PRD003,MKT001,6,319.02,207.36,111.66
TXN03777,2022-06-17,CUS045,PRD020,MKT007,11,708.07,460.25,247.82
TXN04177,2022-06-17,CUS008,PRD003,MKT008,2,106.0,68.9,37.1
TXN02429,2022-06-18,CUS002,PRD012,MKT010,18,738.72,480.17,258.55
TXN03917,2022-06-18,CUS008,PRD015,MKT010,12,278.16,180.8,97.36
TXN04069,2022-06-18,CUS019,PRD015,MKT005,17,456.79,296.91,159.88
TXN00217,2022-06-19,CUS014,PRD014,MKT003,17,417.69,187.96,229.73
TXN00639,2022-06-19,CUS004,PRD003,MKT001,8,408.64,265.62,143.02
TXN00114,2022-06-20,CUS007,PRD011,MKT003,18,258.84,116.48,142.36
TXN00711,2022-06-20,CUS002,PRD015,MKT001,3,72.84,47.35,25.49
TXN00843,2022-06-20,CUS010,PRD020,MKT007,2,127.66,82.98,44.68
TXN01534,2022-06-20,CUS024,PRD018,MKT004,27,708.48,318.82,389.66
TXN02591,2022-06-20,CUS020,PRD016,MKT009,15,272.25,122.51,149.74
TXN02395,2022-06-21,CUS011,PRD010,MKT008,17,331.33,149.1,182.23
TXN04031,2022-06-21,CUS010,PRD009,MKT001,20,1197.4,778.31,419.09
TXN04420,2022-06-21,CUS007,PRD013,MKT001,2,99.02,44.56,54.46
TXN00723,2022-06-22,CUS002,PRD004,MKT004,13,465.4,209.43,255.97
TXN01031,2022-06-22,CUS003,PRD019,MKT006,8,287.68,186.99,100.69
TXN01400,2022-06-22,CUS003,PRD014,MKT006,1,22.78,10.25,12.53
TXN02939,2022-06-22,CUS010,PRD010,MKT001,27,499.23,224.65,274.58
TXN03167,2022-06-22,CUS007,PRD015,MKT004,1,25.7,16.71,8.99
TXN04303,2022-06-22,CUS038,PRD009,MKT001,20,1267.6,823.94,443.66
TXN00851,2022-06-23,CUS033,PRD016,MKT002,30,465.3,209.38,255.92
TXN03703,2022-06-23,CUS032,PRD003,MKT003,2,90.98,59.14,31.84
TXN02707,2022-06-24,CUS030,PRD016,MKT001,3,47.52,21.38,26.14
TXN03400,2022-06-24,CUS012,PRD011,MKT006,16,217.6,97.92,119.68
TXN04024,2022-06-24,CUS012,PRD019,MKT005,31,1031.99,670.79,361.2
TXN04748,2022-06-24,CUS040,PRD012,MKT003,18,686.52,446.24,240.28
TXN00890,2022-06-25,CUS039,PRD018,MKT008,1,27.11,12.2,14.91
TXN01865,2022-06-25,CUS018,PRD012,MKT002,31,1325.25,861.41,463.84
TXN02467,2022-06-25,CUS015,PRD003,MKT002,13,647.92,421.15,226.77
TXN04733,2022-06-25,CUS017,PRD015,MKT009,18,408.42,265.47,142.95
TXN00701,2022-06-26,CUS007,PRD001,MKT008,16,225.12,101.3,123.82
TXN03753,2022-06-26,CUS035,PRD018,MKT003,22,608.74,273.93,334.81
TXN04717,2022-06-27,CUS002,PRD012,MKT006,12,466.68,303.34,163.34
TXN04119,2022-06-28,CUS002,PRD012,MKT002,1,36.02,23.41,12.61
TXN00257,2022-06-29,CUS014,PRD003,MKT009,25,1258.75,818.19,440.56
TXN00638,2022-06-29,CUS020,PRD003,MKT008,5,250.55,162.86,87.69
TXN01790,2022-06-29,CUS003,PRD008,MKT002,15,146.1,65.75,80.35
TXN04187,2022-06-29,CUS027,PRD004,MKT003,20,670.8,301.86,368.94
TXN01003,2022-06-30,CUS005,PRD011,MKT004,18,263.52,118.58,144.94
TXN02655,2022-06-30,CUS015,PRD019,MKT001,13,465.4,302.51,162.89
TXN02952,2022-06-30,CUS004,PRD014,MKT004,23,483.69,217.66,266.03
TXN01872,2022-07-01,CUS024,PRD003,MKT001,23,1237.17,804.16,433.01
TXN02225,2022-07-01,CUS031,PRD001,MKT002,16,193.28,86.98,106.3
TXN04077,2022-07-01,CUS018,PRD003,MKT008,22,999.46,649.65,349.81
TXN04735,2022-07-01,CUS002,PRD019,MKT002,3,102.27,66.48,35.79
TXN01014,2022-07-02,CUS001,PRD010,MKT001,3,64.2,28.89,35.31
TXN01525,2022-07-02,CUS004,PRD013,MKT001,3,160.95,72.43,88.52
TXN00224,2022-07-03,CUS010,PRD020,MKT002,17,1087.15,706.65,380.5
TXN02138,2022-07-03,CUS019,PRD013,MKT004,16,967.04,435.17,531.87
TXN02761,2022-07-03,CUS006,PRD005,MKT001,13,113.49,73.77,39.72
TXN02808,2022-07-04,CUS015,PRD009,MKT002,23,1477.98,960.69,517.29
TXN03027,2022-07-04,CUS017,PRD019,MKT008,22,749.76,487.34,262.42
TXN00904,2022-07-05,CUS024,PRD009,MKT005,16,1050.24,682.66,367.58
TXN04613,2022-07-05,CUS003,PRD005,MKT001,19,176.51,114.73,61.78
TXN04676,2022-07-06,CUS023,PRD008,MKT002,9,82.98,37.34,45.64
TXN00628,2022-07-07,CUS026,PRD005,MKT008,11,91.52,59.49,32.03
TXN04237,2022-07-07,CUS026,PRD011,MKT005,15,203.4,91.53,111.87
TXN04967,2022-07-07,CUS022,PRD007,MKT001,15,412.35,268.03,144.32
TXN00955,2022-07-08,CUS014,PRD018,MKT009,17,502.86,226.29,276.57
TXN02776,2022-07-08,CUS027,PRD016,MKT008,16,252.96,113.83,139.13
TXN02891,2022-07-08,CUS004,PRD015,MKT002,10,238.4,154.96,83.44
TXN03303,2022-07-08,CUS026,PRD003,MKT005,2,95.52,62.09,33.43
TXN03741,2022-07-08,CUS013,PRD008,MKT001,24,259.2,116.64,142.56
TXN04203,2022-07-08,CUS012,PRD009,MKT004,20,1143.0,742.95,400.05
TXN00164,2022-07-09,CUS022,PRD007,MKT003,22,641.96,417.27,224.69
TXN02933,2022-07-09,CUS023,PRD010,MKT005,19,371.07,166.98,204.09
TXN03275,2022-07-09,CUS006,PRD019,MKT006,5,155.65,101.17,54.48
TXN02298,2022-07-10,CUS026,PRD009,MKT009,8,486.32,316.11,170.21
TXN03544,2022-07-10,CUS021,PRD016,MKT007,5,86.3,38.84,47.46
TXN04939,2022-07-10,CUS022,PRD016,MKT003,9,144.18,64.88,79.3
TXN00496,2022-07-11,CUS025,PRD016,MKT003,15,233.55,105.1,128.45
TXN01013,2022-07-12,CUS015,PRD004,MKT001,11,408.65,183.89,224.76
TXN01897,2022-07-12,CUS042,PRD002,MKT001,5,134.8,60.66,74.14
TXN02161,2022-07-12,CUS022,PRD009,MKT001,5,320.75,208.49,112.26
TXN02919,2022-07-12,CUS011,PRD014,MKT001,15,357.15,160.72,196.43
TXN03358,2022-07-12,CUS024,PRD017,MKT007,21,1724.52,1120.94,603.58
TXN04087,2022-07-12,CUS011,PRD005,MKT008,11,104.06,67.64,36.42
TXN04908,2022-07-12,CUS010,PRD005,MKT009,11,101.31,65.85,35.46
TXN01424,2022-07-13,CUS029,PRD018,MKT008,22,663.3,298.48,364.82
TXN01497,2022-07-13,CUS001,PRD018,MKT001,8,203.84,91.73,112.11
TXN01228,2022-07-14,CUS014,PRD013,MKT001,8,451.2,203.04,248.16
TXN03099,2022-07-14,CUS013,PRD011,MKT001,20,327.8,147.51,180.29
TXN03551,2022-07-14,CUS010,PRD008,MKT005,21,193.2,86.94,106.26
TXN04084,2022-07-14,CUS019,PRD003,MKT002,28,1415.68,920.19,495.49
TXN00393,2022-07-15,CUS007,PRD015,MKT001,20,495.4,322.01,173.39
TXN03076,2022-07-15,CUS030,PRD013,MKT001,21,1257.27,565.77,691.5
TXN01557,2022-07-16,CUS031,PRD010,MKT006,15,273.45,123.05,150.4
TXN02084,2022-07-16,CUS006,PRD003,MKT005,14,708.82,460.73,248.09
TXN03405,2022-07-16,CUS024,PRD019,MKT006,11,341.33,221.86,119.47
TXN01318,2022-07-17,CUS045,PRD016,MKT008,11,183.92,82.76,101.16
TXN02136,2022-07-17,CUS015,PRD020,MKT001,28,2149.84,1397.4,752.44
TXN02820,2022-07-17,CUS012,PRD008,MKT007,29,277.53,124.89,152.64
TXN00258,2022-07-18,CUS016,PRD005,MKT001,16,129.44,84.14,45.3
TXN01046,2022-07-18,CUS050,PRD013,MKT003,13,654.94,294.72,360.22
TXN04350,2022-07-18,CUS009,PRD003,MKT004,27,1234.98,802.74,432.24
TXN01791,2022-07-19,CUS031,PRD009,MKT008,20,1140.6,741.39,399.21
TXN02144,2022-07-20,CUS027,PRD007,MKT004,15,425.1,276.31,148.79
TXN04359,2022-07-20,CUS011,PRD010,MKT007,27,536.22,241.3,294.92
TXN00783,2022-07-21,CUS029,PRD005,MKT006,13,114.79,74.61,40.18
TXN02053,2022-07-21,CUS032,PRD015,MKT008,21,518.7,337.15,181.55
TXN03582,2022-07-21,CUS044,PRD010,MKT003,10,201.3,90.59,110.71
TXN04546,2022-07-21,CUS014,PRD009,MKT002,16,939.52,610.69,328.83
TXN04854,2022-07-21,CUS011,PRD003,MKT001,24,1189.2,772.98,416.22
TXN01755,2022-07-22,CUS009,PRD013,MKT009,4,241.76,108.79,132.97
TXN02185,2022-07-22,CUS003,PRD010,MKT003,19,356.82,160.57,196.25
TXN01992,2022-07-23,CUS021,PRD005,MKT005,9,83.7,54.41,29.29
TXN02260,2022-07-23,CUS001,PRD016,MKT001,13,199.29,89.68,109.61
TXN03490,2022-07-23,CUS022,PRD004,MKT008,28,943.88,424.75,519.13
TXN03670,2022-07-23,CUS038,PRD003,MKT002,17,769.59,500.23,269.36
TXN02641,2022-07-24,CUS008,PRD003,MKT009,3,153.48,99.76,53.72
TXN01487,2022-07-25,CUS027,PRD014,MKT010,26,595.66,268.05,327.61
TXN01501,2022-07-25,CUS006,PRD018,MKT004,14,383.88,172.75,211.13
TXN03148,2022-07-25,CUS005,PRD020,MKT009,7,471.31,306.35,164.96
TXN03336,2022-07-25,CUS010,PRD004,MKT010,16,545.44,245.45,299.99
TXN03900,2022-07-25,CUS013,PRD016,MKT010,17,269.96,121.48,148.48
TXN04603,2022-07-26,CUS001,PRD020,MKT001,7,534.94,347.71,187.23
TXN04888,2022-07-26,CUS006,PRD019,MKT002,14,478.8,311.22,167.58
TXN04891,2022-07-26,CUS009,PRD011,MKT006,7,103.46,46.56,56.9
TXN02506,2022-07-27,CUS026,PRD014,MKT001,19,408.31,183.74,224.57
TXN02810,2022-07-27,CUS042,PRD018,MKT004,5,127.75,57.49,70.26
TXN04298,2022-07-27,CUS023,PRD013,MKT008,9,472.77,212.75,260.02
TXN04984,2022-07-27,CUS013,PRD020,MKT004,2,133.88,87.02,46.86
TXN03954,2022-07-28,CUS009,PRD003,MKT008,27,1337.58,869.43,468.15
TXN04247,2022-07-28,CUS050,PRD020,MKT007,1,74.36,48.33,26.03
TXN00275,2022-07-29,CUS013,PRD011,MKT007,7,114.45,51.5,62.95
TXN02977,2022-07-29,CUS029,PRD015,MKT002,16,371.84,241.7,130.14
TXN03009,2022-07-29,CUS017,PRD019,MKT007,29,1012.39,658.05,354.34
TXN01032,2022-07-30,CUS004,PRD020,MKT001,23,1490.63,968.91,521.72
TXN01201,2022-07-30,CUS017,PRD013,MKT007,16,956.32,430.34,525.98
TXN01535,2022-07-30,CUS042,PRD017,MKT001,14,1353.94,880.06,473.88
TXN02289,2022-07-30,CUS003,PRD016,MKT008,28,454.44,204.5,249.94
TXN02718,2022-07-30,CUS010,PRD007,MKT008,11,299.42,194.62,104.8
TXN00007,2022-08-01,CUS016,PRD004,MKT003,6,211.62,95.23,116.39
TXN00298,2022-08-01,CUS001,PRD018,MKT004,23,702.65,316.19,386.46
TXN00858,2022-08-01,CUS002,PRD012,MKT009,15,638.55,415.06,223.49
TXN01220,2022-08-01,CUS042,PRD008,MKT007,4,40.24,18.11,22.13
TXN01748,2022-08-01,CUS044,PRD002,MKT002,7,172.13,77.46,94.67
TXN02702,2022-08-01,CUS002,PRD020,MKT008,1,76.34,49.62,26.72
TXN02909,2022-08-01,CUS003,PRD010,MKT008,20,426.0,191.7,234.3
TXN02306,2022-08-02,CUS006,PRD008,MKT002,25,249.0,112.05,136.95
TXN02842,2022-08-02,CUS028,PRD006,MKT004,9,383.13,172.41,210.72
TXN04381,2022-08-02,CUS024,PRD014,MKT009,20,504.0,226.8,277.2
TXN03042,2022-08-03,CUS014,PRD009,MKT007,22,1204.94,783.21,421.73
TXN04475,2022-08-03,CUS023,PRD013,MKT002,15,886.95,399.13,487.82
TXN04766,2022-08-03,CUS046,PRD012,MKT002,10,385.8,250.77,135.03
TXN00951,2022-08-04,CUS006,PRD006,MKT007,11,475.09,213.79,261.3
TXN04127,2022-08-04,CUS015,PRD015,MKT007,5,134.9,87.69,47.21
TXN02357,2022-08-05,CUS010,PRD001,MKT001,11,139.59,62.82,76.77
TXN03972,2022-08-05,CUS008,PRD005,MKT001,23,207.92,135.15,72.77
TXN04681,2022-08-05,CUS007,PRD015,MKT006,3,78.96,51.32,27.64
TXN00052,2022-08-06,CUS016,PRD014,MKT008,12,300.12,135.05,165.07
TXN00297,2022-08-06,CUS028,PRD006,MKT002,21,929.04,418.07,510.97
TXN04838,2022-08-06,CUS011,PRD004,MKT001,3,101.22,45.55,55.67
TXN00181,2022-08-07,CUS021,PRD020,MKT001,12,796.8,517.92,278.88
TXN01951,2022-08-07,CUS013,PRD006,MKT001,22,1046.76,471.04,575.72
TXN03460,2022-08-07,CUS011,PRD002,MKT009,6,162.24,73.01,89.23
TXN02713,2022-08-08,CUS011,PRD018,MKT001,7,176.47,79.41,97.06
TXN03502,2022-08-08,CUS003,PRD018,MKT001,6,177.42,79.84,97.58
TXN04481,2022-08-08,CUS002,PRD018,MKT002,19,556.7,250.52,306.18
TXN01617,2022-08-09,CUS016,PRD018,MKT009,22,658.68,296.41,362.27
TXN04147,2022-08-09,CUS018,PRD010,MKT002,20,437.6,196.92,240.68
TXN02937,2022-08-10,CUS006,PRD013,MKT002,2,114.28,51.43,62.85
TXN03669,2022-08-10,CUS003,PRD013,MKT006,11,556.38,250.37,306.01
TXN01435,2022-08-11,CUS003,PRD006,MKT002,4,164.52,74.03,90.49
TXN01730,2022-08-11,CUS002,PRD016,MKT006,20,306.4,137.88,168.52
TXN02528,2022-08-11,CUS014,PRD017,MKT008,7,657.16,427.15,230.01
TXN00489,2022-08-13,CUS003,PRD012,MKT005,22,841.94,547.26,294.68
TXN00844,2022-08-13,CUS005,PRD011,MKT001,18,255.42,114.94,140.48
TXN01803,2022-08-13,CUS001,PRD010,MKT008,15,313.2,140.94,172.26
TXN02608,2022-08-13,CUS017,PRD011,MKT002,2,32.86,14.79,18.07
TXN02190,2022-08-14,CUS009,PRD018,MKT002,10,289.9,130.45,159.45
TXN00102,2022-08-15,CUS025,PRD009,MKT001,11,623.15,405.05,218.1
TXN00337,2022-08-15,CUS002,PRD016,MKT006,9,153.99,69.3,84.69
TXN00534,2022-08-15,CUS014,PRD003,MKT009,12,554.64,360.52,194.12
TXN02104,2022-08-15,CUS007,PRD010,MKT001,11,217.03,97.66,119.37
TXN03349,2022-08-15,CUS024,PRD003,MKT009,13,704.47,457.91,246.56
TXN01798,2022-08-16,CUS013,PRD016,MKT002,12,191.52,86.18,105.34
TXN03629,2022-08-16,CUS034,PRD007,MKT002,15,408.6,265.59,143.01
TXN04421,2022-08-16,CUS001,PRD015,MKT006,15,344.85,224.15,120.7
TXN00707,2022-08-17,CUS030,PRD002,MKT006,1,24.79,11.16,13.63
TXN00233,2022-08-18,CUS010,PRD007,MKT004,14,401.8,261.17,140.63
TXN00602,2022-08-18,CUS007,PRD005,MKT006,19,154.47,100.41,54.06
TXN01273,2022-08-18,CUS017,PRD006,MKT003,18,777.42,349.84,427.58
TXN04503,2022-08-18,CUS007,PRD007,MKT006,27,843.75,548.44,295.31
TXN03575,2022-08-19,CUS022,PRD009,MKT001,18,1038.24,674.86,363.38
TXN03689,2022-08-19,CUS012,PRD003,MKT002,21,1001.49,650.97,350.52
TXN01096,2022-08-20,CUS018,PRD002,MKT006,7,162.26,73.02,89.24
TXN01188,2022-08-20,CUS009,PRD002,MKT006,11,253.66,114.15,139.51
TXN01294,2022-08-20,CUS013,PRD010,MKT004,23,445.74,200.58,245.16
TXN03778,2022-08-20,CUS009,PRD020,MKT004,19,1284.21,834.74,449.47
TXN04933,2022-08-20,CUS043,PRD013,MKT002,14,775.04,348.77,426.27
TXN00650,2022-08-21,CUS035,PRD004,MKT001,27,861.3,387.59,473.71
TXN01056,2022-08-21,CUS004,PRD004,MKT001,11,409.53,184.29,225.24
TXN01286,2022-08-21,CUS004,PRD005,MKT008,20,168.6,109.59,59.01
TXN00554,2022-08-22,CUS010,PRD015,MKT004,22,581.24,377.81,203.43
TXN00700,2022-08-22,CUS001,PRD014,MKT003,23,540.73,243.33,297.4
TXN02629,2022-08-22,CUS029,PRD008,MKT001,9,97.2,43.74,53.46
TXN00914,2022-08-23,CUS011,PRD018,MKT004,5,130.55,58.75,71.8
TXN03943,2022-08-23,CUS032,PRD012,MKT001,9,350.1,227.56,122.54
TXN00253,2022-08-24,CUS010,PRD003,MKT001,18,935.1,607.82,327.28
TXN01644,2022-08-24,CUS008,PRD012,MKT001,4,148.12,96.28,51.84
TXN04851,2022-08-24,CUS029,PRD017,MKT005,14,1374.38,893.35,481.03
TXN01881,2022-08-25,CUS036,PRD013,MKT001,13,781.04,351.47,429.57
TXN02181,2022-08-25,CUS033,PRD005,MKT006,6,48.96,31.82,17.14
TXN03025,2022-08-25,CUS035,PRD017,MKT007,4,334.72,217.57,117.15
TXN01328,2022-08-26,CUS040,PRD009,MKT005,1,59.43,38.63,20.8
TXN03168,2022-08-26,CUS027,PRD017,MKT006,9,833.22,541.59,291.63
TXN03789,2022-08-26,CUS008,PRD018,MKT002,28,726.6,326.97,399.63
TXN03988,2022-08-26,CUS006,PRD006,MKT010,24,1149.12,517.1,632.02
TXN00610,2022-08-27,CUS009,PRD003,MKT007,2,106.08,68.95,37.13
TXN01026,2022-08-28,CUS033,PRD007,MKT002,4,114.08,74.15,39.93
TXN02030,2022-08-28,CUS007,PRD010,MKT004,20,428.4,192.78,235.62
TXN01581,2022-08-29,CUS005,PRD012,MKT008,2,73.34,47.67,25.67
TXN03666,2022-08-29,CUS011,PRD010,MKT001,28,535.08,240.79,294.29
TXN04510,2022-08-29,CUS016,PRD008,MKT001,22,200.42,90.19,110.23
TXN02125,2022-08-30,CUS026,PRD002,MKT009,4,105.84,47.63,58.21
TXN04479,2022-08-30,CUS044,PRD018,MKT001,12,321.84,144.83,177.01
TXN02670,2022-08-31,CUS025,PRD009,MKT007,9,571.68,371.59,200.09
TXN03228,2022-08-31,CUS003,PRD011,MKT007,20,312.4,140.58,171.82
TXN01482,2022-09-01,CUS010,PRD008,MKT003,3,30.93,13.92,17.01
TXN03975,2022-09-01,CUS016,PRD007,MKT002,18,569.52,370.19,199.33
TXN02613,2022-09-02,CUS029,PRD018,MKT008,30,785.4,353.43,431.97
TXN04485,2022-09-02,CUS003,PRD011,MKT002,12,178.32,80.24,98.08
TXN00177,2022-09-03,CUS003,PRD010,MKT003,11,199.32,89.69,109.63
TXN02351,2022-09-03,CUS010,PRD011,MKT005,22,331.1,149.0,182.1
TXN04349,2022-09-03,CUS003,PRD002,MKT001,22,545.38,245.42,299.96
TXN00222,2022-09-04,CUS003,PRD020,MKT005,18,1323.9,860.53,463.37
TXN00612,2022-09-04,CUS016,PRD006,MKT009,16,703.68,316.66,387.02
TXN01819,2022-09-04,CUS005,PRD011,MKT009,10,162.4,73.08,89.32
TXN01282,2022-09-05,CUS015,PRD014,MKT008,30,703.8,316.71,387.09
TXN01946,2022-09-05,CUS002,PRD003,MKT001,27,1351.62,878.55,473.07
TXN02020,2022-09-05,CUS019,PRD008,MKT003,10,109.2,49.14,60.06
TXN02147,2022-09-05,CUS005,PRD019,MKT003,26,843.7,548.4,295.3
TXN02676,2022-09-05,CUS001,PRD004,MKT002,3,95.49,42.97,52.52
TXN02698,2022-09-05,CUS006,PRD014,MKT001,26,567.32,255.29,312.03
TXN01033,2022-09-06,CUS028,PRD013,MKT007,7,415.45,186.95,228.5
TXN01623,2022-09-06,CUS032,PRD004,MKT003,17,536.01,241.2,294.81
TXN02163,2022-09-06,CUS010,PRD019,MKT007,8,251.52,163.49,88.03
TXN02130,2022-09-07,CUS004,PRD006,MKT005,26,1127.1,507.19,619.91
TXN02712,2022-09-07,CUS039,PRD016,MKT004,18,298.98,134.54,164.44
TXN03625,2022-09-07,CUS010,PRD011,MKT007,31,485.46,218.46,267.0
TXN00518,2022-09-08,CUS012,PRD015,MKT002,8,201.12,130.73,70.39
TXN01877,2022-09-08,CUS007,PRD011,MKT006,8,119.36,53.71,65.65
TXN03427,2022-09-08,CUS024,PRD004,MKT002,23,777.17,349.73,427.44
TXN04315,2022-09-08,CUS003,PRD002,MKT008,27,734.94,330.72,404.22
TXN01583,2022-09-09,CUS001,PRD007,MKT009,21,680.82,442.53,238.29
TXN01762,2022-09-10,CUS008,PRD017,MKT007,17,1582.87,1028.87,554.0
TXN02085,2022-09-10,CUS019,PRD001,MKT006,26,328.12,147.65,180.47
TXN02347,2022-09-10,CUS018,PRD008,MKT003,5,51.65,23.24,28.41
TXN04015,2022-09-10,CUS024,PRD019,MKT001,25,861.75,560.14,301.61
TXN00766,2022-09-12,CUS004,PRD005,MKT007,7,57.89,37.63,20.26
TXN00931,2022-09-12,CUS034,PRD004,MKT001,31,1130.57,508.76,621.81
TXN02350,2022-09-12,CUS025,PRD017,MKT001,21,1735.23,1127.9,607.33
TXN02920,2022-09-12,CUS011,PRD016,MKT004,18,332.64,149.69,182.95
TXN04931,2022-09-12,CUS008,PRD011,MKT001,15,244.8,110.16,134.64
TXN00051,2022-09-13,CUS006,PRD007,MKT008,31,888.77,577.7,311.07
TXN00896,2022-09-13,CUS011,PRD003,MKT002,26,1270.36,825.73,444.63
TXN03393,2022-09-13,CUS002,PRD002,MKT010,11,251.35,113.11,138.24
TXN00372,2022-09-14,CUS017,PRD009,MKT002,22,1438.14,934.79,503.35
TXN02283,2022-09-14,CUS014,PRD017,MKT004,25,2229.25,1449.01,780.24
TXN03981,2022-09-14,CUS033,PRD010,MKT004,27,548.37,246.77,301.6
TXN00992,2022-09-15,CUS005,PRD011,MKT003,23,341.09,153.49,187.6
TXN03390,2022-09-15,CUS002,PRD016,MKT006,10,172.3,77.54,94.76
TXN00363,2022-09-17,CUS034,PRD003,MKT008,5,233.9,152.03,81.87
TXN02203,2022-09-17,CUS025,PRD006,MKT003,13,576.42,259.39,317.03
TXN03990,2022-09-17,CUS039,PRD003,MKT001,15,707.1,459.62,247.48
TXN03755,2022-09-18,CUS005,PRD002,MKT002,1,22.67,10.2,12.47
TXN04233,2022-09-18,CUS014,PRD003,MKT003,22,1160.06,754.04,406.02
TXN01698,2022-09-19,CUS019,PRD010,MKT005,7,126.77,57.05,69.72
TXN02369,2022-09-19,CUS024,PRD002,MKT001,7,189.0,85.05,103.95
TXN04338,2022-09-19,CUS022,PRD016,MKT001,12,210.24,94.61,115.63
TXN00058,2022-09-20,CUS033,PRD015,MKT002,12,309.84,201.4,108.44
TXN04584,2022-09-20,CUS043,PRD008,MKT003,31,335.11,150.8,184.31
TXN01009,2022-09-21,CUS043,PRD002,MKT005,23,553.15,248.92,304.23
TXN03530,2022-09-21,CUS016,PRD004,MKT009,28,1001.0,450.45,550.55
TXN00479,2022-09-22,CUS037,PRD004,MKT003,12,438.84,197.48,241.36
TXN00688,2022-09-22,CUS002,PRD008,MKT003,27,259.74,116.88,142.86
TXN02068,2022-09-22,CUS012,PRD017,MKT006,3,253.38,164.7,88.68
TXN02178,2022-09-22,CUS001,PRD013,MKT009,21,1054.83,474.67,580.16
TXN03498,2022-09-22,CUS028,PRD004,MKT003,3,101.52,45.68,55.84
TXN01313,2022-09-23,CUS007,PRD016,MKT004,10,157.6,70.92,86.68
TXN02669,2022-09-23,CUS005,PRD010,MKT003,21,403.62,181.63,221.99
TXN03565,2022-09-23,CUS032,PRD020,MKT003,23,1465.56,952.61,512.95
TXN03964,2022-09-23,CUS007,PRD018,MKT006,10,305.5,137.47,168.03
TXN04558,2022-09-23,CUS023,PRD001,MKT007,16,223.52,100.58,122.94
TXN01531,2022-09-24,CUS012,PRD013,MKT010,13,758.68,341.41,417.27
TXN01626,2022-09-24,CUS046,PRD003,MKT004,20,1059.8,688.87,370.93
TXN02453,2022-09-25,CUS002,PRD020,MKT001,13,947.31,615.75,331.56
TXN03259,2022-09-26,CUS027,PRD002,MKT001,16,382.88,172.3,210.58
TXN01464,2022-09-27,CUS038,PRD014,MKT007,8,198.96,89.53,109.43
TXN04757,2022-09-27,CUS012,PRD020,MKT003,23,1622.19,1054.42,567.77
TXN02773,2022-09-28,CUS008,PRD004,MKT001,30,954.3,429.43,524.87
TXN02860,2022-09-28,CUS011,PRD014,MKT001,2,46.04,20.72,25.32
TXN00070,2022-09-29,CUS017,PRD012,MKT002,31,1336.72,868.87,467.85
TXN01409,2022-09-29,CUS015,PRD014,MKT004,28,621.88,279.85,342.03
TXN03345,2022-09-29,CUS042,PRD014,MKT005,10,243.4,109.53,133.87
TXN01998,2022-09-30,CUS015,PRD016,MKT003,15,257.1,115.7,141.4
TXN02887,2022-09-30,CUS006,PRD013,MKT008,1,50.02,22.51,27.51
TXN03497,2022-09-30,CUS025,PRD004,MKT003,25,913.75,411.19,502.56
TXN04169,2022-09-30,CUS019,PRD012,MKT003,3,127.74,83.03,44.71
TXN00346,2022-10-02,CUS003,PRD020,MKT004,11,693.99,451.09,242.9
TXN01089,2022-10-02,CUS009,PRD015,MKT008,33,838.53,545.04,293.49
TXN03429,2022-10-02,CUS030,PRD013,MKT008,26,1532.18,689.48,842.7
TXN02760,2022-10-03,CUS032,PRD013,MKT004,5,268.35,120.76,147.59
TXN00684,2022-10-04,CUS002,PRD006,MKT007,13,606.32,272.84,333.48
TXN02874,2022-10-04,CUS023,PRD019,MKT006,23,703.8,457.47,246.33
TXN03089,2022-10-04,CUS039,PRD010,MKT006,12,217.92,98.06,119.86
TXN04430,2022-10-04,CUS014,PRD010,MKT010,31,610.7,274.81,335.89
TXN00447,2022-10-05,CUS034,PRD011,MKT006,27,395.82,178.12,217.7
TXN01245,2022-10-05,CUS043,PRD012,MKT007,2,72.06,46.84,25.22
TXN03395,2022-10-05,CUS003,PRD015,MKT005,9,228.96,148.82,80.14
TXN04103,2022-10-05,CUS018,PRD008,MKT009,16,165.76,74.59,91.17
TXN02739,2022-10-06,CUS008,PRD015,MKT002,11,288.31,187.4,100.91
TXN03056,2022-10-06,CUS030,PRD016,MKT005,8,144.72,65.12,79.6
TXN04020,2022-10-06,CUS012,PRD004,MKT007,31,1005.64,452.54,553.1
TXN04344,2022-10-06,CUS003,PRD017,MKT009,5,423.45,275.24,148.21
TXN01210,2022-10-07,CUS022,PRD002,MKT009,33,881.1,396.5,484.6
TXN02675,2022-10-07,CUS018,PRD012,MKT009,9,388.35,252.43,135.92
TXN04419,2022-10-07,CUS019,PRD003,MKT002,11,518.21,336.84,181.37
TXN00171,2022-10-08,CUS008,PRD008,MKT006,16,147.36,66.31,81.05
TXN02799,2022-10-08,CUS004,PRD019,MKT006,34,1075.08,698.8,376.28
TXN04371,2022-10-08,CUS008,PRD020,MKT007,22,1427.58,927.93,499.65
TXN00358,2022-10-09,CUS030,PRD015,MKT003,1,26.22,17.04,9.18
TXN00680,2022-10-09,CUS004,PRD015,MKT010,8,200.08,130.05,70.03
TXN00954,2022-10-09,CUS015,PRD010,MKT001,6,119.52,53.78,65.74
TXN02135,2022-10-10,CUS012,PRD009,MKT006,26,1705.6,1108.64,596.96
TXN03526,2022-10-10,CUS029,PRD020,MKT002,22,1511.4,982.41,528.99
TXN00449,2022-10-11,CUS025,PRD006,MKT005,4,186.16,83.77,102.39
TXN01281,2022-10-11,CUS003,PRD011,MKT001,5,67.65,30.44,37.21
TXN04913,2022-10-11,CUS016,PRD007,MKT002,6,165.18,107.37,57.81
TXN00125,2022-10-12,CUS032,PRD012,MKT009,34,1406.58,914.28,492.3
TXN01975,2022-10-12,CUS022,PRD008,MKT003,23,239.89,107.95,131.94
TXN01362,2022-10-14,CUS003,PRD016,MKT006,6,97.98,44.09,53.89
TXN01451,2022-10-14,CUS018,PRD001,MKT006,22,258.72,116.42,142.3
TXN03135,2022-10-14,CUS013,PRD018,MKT001,6,161.04,72.47,88.57
TXN03888,2022-10-15,CUS010,PRD019,MKT007,26,802.88,521.87,281.01
TXN04403,2022-10-15,CUS006,PRD015,MKT009,8,188.4,122.46,65.94
TXN03781,2022-10-16,CUS034,PRD009,MKT007,22,1224.08,795.65,428.43
TXN03958,2022-10-16,CUS036,PRD001,MKT002,26,343.2,154.44,188.76
TXN01513,2022-10-17,CUS001,PRD014,MKT001,27,615.33,276.9,338.43
TXN00485,2022-10-18,CUS004,PRD011,MKT001,28,391.44,176.15,215.29
TXN03260,2022-10-19,CUS021,PRD020,MKT007,1,65.84,42.8,23.04
TXN03470,2022-10-19,CUS015,PRD003,MKT004,4,187.16,121.65,65.51
TXN01599,2022-10-20,CUS044,PRD011,MKT005,17,253.64,114.14,139.5
TXN02816,2022-10-20,CUS009,PRD004,MKT005,30,1084.8,488.16,596.64
TXN00278,2022-10-22,CUS014,PRD008,MKT003,4,40.56,18.25,22.31
TXN02832,2022-10-22,CUS006,PRD005,MKT003,15,148.35,96.43,51.92
TXN00437,2022-10-23,CUS019,PRD011,MKT003,1,14.94,6.72,8.22
TXN01176,2022-10-23,CUS010,PRD007,MKT005,34,933.3,606.64,326.66
TXN01750,2022-10-23,CUS019,PRD001,MKT007,1,12.48,5.62,6.86
TXN03120,2022-10-23,CUS005,PRD017,MKT007,16,1366.88,888.47,478.41
TXN04641,2022-10-23,CUS014,PRD016,MKT001,1,16.51,7.43,9.08
TXN00412,2022-10-24,CUS019,PRD008,MKT007,13,137.67,61.95,75.72
TXN00617,2022-10-24,CUS036,PRD014,MKT002,11,265.21,119.34,145.87
TXN04435,2022-10-24,CUS039,PRD001,MKT005,22,293.26,131.97,161.29
TXN00353,2022-10-25,CUS027,PRD018,MKT001,20,563.0,253.35,309.65
TXN00356,2022-10-25,CUS006,PRD012,MKT001,23,909.65,591.27,318.38
TXN02685,2022-10-25,CUS022,PRD015,MKT004,23,562.12,365.38,196.74
TXN03227,2022-10-25,CUS001,PRD020,MKT002,31,2312.91,1503.39,809.52
TXN03353,2022-10-25,CUS022,PRD014,MKT001,22,474.76,213.64,261.12
TXN00321,2022-10-26,CUS007,PRD012,MKT006,9,325.26,211.42,113.84
TXN00326,2022-10-26,CUS022,PRD014,MKT005,9,225.81,101.61,124.2
TXN01514,2022-10-26,CUS005,PRD005,MKT005,30,288.0,187.2,100.8
TXN01850,2022-10-26,CUS005,PRD020,MKT005,30,1958.1,1272.76,685.34
TXN02371,2022-10-26,CUS025,PRD014,MKT002,13,286.0,128.7,157.3
TXN03489,2022-10-28,CUS014,PRD006,MKT006,8,352.56,158.65,193.91
TXN01729,2022-10-29,CUS013,PRD010,MKT008,30,544.8,245.16,299.64
TXN02107,2022-10-29,CUS017,PRD003,MKT007,16,829.6,539.24,290.36
TXN03793,2022-10-29,CUS023,PRD002,MKT005,5,118.6,53.37,65.23
TXN03122,2022-10-30,CUS026,PRD005,MKT005,34,322.32,209.51,112.81
TXN04545,2022-10-30,CUS002,PRD015,MKT001,12,312.24,202.96,109.28
TXN04806,2022-10-30,CUS035,PRD011,MKT007,20,317.0,142.65,174.35
TXN00582,2022-10-31,CUS014,PRD020,MKT005,27,1798.2,1168.83,629.37
TXN02602,2022-10-31,CUS012,PRD016,MKT002,15,247.35,111.31,136.04
TXN02943,2022-10-31,CUS017,PRD012,MKT002,17,724.71,471.06,253.65
TXN00906,2022-11-01,CUS030,PRD018,MKT002,37,1118.14,503.16,614.98
TXN04052,2022-11-02,CUS041,PRD013,MKT006,1,56.75,25.54,31.21
TXN04156,2022-11-02,CUS016,PRD020,MKT003,35,2658.6,1728.09,930.51
TXN04790,2022-11-02,CUS009,PRD005,MKT002,27,252.99,164.44,88.55
TXN00827,2022-11-03,CUS008,PRD013,MKT004,14,756.42,340.39,416.03
TXN01143,2022-11-03,CUS029,PRD006,MKT006,19,785.65,353.54,432.11
TXN02382,2022-11-03,CUS002,PRD011,MKT001,39,546.0,245.7,300.3
TXN04458,2022-11-03,CUS035,PRD018,MKT001,30,774.3,348.44,425.86
TXN04989,2022-11-03,CUS027,PRD013,MKT001,14,815.5,366.98,448.52
TXN00419,2022-11-04,CUS012,PRD003,MKT002,26,1207.7,785.01,422.69
TXN01030,2022-11-04,CUS014,PRD005,MKT002,11,89.65,58.27,31.38
TXN01862,2022-11-04,CUS025,PRD010,MKT003,22,480.26,216.12,264.14
TXN04205,2022-11-04,CUS015,PRD002,MKT002,21,543.9,244.75,299.15
TXN00179,2022-11-05,CUS011,PRD019,MKT006,3,96.96,63.02,33.94
TXN00637,2022-11-05,CUS021,PRD007,MKT006,35,1053.85,685.0,368.85
TXN03548,2022-11-05,CUS023,PRD006,MKT003,32,1540.48,693.22,847.26
TXN04601,2022-11-05,CUS001,PRD012,MKT001,22,815.98,530.39,285.59
TXN04685,2022-11-05,CUS004,PRD002,MKT004,9,208.17,93.68,114.49
TXN02098,2022-11-07,CUS012,PRD005,MKT004,21,201.39,130.9,70.49
TXN02589,2022-11-07,CUS013,PRD001,MKT006,3,35.16,15.82,19.34
TXN02921,2022-11-07,CUS008,PRD012,MKT007,27,1112.4,723.06,389.34
TXN03019,2022-11-07,CUS039,PRD020,MKT003,40,2889.2,1877.98,1011.22
TXN03248,2022-11-07,CUS001,PRD007,MKT002,24,745.92,484.85,261.07
TXN01779,2022-11-08,CUS013,PRD018,MKT005,24,713.28,320.98,392.3
TXN04974,2022-11-08,CUS010,PRD002,MKT004,34,874.14,393.36,480.78
TXN01833,2022-11-09,CUS007,PRD007,MKT001,9,260.82,169.53,91.29
TXN01990,2022-11-09,CUS010,PRD019,MKT003,37,1292.41,840.07,452.34
TXN02207,2022-11-09,CUS042,PRD015,MKT002,32,813.44,528.74,284.7
TXN01809,2022-11-10,CUS034,PRD006,MKT007,6,245.52,110.48,135.04
TXN02128,2022-11-11,CUS028,PRD006,MKT006,32,1410.56,634.75,775.81
TXN02537,2022-11-11,CUS019,PRD018,MKT009,35,977.9,440.06,537.84
TXN03220,2022-11-11,CUS008,PRD010,MKT001,22,402.16,180.97,221.19
TXN03732,2022-11-11,CUS010,PRD003,MKT002,19,975.84,634.3,341.54
TXN00013,2022-11-13,CUS006,PRD007,MKT010,34,993.82,645.98,347.84
TXN03334,2022-11-13,CUS018,PRD006,MKT003,24,1058.4,476.28,582.12
TXN04395,2022-11-13,CUS009,PRD018,MKT004,29,800.11,360.05,440.06
TXN00350,2022-11-14,CUS004,PRD019,MKT002,32,996.8,647.92,348.88
TXN00924,2022-11-14,CUS017,PRD003,MKT008,24,1101.6,716.04,385.56
TXN01284,2022-11-14,CUS023,PRD017,MKT001,8,649.92,422.45,227.47
TXN03634,2022-11-14,CUS011,PRD015,MKT003,13,306.02,198.91,107.11
TXN04556,2022-11-14,CUS034,PRD011,MKT004,8,123.68,55.66,68.02
TXN00490,2022-11-15,CUS001,PRD017,MKT008,11,993.41,645.72,347.69
TXN01092,2022-11-15,CUS010,PRD001,MKT003,14,189.0,85.05,103.95
TXN00103,2022-11-17,CUS007,PRD014,MKT003,29,670.77,301.85,368.92
TXN00940,2022-11-17,CUS024,PRD012,MKT004,24,1007.52,654.89,352.63
TXN02926,2022-11-17,CUS026,PRD014,MKT004,39,914.16,411.37,502.79
TXN02927,2022-11-17,CUS008,PRD020,MKT006,16,1205.44,783.54,421.9
TXN03181,2022-11-17,CUS017,PRD010,MKT003,3,64.89,29.2,35.69
TXN04813,2022-11-17,CUS007,PRD015,MKT005,9,224.73,146.07,78.66
TXN03652,2022-11-18,CUS038,PRD012,MKT001,29,1220.9,793.59,427.31
TXN00148,2022-11-19,CUS012,PRD002,MKT002,35,937.65,421.94,515.71
TXN03539,2022-11-19,CUS009,PRD014,MKT002,35,726.95,327.13,399.82
TXN01385,2022-11-20,CUS023,PRD013,MKT006,24,1188.24,534.71,653.53
TXN01412,2022-11-20,CUS007,PRD013,MKT002,39,2259.66,1016.85,1242.81
TXN04729,2022-11-20,CUS008,PRD017,MKT007,1,93.55,60.81,32.74
TXN00129,2022-11-21,CUS016,PRD014,MKT003,40,928.8,417.96,510.84
TXN03952,2022-11-21,CUS020,PRD017,MKT007,21,1709.82,1111.38,598.44
TXN00681,2022-11-22,CUS021,PRD015,MKT007,29,721.81,469.18,252.63
TXN00986,2022-11-22,CUS019,PRD016,MKT003,17,291.38,131.12,160.26
TXN02054,2022-11-24,CUS029,PRD014,MKT004,22,521.18,234.53,286.65
TXN02930,2022-11-24,CUS022,PRD002,MKT009,13,350.61,157.77,192.84
TXN03286,2022-11-24,CUS020,PRD001,MKT003,4,55.08,24.79,30.29
TXN04706,2022-11-24,CUS013,PRD020,MKT008,35,2497.6,1623.44,874.16
TXN01034,2022-11-25,CUS006,PRD006,MKT006,4,184.96,83.23,101.73
TXN02060,2022-11-25,CUS024,PRD006,MKT001,30,1437.0,646.65,790.35
TXN02610,2022-11-25,CUS018,PRD006,MKT004,14,623.98,280.79,343.19
TXN01496,2022-11-26,CUS025,PRD013,MKT003,17,875.67,394.05,481.62
TXN00176,2022-11-27,CUS041,PRD009,MKT007,8,516.88,335.97,180.91
TXN01374,2022-11-27,CUS024,PRD016,MKT004,34,595.0,267.75,327.25
TXN01486,2022-11-27,CUS012,PRD019,MKT007,8,255.04,165.78,89.26
TXN01743,2022-11-27,CUS014,PRD019,MKT005,1,33.39,21.7,11.69
TXN02072,2022-11-27,CUS003,PRD019,MKT001,4,123.6,80.34,43.26
TXN03644,2022-11-27,CUS015,PRD019,MKT005,11,350.9,228.08,122.82
TXN04788,2022-11-27,CUS002,PRD013,MKT009,32,1755.52,789.98,965.54
TXN02329,2022-11-28,CUS023,PRD007,MKT005,27,882.09,573.36,308.73
TXN02423,2022-11-28,CUS012,PRD008,MKT004,22,215.6,97.02,118.58
TXN01295,2022-11-29,CUS014,PRD004,MKT007,26,881.4,396.63,484.77
TXN01322,2022-11-29,CUS010,PRD017,MKT006,40,3381.6,2198.04,1183.56
TXN01161,2022-11-30,CUS019,PRD009,MKT010,9,576.09,374.46,201.63
TXN01888,2022-11-30,CUS010,PRD020,MKT003,32,2387.52,1551.89,835.63
TXN01226,2022-12-01,CUS008,PRD002,MKT003,45,1195.2,537.84,657.36
TXN04466,2022-12-01,CUS024,PRD007,MKT006,24,718.08,466.75,251.33
TXN04615,2022-12-01,CUS001,PRD016,MKT001,11,188.54,84.84,103.7
TXN03229,2022-12-02,CUS009,PRD017,MKT001,35,3163.3,2056.14,1107.16
TXN03851,2022-12-02,CUS020,PRD015,MKT002,28,727.72,473.02,254.7
TXN01216,2022-12-03,CUS041,PRD007,MKT003,41,1167.27,758.73,408.54
TXN02082,2022-12-03,CUS044,PRD012,MKT007,16,587.52,381.89,205.63
TXN02871,2022-12-03,CUS001,PRD012,MKT001,39,1440.27,936.18,504.09
TXN03295,2022-12-03,CUS020,PRD005,MKT004,24,220.56,143.36,77.2
TXN04461,2022-12-03,CUS023,PRD014,MKT002,22,553.52,249.08,304.44
TXN04561,2022-12-03,CUS024,PRD009,MKT003,24,1580.64,1027.42,553.22
TXN04307,2022-12-04,CUS039,PRD003,MKT005,46,2334.96,1517.72,817.24
TXN00285,2022-12-05,CUS021,PRD016,MKT004,7,130.48,58.72,71.76
TXN00547,2022-12-05,CUS011,PRD012,MKT001,13,554.84,360.65,194.19
TXN02536,2022-12-05,CUS015,PRD016,MKT007,46,718.52,323.33,395.19
TXN03288,2022-12-05,CUS042,PRD002,MKT007,45,1160.55,522.25,638.3
TXN04499,2022-12-05,CUS015,PRD012,MKT001,20,806.2,524.03,282.17
TXN00797,2022-12-06,CUS027,PRD008,MKT003,28,261.8,117.81,143.99
TXN01235,2022-12-07,CUS033,PRD001,MKT005,37,457.69,205.96,251.73
TXN01916,2022-12-07,CUS013,PRD003,MKT003,37,2027.97,1318.18,709.79
TXN02240,2022-12-07,CUS003,PRD013,MKT003,30,1490.1,670.55,819.55
TXN02323,2022-12-08,CUS022,PRD012,MKT010,28,1067.92,694.15,373.77
TXN01610,2022-12-09,CUS017,PRD007,MKT010,41,1340.29,871.19,469.1
TXN01735,2022-12-09,CUS026,PRD003,MKT003,33,1536.15,998.5,537.65
TXN02081,2022-12-09,CUS014,PRD013,MKT006,18,931.86,419.34,512.52
TXN01098,2022-12-10,CUS006,PRD015,MKT002,22,593.56,385.81,207.75
TXN02514,2022-12-10,CUS015,PRD005,MKT008,3,25.83,16.79,9.04
TXN02915,2022-12-10,CUS019,PRD015,MKT003,41,1111.92,722.75,389.17
TXN03698,2022-12-10,CUS009,PRD013,MKT004,26,1359.8,611.91,747.89
TXN04855,2022-12-11,CUS006,PRD003,MKT001,39,2012.4,1308.06,704.34
TXN00281,2022-12-12,CUS014,PRD020,MKT002,30,1973.7,1282.91,690.79
TXN00920,2022-12-13,CUS029,PRD011,MKT003,3,48.36,21.76,26.6
TXN03050,2022-12-13,CUS002,PRD002,MKT004,26,643.5,289.58,353.92
TXN00328,2022-12-14,CUS006,PRD015,MKT002,22,556.38,361.65,194.73
TXN04235,2022-12-15,CUS023,PRD013,MKT010,15,779.7,350.86,428.84
TXN03425,2022-12-16,CUS040,PRD006,MKT005,18,765.54,344.49,421.05
TXN01306,2022-12-17,CUS002,PRD019,MKT007,46,1399.32,909.56,489.76
TXN02099,2022-12-17,CUS007,PRD019,MKT003,20,694.6,451.49,243.11
TXN02326,2022-12-17,CUS005,PRD014,MKT001,45,988.2,444.69,543.51
TXN04136,2022-12-17,CUS016,PRD001,MKT007,20,276.2,124.29,151.91
TXN04213,2022-12-17,CUS016,PRD019,MKT003,18,606.6,394.29,212.31
TXN04723,2022-12-18,CUS009,PRD001,MKT009,18,216.72,97.52,119.2
TXN01602,2022-12-19,CUS028,PRD014,MKT003,28,602.84,271.28,331.56
TXN02679,2022-12-19,CUS013,PRD007,MKT009,35,1127.0,732.55,394.45
TXN00231,2022-12-20,CUS014,PRD009,MKT004,11,641.96,417.27,224.69
TXN00502,2022-12-20,CUS004,PRD001,MKT004,22,287.1,129.2,157.9
TXN01656,2022-12-20,CUS025,PRD006,MKT008,18,843.48,379.57,463.91
TXN02114,2022-12-20,CUS019,PRD004,MKT007,45,1691.55,761.2,930.35
TXN03533,2022-12-21,CUS040,PRD015,MKT006,24,654.0,425.1,228.9
TXN04135,2022-12-21,CUS008,PRD020,MKT007,16,1141.92,742.25,399.67
TXN04924,2022-12-21,CUS006,PRD017,MKT002,46,4082.96,2653.92,1429.04
TXN03193,2022-12-22,CUS003,PRD017,MKT010,15,1481.25,962.81,518.44
TXN00605,2022-12-23,CUS022,PRD009,MKT003,22,1309.0,850.85,458.15
TXN01255,2022-12-23,CUS018,PRD010,MKT001,45,965.7,434.56,531.14
TXN01469,2022-12-23,CUS038,PRD007,MKT007,30,892.8,580.32,312.48
TXN01511,2022-12-23,CUS015,PRD014,MKT006,39,875.94,394.17,481.77
TXN04112,2022-12-23,CUS005,PRD015,MKT008,39,904.41,587.87,316.54
TXN04889,2022-12-23,CUS010,PRD013,MKT009,43,2422.62,1090.18,1332.44
TXN00216,2022-12-24,CUS022,PRD006,MKT003,20,840.8,378.36,462.44
TXN03685,2022-12-24,CUS028,PRD015,MKT007,30,691.5,449.48,242.02
TXN00979,2022-12-25,CUS028,PRD010,MKT009,9,192.87,86.79,106.08
TXN02949,2022-12-26,CUS012,PRD008,MKT009,30,300.9,135.41,165.49
TXN03175,2022-12-26,CUS008,PRD006,MKT009,33,1528.89,688.0,840.89
TXN04030,2022-12-26,CUS005,PRD005,MKT001,13,116.48,75.71,40.77
TXN04530,2022-12-26,CUS016,PRD009,MKT005,18,1118.34,726.92,391.42
TXN00468,2022-12-27,CUS010,PRD005,MKT008,24,215.28,139.93,75.35
TXN01337,2022-12-27,CUS014,PRD020,MKT004,31,2003.84,1302.5,701.34
TXN01685,2022-12-27,CUS029,PRD016,MKT008,9,161.37,72.62,88.75
TXN04875,2022-12-27,CUS027,PRD006,MKT007,45,1841.4,828.63,1012.77
TXN02132,2022-12-29,CUS020,PRD010,MKT003,37,714.47,321.51,392.96
TXN03335,2022-12-29,CUS036,PRD016,MKT002,46,850.54,382.74,467.8
TXN04000,2022-12-29,CUS012,PRD004,MKT002,9,297.99,134.1,163.89
TXN01721,2022-12-30,CUS028,PRD008,MKT002,37,377.4,169.83,207.57
TXN02267,2022-12-30,CUS009,PRD018,MKT002,26,735.54,330.99,404.55
TXN00413,2022-12-31,CUS003,PRD006,MKT003,39,1633.32,734.99,898.33
TXN03803,2022-12-31,CUS029,PRD005,MKT008,37,356.68,231.84,124.84
TXN00074,2023-01-01,CUS009,PRD006,MKT002,17,700.74,315.33,385.41
TXN01238,2023-01-01,CUS006,PRD019,MKT007,8,252.72,164.27,88.45
TXN02480,2023-01-01,CUS007,PRD016,MKT010,10,155.7,70.06,85.64
TXN04444,2023-01-01,CUS008,PRD010,MKT004,20,399.6,179.82,219.78
TXN04528,2023-01-01,CUS006,PRD010,MKT001,5,92.1,41.45,50.65
TXN00331,2023-01-02,CUS003,PRD019,MKT006,22,722.7,469.76,252.94
TXN00510,2023-01-02,CUS026,PRD009,MKT002,13,844.74,549.08,295.66
TXN01627,2023-01-02,CUS004,PRD016,MKT007,12,204.0,91.8,112.2
TXN02159,2023-01-03,CUS001,PRD010,MKT007,9,191.16,86.02,105.14
TXN03304,2023-01-03,CUS024,PRD005,MKT001,21,186.48,121.21,65.27
TXN03632,2023-01-03,CUS014,PRD009,MKT009,21,1334.13,867.18,466.95
TXN04197,2023-01-03,CUS018,PRD013,MKT001,17,893.86,402.24,491.62
TXN00091,2023-01-04,CUS006,PRD012,MKT008,7,257.67,167.49,90.18
TXN01297,2023-01-04,CUS022,PRD003,MKT002,21,1026.69,667.35,359.34
TXN01885,2023-01-04,CUS033,PRD003,MKT007,20,960.4,624.26,336.14
TXN02039,2023-01-04,CUS031,PRD001,MKT003,4,51.64,23.24,28.4
TXN03063,2023-01-04,CUS018,PRD014,MKT006,21,460.53,207.24,253.29
TXN04477,2023-01-04,CUS032,PRD003,MKT002,8,409.68,266.29,143.39
TXN01159,2023-01-05,CUS006,PRD006,MKT009,17,689.01,310.05,378.96
TXN01543,2023-01-05,CUS001,PRD019,MKT002,12,417.0,271.05,145.95
TXN03540,2023-01-06,CUS031,PRD004,MKT003,11,399.96,179.98,219.98
TXN01475,2023-01-07,CUS022,PRD003,MKT006,14,637.28,414.23,223.05
TXN02976,2023-01-07,CUS015,PRD010,MKT008,7,137.76,61.99,75.77
TXN04082,2023-01-07,CUS017,PRD001,MKT008,14,176.4,79.38,97.02
TXN02255,2023-01-08,CUS013,PRD018,MKT001,7,186.13,83.76,102.37
TXN03631,2023-01-08,CUS004,PRD006,MKT001,4,172.72,77.72,95.0
TXN03999,2023-01-08,CUS019,PRD020,MKT002,11,735.46,478.05,257.41
TXN00744,2023-01-09,CUS030,PRD014,MKT003,10,240.0,108.0,132.0
TXN01547,2023-01-09,CUS026,PRD015,MKT006,17,464.44,301.89,162.55
TXN02011,2023-01-10,CUS007,PRD017,MKT009,10,884.3,574.8,309.5
TXN01604,2023-01-11,CUS035,PRD017,MKT002,2,196.08,127.45,68.63
TXN04328,2023-01-11,CUS009,PRD010,MKT005,14,307.3,138.28,169.02
TXN04306,2023-01-13,CUS010,PRD005,MKT002,17,158.95,103.32,55.63
TXN03391,2023-01-14,CUS015,PRD008,MKT001,22,209.88,94.45,115.43
TXN04058,2023-01-14,CUS043,PRD012,MKT010,1,40.76,26.49,14.27
TXN00801,2023-01-15,CUS010,PRD010,MKT002,17,309.06,139.08,169.98
TXN00305,2023-01-16,CUS009,PRD016,MKT004,16,270.08,121.54,148.54
TXN04597,2023-01-16,CUS001,PRD004,MKT002,14,457.1,205.69,251.41
TXN02206,2023-01-17,CUS020,PRD020,MKT009,23,1661.06,1079.69,581.37
TXN02753,2023-01-17,CUS011,PRD006,MKT001,20,902.8,406.26,496.54
TXN03037,2023-01-17,CUS043,PRD009,MKT008,1,58.94,38.31,20.63
TXN04281,2023-01-17,CUS002,PRD019,MKT002,22,681.78,443.16,238.62
TXN04607,2023-01-17,CUS025,PRD003,MKT001,20,970.4,630.76,339.64
TXN00569,2023-01-18,CUS039,PRD011,MKT006,9,127.8,57.51,70.29
TXN02156,2023-01-18,CUS043,PRD001,MKT001,20,255.0,114.75,140.25
TXN01664,2023-01-19,CUS027,PRD008,MKT006,19,194.94,87.72,107.22
TXN01701,2023-01-19,CUS010,PRD016,MKT006,9,141.03,63.46,77.57
TXN03298,2023-01-19,CUS027,PRD004,MKT001,17,560.83,252.37,308.46
TXN00338,2023-01-20,CUS033,PRD001,MKT009,13,181.74,81.78,99.96
TXN03721,2023-01-20,CUS032,PRD020,MKT001,3,210.96,137.12,73.84
TXN03816,2023-01-20,CUS002,PRD002,MKT002,7,175.98,79.19,96.79
TXN04462,2023-01-20,CUS018,PRD018,MKT001,3,90.09,40.54,49.55
TXN04765,2023-01-21,CUS023,PRD005,MKT006,11,101.09,65.71,35.38
TXN00234,2023-01-22,CUS033,PRD020,MKT005,4,270.64,175.92,94.72
TXN03765,2023-01-22,CUS002,PRD011,MKT005,13,196.3,88.33,107.97
TXN04474,2023-01-22,CUS026,PRD002,MKT002,1,26.75,12.04,14.71
TXN02606,2023-01-23,CUS014,PRD009,MKT003,11,624.03,405.62,218.41
TXN00418,2023-01-24,CUS036,PRD019,MKT010,17,563.21,366.09,197.12
TXN02377,2023-01-24,CUS010,PRD012,MKT009,10,428.7,278.66,150.04
TXN02895,2023-01-24,CUS021,PRD010,MKT003,1,21.92,9.86,12.06
TXN02997,2023-01-24,CUS022,PRD015,MKT008,7,163.1,106.02,57.08
TXN00318,2023-01-25,CUS034,PRD013,MKT005,8,481.04,216.47,264.57
TXN01160,2023-01-25,CUS003,PRD005,MKT004,21,187.74,122.03,65.71
TXN01171,2023-01-25,CUS016,PRD016,MKT007,17,275.74,124.08,151.66
TXN00718,2023-01-26,CUS010,PRD009,MKT006,16,891.2,579.28,311.92
TXN03758,2023-01-26,CUS013,PRD015,MKT003,4,108.92,70.8,38.12
TXN04123,2023-01-26,CUS016,PRD020,MKT009,12,911.88,592.72,319.16
TXN04249,2023-01-26,CUS022,PRD008,MKT008,3,30.33,13.65,16.68
TXN01774,2023-01-27,CUS028,PRD016,MKT007,20,309.4,139.23,170.17
TXN01956,2023-01-27,CUS005,PRD016,MKT006,2,37.1,16.7,20.4
TXN02623,2023-01-27,CUS013,PRD011,MKT010,16,232.8,104.76,128.04
TXN01202,2023-01-28,CUS021,PRD011,MKT003,4,56.84,25.58,31.26
TXN02200,2023-01-28,CUS011,PRD015,MKT003,13,329.03,213.87,115.16
TXN00428,2023-01-29,CUS014,PRD015,MKT003,9,239.85,155.9,83.95
TXN00583,2023-01-29,CUS038,PRD002,MKT003,12,303.0,136.35,166.65
TXN00653,2023-01-29,CUS044,PRD003,MKT009,3,161.61,105.05,56.56
TXN00831,2023-01-29,CUS001,PRD002,MKT001,6,145.2,65.34,79.86
TXN01560,2023-01-29,CUS012,PRD020,MKT006,5,384.3,249.8,134.5
TXN04424,2023-01-29,CUS014,PRD020,MKT007,4,264.68,172.04,92.64
TXN04689,2023-01-29,CUS017,PRD006,MKT005,9,411.48,185.17,226.31
TXN01842,2023-01-31,CUS021,PRD003,MKT003,7,361.06,234.69,126.37
TXN04595,2023-02-01,CUS013,PRD012,MKT003,14,507.36,329.78,177.58
TXN04864,2023-02-01,CUS019,PRD007,MKT003,18,513.9,334.04,179.86
TXN00560,2023-02-02,CUS035,PRD009,MKT002,6,373.86,243.01,130.85
TXN02300,2023-02-02,CUS014,PRD018,MKT003,17,461.04,207.47,253.57
TXN02839,2023-02-02,CUS009,PRD020,MKT001,19,1438.3,934.9,503.4
TXN01899,2023-02-03,CUS042,PRD015,MKT004,5,133.25,86.61,46.64
TXN00488,2023-02-04,CUS012,PRD020,MKT002,4,265.84,172.8,93.04
TXN01007,2023-02-04,CUS026,PRD020,MKT010,20,1338.0,869.7,468.3
TXN02256,2023-02-04,CUS022,PRD007,MKT010,17,519.01,337.36,181.65
TXN03145,2023-02-04,CUS004,PRD004,MKT002,7,231.63,104.23,127.4
TXN03292,2023-02-04,CUS019,PRD007,MKT007,18,590.94,384.11,206.83
TXN03671,2023-02-04,CUS026,PRD010,MKT007,7,150.15,67.57,82.58
TXN04124,2023-02-04,CUS015,PRD019,MKT003,5,166.9,108.49,58.41
TXN04873,2023-02-04,CUS008,PRD020,MKT005,20,1350.2,877.63,472.57
TXN02045,2023-02-05,CUS007,PRD004,MKT004,4,148.28,66.73,81.55
TXN03246,2023-02-05,CUS001,PRD020,MKT001,6,386.34,251.12,135.22
TXN00097,2023-02-06,CUS019,PRD007,MKT002,2,57.32,37.26,20.06
TXN01979,2023-02-06,CUS006,PRD011,MKT005,16,230.88,103.9,126.98
TXN02687,2023-02-06,CUS030,PRD010,MKT006,14,268.1,120.64,147.46
TXN02740,2023-02-06,CUS002,PRD008,MKT010,7,76.37,34.37,42.0
TXN03301,2023-02-06,CUS004,PRD015,MKT004,3,68.46,44.5,23.96
TXN04332,2023-02-06,CUS019,PRD016,MKT001,6,96.48,43.42,53.06
TXN03590,2023-02-08,CUS009,PRD017,MKT008,3,262.23,170.45,91.78
TXN04832,2023-02-08,CUS002,PRD004,MKT004,7,262.85,118.28,144.57
TXN00390,2023-02-09,CUS029,PRD004,MKT006,12,393.36,177.01,216.35
TXN01891,2023-02-09,CUS029,PRD003,MKT008,19,1024.29,665.79,358.5
TXN02210,2023-02-09,CUS013,PRD004,MKT001,8,284.08,127.84,156.24
TXN02695,2023-02-09,CUS029,PRD013,MKT002,16,908.64,408.89,499.75
TXN01522,2023-02-10,CUS013,PRD004,MKT002,4,131.52,59.18,72.34
TXN01958,2023-02-10,CUS004,PRD018,MKT007,16,445.44,200.45,244.99
TXN02031,2023-02-10,CUS003,PRD003,MKT006,10,462.6,300.69,161.91
TXN04818,2023-02-10,CUS026,PRD007,MKT002,8,257.44,167.34,90.1
TXN03457,2023-02-12,CUS024,PRD014,MKT003,12,268.44,120.8,147.64
TXN00079,2023-02-13,CUS018,PRD013,MKT002,6,314.94,141.72,173.22
TXN02142,2023-02-13,CUS045,PRD012,MKT003,5,196.7,127.86,68.84
TXN03461,2023-02-13,CUS019,PRD016,MKT007,4,64.36,28.96,35.4
TXN04535,2023-02-13,CUS023,PRD003,MKT004,17,773.33,502.66,270.67
TXN00524,2023-02-15,CUS010,PRD010,MKT002,5,92.7,41.72,50.98
TXN01935,2023-02-15,CUS027,PRD017,MKT004,19,1857.63,1207.46,650.17
TXN04731,2023-02-15,CUS016,PRD014,MKT010,11,277.64,124.94,152.7
TXN00673,2023-02-16,CUS002,PRD019,MKT008,12,429.48,279.16,150.32
TXN01348,2023-02-16,CUS008,PRD002,MKT001,1,25.35,11.41,13.94
TXN02312,2023-02-16,CUS030,PRD018,MKT002,15,459.45,206.75,252.7
TXN03030,2023-02-16,CUS022,PRD017,MKT002,17,1550.91,1008.09,542.82
TXN04940,2023-02-16,CUS022,PRD020,MKT002,1,67.2,43.68,23.52
TXN00344,2023-02-17,CUS010,PRD006,MKT006,5,210.35,94.66,115.69
TXN03154,2023-02-17,CUS026,PRD010,MKT009,19,403.75,181.69,222.06
TXN04394,2023-02-17,CUS001,PRD009,MKT010,15,924.6,600.99,323.61
TXN00776,2023-02-18,CUS024,PRD019,MKT004,19,668.23,434.35,233.88
TXN01291,2023-02-18,CUS019,PRD015,MKT010,1,24.93,16.2,8.73
TXN01106,2023-02-19,CUS022,PRD006,MKT001,6,288.0,129.6,158.4
TXN01227,2023-02-19,CUS010,PRD014,MKT007,17,401.88,180.85,221.03
TXN01390,2023-02-19,CUS007,PRD014,MKT010,6,129.6,58.32,71.28
TXN02066,2023-02-19,CUS001,PRD017,MKT008,8,777.2,505.18,272.02
TXN02076,2023-02-20,CUS004,PRD002,MKT006,4,95.56,43.0,52.56
TXN03831,2023-02-20,CUS010,PRD010,MKT007,13,264.81,119.16,145.65
TXN01117,2023-02-21,CUS018,PRD011,MKT006,8,119.28,53.68,65.6
TXN04051,2023-02-21,CUS026,PRD005,MKT003,14,127.26,82.72,44.54
TXN04910,2023-02-22,CUS021,PRD014,MKT007,9,216.72,97.52,119.2
TXN02224,2023-02-23,CUS031,PRD009,MKT001,15,862.8,560.82,301.98
TXN02525,2023-02-23,CUS007,PRD015,MKT003,3,72.36,47.03,25.33
TXN04217,2023-02-23,CUS003,PRD004,MKT007,5,160.95,72.43,88.52
TXN04457,2023-02-23,CUS010,PRD001,MKT003,20,245.0,110.25,134.75
TXN03008,2023-02-24,CUS025,PRD018,MKT006,9,235.98,106.19,129.79
TXN03484,2023-02-24,CUS026,PRD014,MKT007,5,125.9,56.66,69.24
TXN00442,2023-02-25,CUS007,PRD004,MKT001,14,482.58,217.16,265.42
TXN02303,2023-02-25,CUS012,PRD007,MKT007,12,385.56,250.61,134.95
TXN02594,2023-02-25,CUS020,PRD020,MKT007,3,192.99,125.44,67.55
TXN03163,2023-02-25,CUS003,PRD002,MKT008,12,298.32,134.24,164.08
TXN02967,2023-02-26,CUS036,PRD006,MKT005,19,869.82,391.42,478.4
TXN03580,2023-02-26,CUS008,PRD003,MKT002,2,108.58,70.58,38.0
TXN01643,2023-02-27,CUS030,PRD015,MKT005,16,389.6,253.24,136.36
TXN01186,2023-02-28,CUS019,PRD016,MKT005,10,156.2,70.29,85.91
TXN01628,2023-02-28,CUS032,PRD008,MKT001,3,31.71,14.27,17.44
TXN02988,2023-02-28,CUS014,PRD018,MKT004,19,489.44,220.25,269.19
TXN00669,2023-03-01,CUS025,PRD003,MKT005,7,323.4,210.21,113.19
TXN01508,2023-03-01,CUS011,PRD010,MKT006,20,365.6,164.52,201.08
TXN01645,2023-03-01,CUS020,PRD001,MKT010,22,303.82,136.72,167.1
TXN02444,2023-03-01,CUS030,PRD008,MKT002,17,163.54,73.59,89.95
TXN03190,2023-03-01,CUS019,PRD009,MKT001,1,64.82,42.13,22.69
TXN03969,2023-03-01,CUS028,PRD014,MKT002,2,47.8,21.51,26.29
TXN01968,2023-03-02,CUS003,PRD018,MKT008,1,29.05,13.07,15.98
TXN04265,2023-03-02,CUS030,PRD007,MKT007,7,223.86,145.51,78.35
TXN03747,2023-03-03,CUS029,PRD020,MKT010,10,698.8,454.22,244.58
TXN02169,2023-03-04,CUS030,PRD003,MKT005,14,665.84,432.8,233.04
TXN02849,2023-03-04,CUS002,PRD014,MKT001,5,113.25,50.96,62.29
TXN02442,2023-03-05,CUS023,PRD007,MKT007,12,374.16,243.2,130.96
TXN02445,2023-03-06,CUS006,PRD012,MKT001,12,471.24,306.31,164.93
TXN04311,2023-03-06,CUS021,PRD019,MKT002,7,251.23,163.3,87.93
TXN01575,2023-03-07,CUS003,PRD012,MKT003,22,915.42,595.02,320.4
TXN03613,2023-03-07,CUS019,PRD015,MKT005,23,614.56,399.46,215.1
TXN02400,2023-03-08,CUS023,PRD016,MKT006,20,359.0,161.55,197.45
TXN02431,2023-03-08,CUS039,PRD004,MKT006,3,94.56,42.55,52.01
TXN01203,2023-03-09,CUS024,PRD007,MKT003,11,353.65,229.87,123.78
TXN04440,2023-03-09,CUS007,PRD017,MKT007,8,730.0,474.5,255.5
TXN04820,2023-03-09,CUS034,PRD004,MKT007,18,627.48,282.37,345.11
TXN00151,2023-03-10,CUS003,PRD020,MKT007,24,1805.04,1173.28,631.76
TXN00213,2023-03-10,CUS013,PRD003,MKT004,8,399.92,259.95,139.97
TXN01555,2023-03-10,CUS023,PRD017,MKT006,21,1821.75,1184.14,637.61
TXN02738,2023-03-10,CUS008,PRD003,MKT002,22,1117.38,726.3,391.08
TXN03527,2023-03-10,CUS003,PRD007,MKT001,22,720.94,468.61,252.33
TXN03660,2023-03-11,CUS011,PRD011,MKT007,7,102.9,46.3,56.6
TXN04783,2023-03-11,CUS026,PRD005,MKT001,3,27.9,18.14,9.76
TXN00089,2023-03-12,CUS025,PRD016,MKT001,10,156.6,70.47,86.13
TXN04150,2023-03-12,CUS045,PRD012,MKT010,9,352.08,228.85,123.23
TXN04907,2023-03-12,CUS031,PRD009,MKT006,17,945.54,614.6,330.94
TXN01214,2023-03-13,CUS026,PRD019,MKT002,4,123.4,80.21,43.19
TXN01961,2023-03-13,CUS044,PRD014,MKT003,15,335.25,150.86,184.39
TXN02387,2023-03-13,CUS007,PRD010,MKT002,22,435.82,196.12,239.7
TXN02798,2023-03-13,CUS044,PRD001,MKT001,12,150.0,67.5,82.5
TXN03912,2023-03-13,CUS013,PRD017,MKT004,15,1449.75,942.34,507.41
TXN04632,2023-03-13,CUS009,PRD006,MKT008,18,866.7,390.01,476.69
TXN00340,2023-03-14,CUS043,PRD019,MKT008,1,31.66,20.58,11.08
TXN02034,2023-03-14,CUS034,PRD009,MKT001,4,236.88,153.97,82.91
TXN03062,2023-03-14,CUS022,PRD012,MKT004,19,694.07,451.15,242.92
TXN03626,2023-03-14,CUS001,PRD017,MKT002,5,465.55,302.61,162.94
TXN03655,2023-03-14,CUS036,PRD003,MKT004,16,762.4,495.56,266.84
TXN03919,2023-03-14,CUS006,PRD004,MKT004,14,492.1,221.44,270.66
TXN04201,2023-03-14,CUS006,PRD011,MKT003,3,43.35,19.51,23.84
TXN02124,2023-03-15,CUS009,PRD009,MKT002,25,1426.75,927.39,499.36
TXN04719,2023-03-15,CUS020,PRD018,MKT006,16,446.4,200.88,245.52
TXN01757,2023-03-16,CUS027,PRD019,MKT001,16,528.16,343.3,184.86
TXN02420,2023-03-16,CUS049,PRD014,MKT006,11,255.53,114.99,140.54
TXN02936,2023-03-16,CUS002,PRD013,MKT002,18,891.0,400.95,490.05
TXN03768,2023-03-16,CUS008,PRD017,MKT002,1,83.12,54.03,29.09
TXN02882,2023-03-17,CUS004,PRD017,MKT007,14,1270.36,825.73,444.63
TXN03294,2023-03-17,CUS048,PRD007,MKT002,19,600.02,390.01,210.01
TXN01351,2023-03-18,CUS015,PRD018,MKT001,19,497.8,224.01,273.79
TXN04456,2023-03-18,CUS014,PRD009,MKT004,21,1371.93,891.75,480.18
TXN04606,2023-03-18,CUS016,PRD018,MKT007,7,179.41,80.73,98.68
TXN02273,2023-03-19,CUS025,PRD011,MKT009,15,240.9,108.4,132.5
TXN03760,2023-03-19,CUS011,PRD008,MKT005,6,54.18,24.38,29.8
TXN03951,2023-03-19,CUS006,PRD009,MKT002,6,374.1,243.17,130.93
TXN00033,2023-03-20,CUS040,PRD001,MKT005,20,285.6,128.52,157.08
TXN01177,2023-03-20,CUS017,PRD010,MKT004,10,206.4,92.88,113.52
TXN02338,2023-03-20,CUS003,PRD006,MKT008,2,98.66,44.4,54.26
TXN03189,2023-03-20,CUS013,PRD004,MKT003,9,342.81,154.26,188.55
TXN00406,2023-03-21,CUS031,PRD017,MKT009,10,839.1,545.41,293.69
TXN00576,2023-03-21,CUS024,PRD002,MKT006,19,466.64,209.99,256.65
TXN01371,2023-03-22,CUS025,PRD006,MKT006,11,479.16,215.62,263.54
TXN03102,2023-03-22,CUS017,PRD013,MKT001,1,56.35,25.36,30.99
TXN03944,2023-03-22,CUS035,PRD001,MKT009,8,108.16,48.67,59.49
TXN04472,2023-03-22,CUS006,PRD017,MKT006,14,1139.6,740.74,398.86
TXN01579,2023-03-23,CUS006,PRD014,MKT001,21,501.69,225.76,275.93
TXN01812,2023-03-23,CUS019,PRD018,MKT008,22,609.18,274.13,335.05
TXN03317,2023-03-23,CUS035,PRD001,MKT002,14,197.54,88.89,108.65
TXN03715,2023-03-23,CUS026,PRD004,MKT002,23,803.85,361.73,442.12
TXN04151,2023-03-23,CUS023,PRD011,MKT006,21,300.3,135.14,165.16
TXN02440,2023-03-25,CUS005,PRD002,MKT004,25,569.75,256.39,313.36
TXN03381,2023-03-25,CUS020,PRD006,MKT001,19,938.6,422.37,516.23
TXN01155,2023-03-26,CUS003,PRD003,MKT005,20,1080.0,702.0,378.0
TXN03815,2023-03-26,CUS022,PRD011,MKT006,8,119.44,53.75,65.69
TXN04822,2023-03-26,CUS033,PRD009,MKT009,17,1015.58,660.13,355.45
TXN00480,2023-03-27,CUS007,PRD014,MKT006,1,21.67,9.75,11.92
TXN01838,2023-03-27,CUS005,PRD002,MKT002,25,604.25,271.91,332.34
TXN02923,2023-03-27,CUS020,PRD001,MKT005,27,363.42,163.54,199.88
TXN00163,2023-03-28,CUS025,PRD014,MKT008,22,465.08,209.29,255.79
TXN00408,2023-03-28,CUS026,PRD016,MKT006,3,50.97,22.94,28.03
TXN00823,2023-03-28,CUS015,PRD001,MKT003,10,132.4,59.58,72.82
TXN01892,2023-03-28,CUS044,PRD019,MKT001,9,274.05,178.13,95.92
TXN02441,2023-03-28,CUS030,PRD002,MKT007,24,593.28,266.98,326.3
TXN02688,2023-03-28,CUS014,PRD006,MKT001,20,922.6,415.17,507.43
TXN00577,2023-03-30,CUS019,PRD012,MKT008,18,708.12,460.28,247.84
TXN02309,2023-03-30,CUS018,PRD004,MKT005,3,98.64,44.39,54.25
TXN02478,2023-03-30,CUS019,PRD018,MKT001,24,700.56,315.25,385.31
TXN03104,2023-03-30,CUS049,PRD005,MKT006,21,194.04,126.13,67.91
TXN00671,2023-03-31,CUS013,PRD019,MKT008,20,610.0,396.5,213.5
TXN02165,2023-03-31,CUS008,PRD006,MKT003,16,748.64,336.89,411.75
TXN02352,2023-03-31,CUS018,PRD005,MKT002,16,151.36,98.38,52.98
TXN02709,2023-03-31,CUS021,PRD001,MKT008,27,345.87,155.64,190.23
TXN04429,2023-03-31,CUS011,PRD014,MKT006,4,99.68,44.86,54.82
TXN01153,2023-04-01,CUS013,PRD004,MKT001,25,877.0,394.65,482.35
TXN01440,2023-04-01,CUS022,PRD010,MKT004,28,610.4,274.68,335.72
TXN03776,2023-04-01,CUS012,PRD019,MKT007,13,444.6,288.99,155.61
TXN02162,2023-04-02,CUS031,PRD016,MKT001,6,99.24,44.66,54.58
TXN03852,2023-04-02,CUS016,PRD011,MKT001,21,290.64,130.79,159.85
TXN00586,2023-04-03,CUS043,PRD003,MKT001,28,1288.0,837.2,450.8
TXN00969,2023-04-03,CUS009,PRD018,MKT002,8,214.4,96.48,117.92
TXN04761,2023-04-03,CUS007,PRD011,MKT007,26,423.54,190.59,232.95
TXN01504,2023-04-04,CUS037,PRD007,MKT004,20,627.0,407.55,219.45
TXN02762,2023-04-04,CUS007,PRD007,MKT002,20,541.8,352.17,189.63
TXN02865,2023-04-05,CUS020,PRD015,MKT006,17,389.98,253.49,136.49
TXN03146,2023-04-05,CUS035,PRD007,MKT003,26,793.52,515.79,277.73
TXN00107,2023-04-06,CUS017,PRD006,MKT001,8,345.28,155.38,189.9
TXN00223,2023-04-06,CUS019,PRD014,MKT008,24,566.64,254.99,311.65
TXN03265,2023-04-06,CUS027,PRD019,MKT006,12,367.92,239.15,128.77
TXN04883,2023-04-06,CUS028,PRD011,MKT001,13,183.56,82.6,100.96
TXN04921,2023-04-06,CUS007,PRD016,MKT003,21,355.11,159.8,195.31
TXN02027,2023-04-07,CUS007,PRD016,MKT002,11,195.91,88.16,107.75
TXN04774,2023-04-07,CUS027,PRD011,MKT002,9,141.93,63.87,78.06
TXN03566,2023-04-08,CUS015,PRD015,MKT001,4,100.56,65.36,35.2
TXN03661,2023-04-08,CUS015,PRD001,MKT002,9,121.95,54.88,67.07
TXN04279,2023-04-08,CUS014,PRD002,MKT006,24,640.32,288.14,352.18
TXN00380,2023-04-09,CUS019,PRD014,MKT002,8,197.52,88.88,108.64
TXN00415,2023-04-09,CUS008,PRD003,MKT002,17,859.52,558.69,300.83
TXN01529,2023-04-09,CUS008,PRD010,MKT007,22,433.62,195.13,238.49
TXN02069,2023-04-09,CUS016,PRD015,MKT001,17,386.07,250.95,135.12
TXN02946,2023-04-09,CUS010,PRD020,MKT004,12,821.28,533.83,287.45
TXN04176,2023-04-09,CUS018,PRD003,MKT010,1,46.68,30.34,16.34
TXN00106,2023-04-10,CUS024,PRD004,MKT007,10,365.6,164.52,201.08
TXN02385,2023-04-10,CUS021,PRD012,MKT001,24,1021.92,664.25,357.67
TXN03136,2023-04-10,CUS029,PRD009,MKT008,26,1608.62,1045.6,563.02
TXN03775,2023-04-10,CUS022,PRD009,MKT007,4,258.4,167.96,90.44
TXN02201,2023-04-11,CUS013,PRD016,MKT003,16,263.84,118.73,145.11
TXN02749,2023-04-11,CUS017,PRD012,MKT003,24,906.96,589.52,317.44
TXN04523,2023-04-11,CUS004,PRD010,MKT006,4,73.28,32.98,40.3
TXN01510,2023-04-12,CUS014,PRD006,MKT009,27,1178.01,530.1,647.91
TXN02878,2023-04-12,CUS011,PRD014,MKT003,10,211.2,95.04,116.16
TXN03363,2023-04-12,CUS012,PRD017,MKT006,18,1779.66,1156.78,622.88
TXN00389,2023-04-13,CUS031,PRD020,MKT006,18,1249.92,812.45,437.47
TXN01199,2023-04-13,CUS018,PRD018,MKT005,19,570.38,256.67,313.71
TXN04478,2023-04-13,CUS034,PRD019,MKT009,13,390.26,253.67,136.59
TXN01179,2023-04-14,CUS001,PRD009,MKT009,14,831.46,540.45,291.01
TXN02872,2023-04-14,CUS013,PRD018,MKT006,6,176.34,79.35,96.99
TXN03203,2023-04-14,CUS047,PRD010,MKT010,19,385.7,173.56,212.14
TXN04777,2023-04-14,CUS004,PRD011,MKT003,12,164.88,74.2,90.68
TXN00311,2023-04-15,CUS018,PRD017,MKT005,22,1828.86,1188.76,640.1
TXN02328,2023-04-15,CUS040,PRD020,MKT002,17,1144.61,744.0,400.61
TXN02759,2023-04-15,CUS013,PRD014,MKT002,8,188.64,84.89,103.75
TXN03403,2023-04-15,CUS001,PRD020,MKT006,19,1339.12,870.43,468.69
TXN01136,2023-04-16,CUS008,PRD020,MKT001,27,1837.35,1194.28,643.07
TXN03995,2023-04-16,CUS036,PRD007,MKT003,9,280.62,182.4,98.22
TXN00922,2023-04-17,CUS021,PRD001,MKT002,14,195.86,88.14,107.72
TXN01910,2023-04-17,CUS030,PRD007,MKT001,16,489.28,318.03,171.25
TXN04507,2023-04-17,CUS031,PRD012,MKT006,6,261.54,170.0,91.54
TXN00361,2023-04-18,CUS022,PRD015,MKT010,13,356.85,231.95,124.9
TXN03658,2023-04-18,CUS031,PRD005,MKT009,21,189.0,122.85,66.15
TXN04467,2023-04-18,CUS026,PRD001,MKT002,24,294.24,132.41,161.83
TXN02618,2023-04-19,CUS008,PRD017,MKT004,2,176.16,114.5,61.66
TXN04901,2023-04-19,CUS008,PRD014,MKT001,3,73.17,32.93,40.24
TXN04930,2023-04-19,CUS009,PRD020,MKT002,3,223.35,145.18,78.17
TXN02117,2023-04-20,CUS031,PRD011,MKT002,13,191.62,86.23,105.39
TXN03959,2023-04-20,CUS032,PRD017,MKT001,21,2009.28,1306.03,703.25
TXN01484,2023-04-21,CUS020,PRD020,MKT001,20,1481.4,962.91,518.49
TXN03523,2023-04-21,CUS020,PRD002,MKT003,26,640.9,288.4,352.5
TXN00291,2023-04-22,CUS043,PRD009,MKT009,2,127.94,83.16,44.78
TXN01859,2023-04-22,CUS006,PRD003,MKT004,11,528.44,343.49,184.95
TXN02263,2023-04-23,CUS016,PRD007,MKT010,6,171.12,111.23,59.89
TXN01937,2023-04-24,CUS017,PRD004,MKT003,27,1037.88,467.05,570.83
TXN00965,2023-04-25,CUS034,PRD017,MKT009,25,2471.5,1606.47,865.03
TXN03961,2023-04-25,CUS006,PRD017,MKT004,17,1602.59,1041.68,560.91
TXN00077,2023-04-26,CUS019,PRD014,MKT008,28,653.52,294.08,359.44
TXN02511,2023-04-26,CUS035,PRD015,MKT006,8,212.0,137.8,74.2
TXN00525,2023-04-27,CUS019,PRD004,MKT001,17,572.73,257.73,315.0
TXN01028,2023-04-27,CUS006,PRD007,MKT006,6,173.22,112.59,60.63
TXN03808,2023-04-27,CUS003,PRD009,MKT004,4,222.4,144.56,77.84
TXN03980,2023-04-27,CUS009,PRD006,MKT004,28,1372.28,617.53,754.75
TXN04880,2023-04-27,CUS013,PRD016,MKT003,25,395.0,177.75,217.25
TXN00557,2023-04-28,CUS043,PRD001,MKT005,22,269.72,121.37,148.35
TXN00814,2023-04-28,CUS012,PRD016,MKT001,10,173.9,78.26,95.64
TXN01043,2023-04-28,CUS015,PRD009,MKT008,28,1784.72,1160.07,624.65
TXN01266,2023-04-28,CUS034,PRD002,MKT008,6,146.58,65.96,80.62
TXN03464,2023-04-28,CUS001,PRD010,MKT001,6,123.84,55.73,68.11
TXN00041,2023-04-29,CUS004,PRD020,MKT001,17,1202.07,781.35,420.72
TXN00990,2023-04-29,CUS031,PRD007,MKT006,2,55.06,35.79,19.27
TXN00263,2023-04-30,CUS019,PRD016,MKT001,13,222.95,100.33,122.62
TXN02004,2023-04-30,CUS010,PRD014,MKT003,17,385.05,173.27,211.78
TXN00092,2023-05-02,CUS009,PRD014,MKT007,23,558.67,251.4,307.27
TXN04999,2023-05-02,CUS049,PRD011,MKT007,12,168.84,75.98,92.86
TXN02083,2023-05-03,CUS006,PRD005,MKT002,4,36.08,23.45,12.63
TXN02951,2023-05-03,CUS023,PRD017,MKT002,8,692.08,449.85,242.23
TXN03196,2023-05-03,CUS018,PRD004,MKT003,8,268.4,120.78,147.62
TXN00923,2023-05-04,CUS031,PRD010,MKT003,24,520.08,234.04,286.04
TXN04121,2023-05-04,CUS027,PRD020,MKT007,6,454.68,295.54,159.14
TXN04146,2023-05-05,CUS016,PRD003,MKT010,8,395.92,257.35,138.57
TXN00756,2023-05-06,CUS023,PRD009,MKT003,2,124.72,81.07,43.65
TXN02628,2023-05-07,CUS021,PRD003,MKT008,30,1574.4,1023.36,551.04
TXN03510,2023-05-07,CUS026,PRD012,MKT007,8,306.88,199.47,107.41
TXN03966,2023-05-07,CUS018,PRD020,MKT003,15,1070.55,695.86,374.69
TXN04152,2023-05-07,CUS029,PRD004,MKT006,9,344.61,155.07,189.54
TXN04936,2023-05-07,CUS023,PRD012,MKT010,14,558.32,362.91,195.41
TXN04164,2023-05-08,CUS007,PRD007,MKT004,2,62.74,40.78,21.96
TXN00256,2023-05-09,CUS009,PRD007,MKT001,17,523.94,340.56,183.38
TXN00370,2023-05-09,CUS002,PRD011,MKT002,29,441.38,198.62,242.76
TXN02532,2023-05-09,CUS023,PRD002,MKT003,4,98.4,44.28,54.12
TXN03509,2023-05-09,CUS026,PRD008,MKT003,15,157.35,70.81,86.54
TXN03817,2023-05-09,CUS006,PRD009,MKT008,12,720.36,468.23,252.13
TXN04645,2023-05-09,CUS022,PRD015,MKT004,21,524.16,340.7,183.46
TXN04225,2023-05-10,CUS017,PRD002,MKT001,25,617.0,277.65,339.35
TXN04720,2023-05-10,CUS036,PRD007,MKT009,3,88.5,57.53,30.97
TXN04258,2023-05-11,CUS033,PRD002,MKT002,15,405.45,182.45,223.0
TXN04796,2023-05-11,CUS006,PRD013,MKT001,2,113.14,50.91,62.23
TXN01572,2023-05-12,CUS015,PRD017,MKT003,25,2318.75,1507.19,811.56
TXN02466,2023-05-12,CUS002,PRD005,MKT005,13,113.49,73.77,39.72
TXN00640,2023-05-13,CUS008,PRD011,MKT002,27,397.44,178.85,218.59
TXN02819,2023-05-13,CUS008,PRD010,MKT001,15,287.4,129.33,158.07
TXN00008,2023-05-14,CUS038,PRD019,MKT005,19,566.58,368.28,198.3
TXN00277,2023-05-14,CUS022,PRD008,MKT009,2,20.4,9.18,11.22
TXN03563,2023-05-14,CUS020,PRD013,MKT001,14,752.5,338.62,413.88
TXN00911,2023-05-15,CUS006,PRD003,MKT001,24,1227.84,798.1,429.74
TXN03997,2023-05-15,CUS040,PRD014,MKT010,15,367.35,165.31,202.04
TXN04518,2023-05-15,CUS008,PRD001,MKT006,6,72.66,32.7,39.96
TXN04955,2023-05-15,CUS003,PRD005,MKT007,4,37.8,24.57,13.23
TXN00775,2023-05-16,CUS012,PRD014,MKT003,8,184.56,83.05,101.51
TXN01181,2023-05-16,CUS009,PRD015,MKT004,6,144.3,93.8,50.5
TXN02007,2023-05-16,CUS021,PRD019,MKT005,13,397.02,258.06,138.96
TXN03838,2023-05-16,CUS009,PRD013,MKT004,4,210.68,94.81,115.87
TXN04418,2023-05-17,CUS040,PRD008,MKT002,2,19.66,8.85,10.81
TXN04549,2023-05-17,CUS014,PRD014,MKT002,18,442.44,199.1,243.34
TXN00603,2023-05-18,CUS043,PRD014,MKT004,6,142.02,63.91,78.11
TXN02220,2023-05-18,CUS004,PRD004,MKT004,3,106.53,47.94,58.59
TXN02565,2023-05-18,CUS012,PRD004,MKT007,14,479.22,215.65,263.57
TXN04951,2023-05-18,CUS007,PRD011,MKT007,23,339.48,152.77,186.71
TXN00674,2023-05-19,CUS038,PRD004,MKT005,29,1078.8,485.46,593.34
TXN04041,2023-05-19,CUS045,PRD002,MKT006,26,606.32,272.84,333.48
TXN04664,2023-05-19,CUS019,PRD002,MKT002,25,600.25,270.11,330.14
TXN00541,2023-05-20,CUS015,PRD019,MKT004,15,472.2,306.93,165.27
TXN02461,2023-05-20,CUS021,PRD020,MKT002,23,1644.96,1069.22,575.74
TXN04917,2023-05-20,CUS036,PRD014,MKT009,24,552.24,248.51,303.73
TXN00426,2023-05-21,CUS007,PRD008,MKT007,15,145.8,65.61,80.19
TXN01914,2023-05-21,CUS030,PRD011,MKT008,26,404.04,181.82,222.22
TXN04266,2023-05-21,CUS044,PRD016,MKT009,10,182.6,82.17,100.43
TXN04583,2023-05-21,CUS024,PRD017,MKT007,12,1056.36,686.63,369.73
TXN04810,2023-05-21,CUS032,PRD011,MKT001,24,324.96,146.23,178.73
TXN00048,2023-05-22,CUS039,PRD017,MKT008,9,772.11,501.87,270.24
TXN04261,2023-05-22,CUS027,PRD015,MKT006,24,615.84,400.3,215.54
TXN04559,2023-05-22,CUS021,PRD010,MKT003,23,428.49,192.82,235.67
TXN04741,2023-05-22,CUS027,PRD013,MKT001,24,1397.04,628.67,768.37
TXN00319,2023-05-23,CUS044,PRD012,MKT002,2,81.32,52.86,28.46
TXN00503,2023-05-23,CUS031,PRD006,MKT003,29,1378.08,620.14,757.94
TXN03752,2023-05-23,CUS012,PRD004,MKT001,3,114.54,51.54,63.0
TXN03970,2023-05-23,CUS034,PRD014,MKT007,18,432.36,194.56,237.8
TXN00411,2023-05-24,CUS048,PRD010,MKT003,15,295.8,133.11,162.69
TXN02048,2023-05-24,CUS007,PRD005,MKT009,24,200.4,130.26,70.14
TXN03867,2023-05-24,CUS006,PRD004,MKT007,8,300.96,135.43,165.53
TXN04742,2023-05-24,CUS029,PRD003,MKT006,6,287.58,186.93,100.65
TXN00025,2023-05-25,CUS029,PRD006,MKT006,29,1434.05,645.32,788.73
TXN00764,2023-05-25,CUS018,PRD004,MKT004,19,632.13,284.46,347.67
TXN03206,2023-05-25,CUS014,PRD007,MKT002,4,119.0,77.35,41.65
TXN00417,2023-05-26,CUS010,PRD008,MKT002,15,158.25,71.21,87.04
TXN03433,2023-05-26,CUS013,PRD007,MKT007,6,192.84,125.35,67.49
TXN03026,2023-05-27,CUS009,PRD003,MKT002,21,1088.22,707.34,380.88
TXN00625,2023-05-28,CUS027,PRD002,MKT005,25,616.0,277.2,338.8
TXN01567,2023-05-28,CUS047,PRD003,MKT009,17,880.26,572.17,308.09
TXN01720,2023-05-28,CUS004,PRD006,MKT005,17,694.45,312.5,381.95
TXN03143,2023-05-28,CUS036,PRD019,MKT002,6,217.5,141.38,76.12
TXN03313,2023-05-28,CUS001,PRD005,MKT010,21,200.97,130.63,70.34
TXN01831,2023-05-29,CUS006,PRD013,MKT006,12,690.72,310.82,379.9
TXN02197,2023-05-29,CUS005,PRD004,MKT006,13,496.47,223.41,273.06
TXN00166,2023-05-30,CUS017,PRD020,MKT004,10,746.2,485.03,261.17
TXN02355,2023-05-30,CUS028,PRD016,MKT006,20,362.4,163.08,199.32
TXN02416,2023-05-30,CUS003,PRD013,MKT007,1,56.33,25.35,30.98
TXN03186,2023-05-30,CUS015,PRD009,MKT007,21,1295.49,842.07,453.42
TXN03222,2023-05-30,CUS011,PRD012,MKT006,2,73.44,47.74,25.7
TXN04589,2023-05-30,CUS009,PRD015,MKT002,14,360.64,234.42,126.22
TXN00049,2023-06-01,CUS024,PRD008,MKT001,21,198.24,89.21,109.03
TXN01399,2023-06-01,CUS022,PRD001,MKT003,18,251.64,113.24,138.4
TXN03572,2023-06-01,CUS028,PRD003,MKT009,27,1375.92,894.35,481.57
TXN00475,2023-06-03,CUS010,PRD014,MKT001,5,117.85,53.03,64.82
TXN03828,2023-06-03,CUS001,PRD011,MKT008,33,459.69,206.86,252.83
TXN04285,2023-06-03,CUS005,PRD009,MKT004,5,288.85,187.75,101.1
TXN04718,2023-06-03,CUS019,PRD010,MKT005,32,579.84,260.93,318.91
TXN03657,2023-06-04,CUS003,PRD008,MKT008,12,126.48,56.92,69.56
TXN01172,2023-06-05,CUS030,PRD019,MKT003,29,976.43,634.68,341.75
TXN01224,2023-06-05,CUS001,PRD018,MKT008,21,584.43,262.99,321.44
TXN01402,2023-06-05,CUS032,PRD019,MKT001,22,690.36,448.73,241.63
TXN03100,2023-06-05,CUS028,PRD006,MKT003,31,1395.31,627.89,767.42
TXN00696,2023-06-06,CUS019,PRD008,MKT007,14,140.56,63.25,77.31
TXN02482,2023-06-06,CUS012,PRD004,MKT008,9,311.67,140.25,171.42
TXN04473,2023-06-06,CUS016,PRD019,MKT006,27,873.99,568.09,305.9
TXN02567,2023-06-07,CUS016,PRD009,MKT008,28,1564.64,1017.02,547.62
TXN03188,2023-06-07,CUS003,PRD001,MKT007,1,12.88,5.8,7.08
TXN04622,2023-06-07,CUS032,PRD019,MKT005,4,130.28,84.68,45.6
TXN00170,2023-06-08,CUS012,PRD006,MKT001,16,744.8,335.16,409.64
TXN02415,2023-06-08,CUS043,PRD004,MKT005,13,474.11,213.35,260.76
TXN03447,2023-06-09,CUS036,PRD019,MKT002,31,1103.91,717.54,386.37
TXN03947,2023-06-09,CUS035,PRD003,MKT009,8,418.72,272.17,146.55
TXN04861,2023-06-09,CUS040,PRD004,MKT001,16,598.72,269.42,329.3
TXN00237,2023-06-10,CUS010,PRD003,MKT006,32,1758.72,1143.17,615.55
TXN02432,2023-06-10,CUS024,PRD005,MKT006,17,147.39,95.8,51.59
TXN02689,2023-06-10,CUS002,PRD017,MKT003,20,1948.8,1266.72,682.08
TXN00286,2023-06-11,CUS004,PRD016,MKT001,24,413.76,186.19,227.57
TXN01674,2023-06-11,CUS043,PRD020,MKT001,32,2382.08,1548.35,833.73
TXN01849,2023-06-11,CUS011,PRD003,MKT001,29,1347.34,875.77,471.57
TXN02848,2023-06-11,CUS010,PRD010,MKT003,18,393.3,176.99,216.31
TXN02960,2023-06-11,CUS003,PRD016,MKT002,17,295.46,132.96,162.5
TXN03553,2023-06-11,CUS020,PRD014,MKT004,17,420.24,189.11,231.13
TXN00154,2023-06-12,CUS005,PRD004,MKT005,17,609.11,274.1,335.01
TXN04582,2023-06-12,CUS026,PRD006,MKT001,14,629.16,283.12,346.04
TXN04998,2023-06-12,CUS008,PRD001,MKT008,27,331.83,149.32,182.51
TXN00193,2023-06-13,CUS024,PRD018,MKT006,33,933.24,419.96,513.28
TXN03387,2023-06-13,CUS016,PRD003,MKT002,21,1085.28,705.43,379.85
TXN03673,2023-06-13,CUS004,PRD006,MKT002,31,1435.3,645.88,789.42
TXN04508,2023-06-13,CUS015,PRD010,MKT007,33,608.85,273.98,334.87
TXN00591,2023-06-14,CUS009,PRD006,MKT004,31,1446.15,650.77,795.38
TXN01760,2023-06-14,CUS038,PRD009,MKT008,31,1965.71,1277.71,688.0
TXN02529,2023-06-14,CUS044,PRD016,MKT004,4,70.6,31.77,38.83
TXN00859,2023-06-15,CUS025,PRD017,MKT002,2,188.42,122.47,65.95
TXN03596,2023-06-15,CUS005,PRD011,MKT002,13,207.61,93.42,114.19
TXN03617,2023-06-16,CUS039,PRD009,MKT007,8,482.16,313.4,168.76
TXN00329,2023-06-17,CUS025,PRD006,MKT005,24,1053.84,474.23,579.61
TXN00473,2023-06-18,CUS017,PRD005,MKT003,9,80.82,52.53,28.29
TXN01197,2023-06-18,CUS003,PRD017,MKT004,13,1154.14,750.19,403.95
TXN01965,2023-06-18,CUS009,PRD007,MKT001,18,540.36,351.23,189.13
TXN04132,2023-06-18,CUS008,PRD009,MKT001,25,1484.0,964.6,519.4
TXN04634,2023-06-18,CUS003,PRD001,MKT006,8,107.36,48.31,59.05
TXN00063,2023-06-19,CUS026,PRD014,MKT002,29,684.4,307.98,376.42
TXN00435,2023-06-19,CUS013,PRD001,MKT002,22,299.86,134.94,164.92
TXN01349,2023-06-19,CUS028,PRD007,MKT006,28,849.8,552.37,297.43
TXN00824,2023-06-20,CUS001,PRD008,MKT003,24,236.64,106.49,130.15
TXN00928,2023-06-20,CUS005,PRD015,MKT001,31,766.94,498.51,268.43
TXN03184,2023-06-20,CUS003,PRD002,MKT007,24,574.56,258.55,316.01
TXN03355,2023-06-20,CUS010,PRD015,MKT001,20,496.0,322.4,173.6
TXN03876,2023-06-20,CUS003,PRD003,MKT003,4,208.08,135.25,72.83
TXN01024,2023-06-21,CUS014,PRD014,MKT010,29,727.61,327.42,400.19
TXN03046,2023-06-21,CUS029,PRD003,MKT002,32,1693.12,1100.53,592.59
TXN04167,2023-06-21,CUS024,PRD015,MKT004,32,805.12,523.33,281.79
TXN01552,2023-06-22,CUS023,PRD016,MKT004,27,467.1,210.19,256.91
TXN03241,2023-06-22,CUS037,PRD020,MKT002,6,423.3,275.14,148.16
TXN02784,2023-06-23,CUS028,PRD001,MKT003,17,232.9,104.81,128.09
TXN03402,2023-06-23,CUS020,PRD016,MKT001,28,465.08,209.29,255.79
TXN03714,2023-06-23,CUS001,PRD012,MKT008,4,156.28,101.58,54.7
TXN02637,2023-06-24,CUS020,PRD007,MKT002,16,436.8,283.92,152.88
TXN02958,2023-06-24,CUS013,PRD018,MKT001,27,720.36,324.16,396.2
TXN03077,2023-06-25,CUS003,PRD008,MKT006,27,273.51,123.08,150.43
TXN00446,2023-06-26,CUS034,PRD004,MKT002,20,645.8,290.61,355.19
TXN02259,2023-06-26,CUS012,PRD001,MKT002,8,93.84,42.23,51.61
TXN04870,2023-06-26,CUS025,PRD004,MKT003,12,418.32,188.24,230.08
TXN00047,2023-06-27,CUS030,PRD018,MKT001,32,971.84,437.33,534.51
TXN02605,2023-06-27,CUS001,PRD012,MKT003,1,39.92,25.95,13.97
TXN04277,2023-06-27,CUS001,PRD016,MKT001,20,312.4,140.58,171.82
TXN04849,2023-06-27,CUS026,PRD009,MKT001,22,1431.98,930.79,501.19
TXN00580,2023-06-28,CUS019,PRD020,MKT001,33,2286.24,1486.06,800.18
TXN04063,2023-06-28,CUS012,PRD004,MKT001,27,974.16,438.37,535.79
TXN01268,2023-06-29,CUS013,PRD017,MKT002,29,2663.65,1731.37,932.28
TXN03446,2023-06-29,CUS022,PRD016,MKT004,1,15.4,6.93,8.47
TXN04716,2023-06-29,CUS015,PRD008,MKT006,14,147.56,66.4,81.16
TXN01901,2023-06-30,CUS002,PRD009,MKT003,4,243.28,158.13,85.15
TXN01919,2023-07-01,CUS001,PRD015,MKT007,3,68.31,44.4,23.91
TXN00611,2023-07-02,CUS030,PRD009,MKT002,6,375.84,244.3,131.54
TXN03678,2023-07-02,CUS013,PRD003,MKT005,8,392.64,255.22,137.42
TXN04702,2023-07-02,CUS046,PRD004,MKT009,10,320.3,144.14,176.16
TXN00385,2023-07-03,CUS045,PRD010,MKT008,8,155.76,70.09,85.67
TXN00888,2023-07-03,CUS014,PRD003,MKT001,10,469.9,305.44,164.46
TXN01988,2023-07-04,CUS003,PRD016,MKT007,14,221.48,99.67,121.81
TXN00120,2023-07-05,CUS039,PRD009,MKT004,26,1450.28,942.68,507.6
TXN00531,2023-07-05,CUS029,PRD003,MKT001,32,1753.92,1140.05,613.87
TXN03284,2023-07-05,CUS035,PRD016,MKT008,6,101.1,45.5,55.6
TXN04447,2023-07-05,CUS011,PRD015,MKT003,7,172.55,112.16,60.39
TXN00758,2023-07-06,CUS026,PRD016,MKT006,5,83.7,37.66,46.04
TXN00891,2023-07-06,CUS004,PRD010,MKT001,8,167.6,75.42,92.18
TXN02659,2023-07-06,CUS005,PRD004,MKT002,16,599.36,269.71,329.65
TXN03449,2023-07-07,CUS022,PRD013,MKT010,19,1126.13,506.76,619.37
TXN04131,2023-07-07,CUS016,PRD020,MKT005,16,1205.6,783.64,421.96
TXN02202,2023-07-08,CUS004,PRD010,MKT002,29,545.2,245.34,299.86
TXN03864,2023-07-08,CUS010,PRD018,MKT001,25,753.5,339.07,414.43
TXN00800,2023-07-09,CUS001,PRD009,MKT001,26,1564.94,1017.21,547.73
TXN01002,2023-07-09,CUS013,PRD010,MKT007,25,542.75,244.24,298.51
TXN01756,2023-07-09,CUS032,PRD002,MKT001,17,391.17,176.03,215.14
TXN01758,2023-07-09,CUS001,PRD006,MKT003,10,474.8,213.66,261.14
TXN02188,2023-07-09,CUS021,PRD016,MKT010,11,196.35,88.36,107.99
TXN04610,2023-07-09,CUS023,PRD003,MKT001,15,749.25,487.01,262.24
TXN00734,2023-07-10,CUS046,PRD014,MKT007,6,136.44,61.4,75.04
TXN02375,2023-07-10,CUS002,PRD009,MKT003,30,1671.0,1086.15,584.85
TXN04778,2023-07-10,CUS020,PRD005,MKT007,26,253.5,164.78,88.72
TXN04943,2023-07-10,CUS031,PRD005,MKT002,23,200.56,130.36,70.2
TXN01353,2023-07-11,CUS017,PRD007,MKT005,20,643.2,418.08,225.12
TXN02264,2023-07-11,CUS034,PRD016,MKT003,5,87.8,39.51,48.29
TXN02278,2023-07-11,CUS045,PRD020,MKT003,7,504.21,327.74,176.47
TXN02457,2023-07-11,CUS024,PRD003,MKT005,20,912.4,593.06,319.34
TXN01065,2023-07-12,CUS029,PRD010,MKT001,6,123.3,55.48,67.82
TXN01536,2023-07-12,CUS026,PRD014,MKT002,20,450.6,202.77,247.83
TXN02047,2023-07-12,CUS026,PRD013,MKT009,8,410.72,184.82,225.9
TXN02050,2023-07-12,CUS014,PRD014,MKT002,21,507.99,228.6,279.39
TXN02710,2023-07-12,CUS016,PRD017,MKT002,8,737.36,479.28,258.08
TXN03123,2023-07-12,CUS012,PRD009,MKT002,29,1791.04,1164.18,626.86
TXN03476,2023-07-12,CUS038,PRD013,MKT006,3,163.47,73.56,89.91
TXN03773,2023-07-12,CUS008,PRD019,MKT002,20,701.2,455.78,245.42
TXN04012,2023-07-12,CUS008,PRD013,MKT002,14,723.66,325.65,398.01
TXN01017,2023-07-13,CUS005,PRD016,MKT002,7,126.07,56.73,69.34
TXN01666,2023-07-13,CUS033,PRD008,MKT003,30,313.2,140.94,172.26
TXN02796,2023-07-13,CUS021,PRD002,MKT006,20,545.0,245.25,299.75
TXN02864,2023-07-13,CUS012,PRD016,MKT002,23,401.81,180.81,221.0
TXN01607,2023-07-14,CUS034,PRD020,MKT003,21,1596.84,1037.95,558.89
TXN00543,2023-07-15,CUS048,PRD011,MKT007,10,164.1,73.84,90.26
TXN04095,2023-07-15,CUS003,PRD009,MKT003,19,1156.15,751.5,404.65
TXN00804,2023-07-17,CUS008,PRD001,MKT001,28,397.32,178.79,218.53
TXN01461,2023-07-17,CUS033,PRD009,MKT002,25,1569.75,1020.34,549.41
TXN04969,2023-07-17,CUS021,PRD007,MKT010,32,924.8,601.12,323.68
TXN00283,2023-07-18,CUS023,PRD017,MKT002,15,1406.4,914.16,492.24
TXN00548,2023-07-18,CUS035,PRD010,MKT002,20,362.8,163.26,199.54
TXN01558,2023-07-18,CUS010,PRD017,MKT002,30,2934.3,1907.3,1027.0
TXN02245,2023-07-18,CUS023,PRD008,MKT009,7,63.35,28.51,34.84
TXN03174,2023-07-18,CUS003,PRD015,MKT005,30,819.3,532.54,286.76
TXN04966,2023-07-18,CUS004,PRD003,MKT002,7,320.25,208.16,112.09
TXN00144,2023-07-20,CUS012,PRD020,MKT007,26,1994.72,1296.57,698.15
TXN01692,2023-07-20,CUS027,PRD015,MKT002,1,23.51,15.28,8.23
TXN03397,2023-07-20,CUS004,PRD006,MKT003,7,325.43,146.44,178.99
TXN03528,2023-07-20,CUS027,PRD016,MKT002,19,297.35,133.81,163.54
TXN04592,2023-07-20,CUS014,PRD008,MKT004,21,226.59,101.97,124.62
TXN00632,2023-07-21,CUS012,PRD005,MKT007,6,50.82,33.03,17.79
TXN03084,2023-07-21,CUS001,PRD011,MKT003,14,208.74,93.93,114.81
TXN03869,2023-07-21,CUS017,PRD007,MKT007,23,758.77,493.2,265.57
TXN00730,2023-07-23,CUS019,PRD009,MKT005,2,121.22,78.79,42.43
TXN00978,2023-07-23,CUS030,PRD014,MKT001,12,286.08,128.74,157.34
TXN01376,2023-07-23,CUS012,PRD013,MKT003,32,1869.44,841.25,1028.19
TXN01577,2023-07-23,CUS024,PRD008,MKT008,21,209.37,94.22,115.15
TXN04196,2023-07-23,CUS029,PRD020,MKT002,11,827.31,537.75,289.56
TXN02015,2023-07-24,CUS029,PRD014,MKT001,30,741.6,333.72,407.88
TXN02462,2023-07-24,CUS031,PRD010,MKT004,1,19.24,8.66,10.58
TXN03797,2023-07-24,CUS022,PRD016,MKT008,7,113.75,51.19,62.56
TXN00264,2023-07-25,CUS022,PRD017,MKT006,29,2598.4,1688.96,909.44
TXN00464,2023-07-25,CUS006,PRD002,MKT003,11,280.17,126.08,154.09
TXN03010,2023-07-25,CUS028,PRD005,MKT002,12,102.24,66.46,35.78
TXN02518,2023-07-26,CUS023,PRD018,MKT006,17,462.57,208.16,254.41
TXN02648,2023-07-26,CUS026,PRD013,MKT002,6,340.98,153.44,187.54
TXN04257,2023-07-26,CUS012,PRD006,MKT001,7,296.73,133.53,163.2
TXN00902,2023-07-27,CUS048,PRD019,MKT009,10,306.9,199.49,107.41
TXN01413,2023-07-27,CUS010,PRD015,MKT002,7,186.34,121.12,65.22
TXN02531,2023-07-27,CUS006,PRD001,MKT002,8,97.36,43.81,53.55
TXN02824,2023-07-27,CUS017,PRD019,MKT001,10,345.1,224.31,120.79
TXN04083,2023-07-27,CUS041,PRD019,MKT006,11,385.44,250.54,134.9
TXN00267,2023-07-28,CUS018,PRD006,MKT007,8,344.56,155.05,189.51
TXN01437,2023-07-29,CUS028,PRD017,MKT002,25,2473.75,1607.94,865.81
TXN01676,2023-07-29,CUS005,PRD007,MKT001,2,60.5,39.33,21.17
TXN02720,2023-07-29,CUS012,PRD004,MKT003,17,652.12,293.45,358.67
TXN03458,2023-07-29,CUS001,PRD018,MKT001,20,572.0,257.4,314.6
TXN04110,2023-07-29,CUS012,PRD017,MKT010,16,1473.6,957.84,515.76
TXN04488,2023-07-29,CUS014,PRD006,MKT001,25,1020.75,459.34,561.41
TXN03180,2023-07-30,CUS004,PRD004,MKT002,1,31.6,14.22,17.38
TXN03993,2023-07-30,CUS039,PRD002,MKT005,26,683.54,307.59,375.95
TXN00050,2023-07-31,CUS038,PRD007,MKT008,10,283.3,184.15,99.15
TXN04025,2023-07-31,CUS001,PRD020,MKT003,23,1491.09,969.21,521.88
TXN00991,2023-08-01,CUS004,PRD012,MKT007,1,42.05,27.33,14.72
TXN03643,2023-08-01,CUS024,PRD009,MKT001,4,245.88,159.82,86.06
TXN04245,2023-08-01,CUS018,PRD014,MKT007,12,249.72,112.37,137.35
TXN04532,2023-08-01,CUS022,PRD009,MKT001,20,1113.8,723.97,389.83
TXN04609,2023-08-01,CUS008,PRD012,MKT008,15,648.6,421.59,227.01
TXN02222,2023-08-02,CUS008,PRD010,MKT008,29,539.4,242.73,296.67
TXN02496,2023-08-02,CUS009,PRD010,MKT006,9,182.34,82.05,100.29
TXN03003,2023-08-02,CUS010,PRD012,MKT004,20,758.6,493.09,265.51
TXN01138,2023-08-03,CUS004,PRD011,MKT005,10,139.8,62.91,76.89
TXN01456,2023-08-03,CUS025,PRD010,MKT005,12,244.08,109.84,134.24
TXN01733,2023-08-03,CUS015,PRD002,MKT007,15,394.95,177.73,217.22
TXN04200,2023-08-04,CUS035,PRD011,MKT005,2,32.04,14.42,17.62
TXN02344,2023-08-05,CUS014,PRD013,MKT009,4,233.48,105.07,128.41
TXN00875,2023-08-06,CUS037,PRD012,MKT002,29,1231.34,800.37,430.97
TXN01503,2023-08-06,CUS042,PRD010,MKT007,17,363.97,163.79,200.18
TXN04229,2023-08-06,CUS028,PRD015,MKT003,12,318.72,207.17,111.55
TXN00522,2023-08-07,CUS012,PRD012,MKT001,26,1136.2,738.53,397.67
TXN00942,2023-08-07,CUS002,PRD009,MKT004,12,715.68,465.19,250.49
TXN01974,2023-08-07,CUS040,PRD002,MKT008,23,585.58,263.51,322.07
TXN03129,2023-08-07,CUS029,PRD007,MKT003,14,419.02,272.36,146.66
TXN01633,2023-08-08,CUS013,PRD010,MKT007,4,83.16,37.42,45.74
TXN01381,2023-08-09,CUS021,PRD003,MKT002,20,998.6,649.09,349.51
TXN02106,2023-08-09,CUS015,PRD006,MKT009,7,293.72,132.17,161.55
TXN00749,2023-08-10,CUS009,PRD002,MKT003,19,509.77,229.4,280.37
TXN02665,2023-08-10,CUS038,PRD016,MKT009,19,297.54,133.89,163.65
TXN02807,2023-08-10,CUS005,PRD012,MKT007,21,875.7,569.21,306.49
TXN04192,2023-08-10,CUS010,PRD007,MKT005,23,736.23,478.55,257.68
TXN04624,2023-08-10,CUS019,PRD003,MKT008,26,1352.78,879.31,473.47
TXN03541,2023-08-11,CUS012,PRD008,MKT001,14,141.96,63.88,78.08
TXN04736,2023-08-11,CUS028,PRD001,MKT002,15,187.8,84.51,103.29
TXN01257,2023-08-12,CUS008,PRD018,MKT005,23,707.94,318.57,389.37
TXN03073,2023-08-12,CUS037,PRD004,MKT003,26,844.22,379.9,464.32
TXN03524,2023-08-12,CUS014,PRD009,MKT002,9,505.08,328.3,176.78
TXN04598,2023-08-12,CUS001,PRD010,MKT002,30,612.0,275.4,336.6
TXN03436,2023-08-13,CUS001,PRD018,MKT008,4,103.8,46.71,57.09
TXN00598,2023-08-14,CUS015,PRD008,MKT009,26,235.3,105.89,129.41
TXN01611,2023-08-14,CUS050,PRD019,MKT006,2,67.4,43.81,23.59
TXN01745,2023-08-14,CUS040,PRD015,MKT007,13,293.28,190.63,102.65
TXN02244,2023-08-14,CUS005,PRD004,MKT009,6,220.08,99.04,121.04
TXN00594,2023-08-15,CUS013,PRD010,MKT004,14,297.78,134.0,163.78
TXN03237,2023-08-15,CUS007,PRD018,MKT001,20,510.6,229.77,280.83
TXN04519,2023-08-15,CUS032,PRD019,MKT010,15,512.85,333.35,179.5
TXN00122,2023-08-16,CUS019,PRD006,MKT001,27,1167.21,525.24,641.97
TXN01458,2023-08-16,CUS012,PRD017,MKT004,23,2226.86,1447.46,779.4
TXN04804,2023-08-16,CUS013,PRD002,MKT006,24,600.0,270.0,330.0
TXN02593,2023-08-17,CUS012,PRD011,MKT001,7,96.32,43.34,52.98
TXN02902,2023-08-17,CUS016,PRD014,MKT001,19,440.8,198.36,242.44
TXN00937,2023-08-18,CUS006,PRD004,MKT001,14,444.5,200.03,244.47
TXN01852,2023-08-18,CUS020,PRD002,MKT002,17,412.25,185.51,226.74
TXN03663,2023-08-19,CUS021,PRD009,MKT001,21,1165.92,757.85,408.07
TXN03915,2023-08-19,CUS013,PRD003,MKT002,4,188.2,122.33,65.87
TXN04502,2023-08-19,CUS015,PRD010,MKT003,23,465.29,209.38,255.91
TXN02942,2023-08-20,CUS030,PRD006,MKT006,25,1226.25,551.81,674.44
TXN01232,2023-08-21,CUS010,PRD006,MKT001,14,589.82,265.42,324.4
TXN02663,2023-08-21,CUS024,PRD014,MKT001,7,173.6,78.12,95.48
TXN02956,2023-08-22,CUS010,PRD003,MKT007,14,716.52,465.74,250.78
TXN04688,2023-08-22,CUS015,PRD014,MKT004,29,705.28,317.38,387.9
TXN04819,2023-08-22,CUS004,PRD004,MKT005,12,386.52,173.93,212.59
TXN01696,2023-08-23,CUS007,PRD015,MKT001,27,702.27,456.48,245.79
TXN00835,2023-08-24,CUS001,PRD020,MKT006,15,1106.85,719.45,387.4
TXN02160,2023-08-24,CUS031,PRD016,MKT003,27,497.88,224.05,273.83
TXN03273,2023-08-24,CUS001,PRD010,MKT010,13,247.13,111.21,135.92
TXN00095,2023-08-25,CUS014,PRD004,MKT002,20,765.0,344.25,420.75
TXN03324,2023-08-25,CUS026,PRD019,MKT004,13,408.85,265.75,143.1
TXN00160,2023-08-27,CUS022,PRD006,MKT005,26,1234.74,555.63,679.11
TXN01630,2023-08-27,CUS010,PRD020,MKT007,17,1185.07,770.3,414.77
TXN01369,2023-08-28,CUS004,PRD012,MKT002,17,640.56,416.36,224.2
TXN01479,2023-08-28,CUS023,PRD015,MKT001,20,460.6,299.39,161.21
TXN03066,2023-08-28,CUS020,PRD010,MKT009,24,482.64,217.19,265.45
TXN01230,2023-08-29,CUS022,PRD003,MKT005,17,899.64,584.77,314.87
TXN03204,2023-08-29,CUS034,PRD008,MKT002,3,30.3,13.63,16.67
TXN02363,2023-08-30,CUS010,PRD004,MKT003,9,306.81,138.06,168.75
TXN02856,2023-08-30,CUS008,PRD015,MKT001,9,216.09,140.46,75.63
TXN03466,2023-08-30,CUS008,PRD018,MKT004,30,916.8,412.56,504.24
TXN04711,2023-08-30,CUS008,PRD010,MKT003,7,151.27,68.07,83.2
TXN02217,2023-08-31,CUS017,PRD019,MKT004,1,33.42,21.72,11.7
TXN02476,2023-08-31,CUS025,PRD012,MKT005,25,964.5,626.92,337.58
TXN03467,2023-08-31,CUS038,PRD013,MKT006,13,761.28,342.58,418.7
TXN04885,2023-08-31,CUS013,PRD019,MKT006,20,596.2,387.53,208.67
TXN02953,2023-09-01,CUS004,PRD010,MKT004,2,37.58,16.91,20.67
TXN04120,2023-09-01,CUS012,PRD006,MKT002,29,1214.52,546.53,667.99
TXN02397,2023-09-02,CUS042,PRD018,MKT003,9,237.69,106.96,130.73
TXN00214,2023-09-03,CUS023,PRD008,MKT003,32,290.56,130.75,159.81
TXN02954,2023-09-03,CUS024,PRD012,MKT002,2,73.36,47.68,25.68
TXN04163,2023-09-03,CUS006,PRD011,MKT009,18,243.72,109.67,134.05
TXN00061,2023-09-04,CUS001,PRD006,MKT003,25,1148.75,516.94,631.81
TXN01861,2023-09-04,CUS014,PRD003,MKT003,14,700.42,455.27,245.15
TXN02747,2023-09-04,CUS002,PRD010,MKT002,18,331.74,149.28,182.46
TXN00860,2023-09-05,CUS009,PRD019,MKT010,5,151.8,98.67,53.13
TXN01853,2023-09-05,CUS001,PRD006,MKT003,13,618.28,278.23,340.05
TXN02028,2023-09-05,CUS005,PRD007,MKT005,18,579.96,376.97,202.99
TXN04243,2023-09-05,CUS040,PRD018,MKT001,33,886.71,399.02,487.69
TXN04416,2023-09-05,CUS001,PRD005,MKT001,16,151.04,98.18,52.86
TXN00499,2023-09-06,CUS022,PRD013,MKT002,18,1035.36,465.91,569.45
TXN03784,2023-09-06,CUS005,PRD018,MKT006,33,939.84,422.93,516.91
TXN00241,2023-09-07,CUS026,PRD011,MKT006,33,506.22,227.8,278.42
TXN02649,2023-09-07,CUS025,PRD011,MKT002,27,427.14,192.21,234.93
TXN04045,2023-09-07,CUS014,PRD006,MKT007,17,790.67,355.8,434.87
TXN01059,2023-09-08,CUS046,PRD014,MKT002,29,676.86,304.59,372.27
TXN01929,2023-09-09,CUS001,PRD006,MKT003,4,164.12,73.85,90.27
TXN00476,2023-09-10,CUS014,PRD003,MKT008,20,991.2,644.28,346.92
TXN02324,2023-09-10,CUS002,PRD013,MKT004,18,903.6,406.62,496.98
TXN02526,2023-09-10,CUS029,PRD011,MKT003,29,462.55,208.15,254.4
TXN02783,2023-09-10,CUS029,PRD006,MKT002,9,439.47,197.76,241.71
TXN03507,2023-09-10,CUS023,PRD001,MKT003,25,352.5,158.62,193.88
TXN00230,2023-09-11,CUS010,PRD015,MKT004,8,181.52,117.99,63.53
TXN03839,2023-09-11,CUS018,PRD012,MKT002,16,598.4,388.96,209.44
TXN02364,2023-09-12,CUS012,PRD004,MKT005,27,976.59,439.47,537.12
TXN02715,2023-09-12,CUS001,PRD007,MKT004,6,192.3,125.0,67.3
TXN03786,2023-09-12,CUS007,PRD009,MKT003,5,323.95,210.57,113.38
TXN04428,2023-09-12,CUS007,PRD001,MKT007,27,336.42,151.39,185.03
TXN04521,2023-09-12,CUS003,PRD002,MKT002,27,702.27,316.02,386.25
TXN04253,2023-09-13,CUS004,PRD014,MKT010,12,282.12,126.95,155.17
TXN02052,2023-09-14,CUS017,PRD011,MKT008,9,147.24,66.26,80.98
TXN03340,2023-09-14,CUS040,PRD019,MKT002,4,140.28,91.18,49.1
TXN03614,2023-09-14,CUS003,PRD003,MKT004,9,462.42,300.57,161.85
TXN01112,2023-09-15,CUS025,PRD019,MKT007,8,250.08,162.55,87.53
TXN03957,2023-09-15,CUS002,PRD002,MKT007,25,678.5,305.33,373.17
TXN04060,2023-09-15,CUS025,PRD014,MKT008,13,320.71,144.32,176.39
TXN05000,2023-09-15,CUS021,PRD002,MKT003,20,473.8,213.21,260.59
TXN00909,2023-09-16,CUS035,PRD015,MKT007,18,491.4,319.41,171.99
TXN03439,2023-09-16,CUS015,PRD001,MKT009,4,56.36,25.36,31.0
TXN04842,2023-09-16,CUS025,PRD005,MKT007,14,138.18,89.82,48.36
TXN02269,2023-09-17,CUS023,PRD016,MKT002,32,527.68,237.46,290.22
TXN00081,2023-09-18,CUS015,PRD003,MKT005,1,54.06,35.14,18.92
TXN01764,2023-09-18,CUS030,PRD017,MKT005,14,1176.84,764.95,411.89
TXN03421,2023-09-18,CUS019,PRD007,MKT003,13,383.11,249.02,134.09
TXN02677,2023-09-19,CUS033,PRD006,MKT002,21,937.86,422.04,515.82
TXN04470,2023-09-19,CUS002,PRD018,MKT006,13,364.13,163.86,200.27
TXN00728,2023-09-20,CUS009,PRD017,MKT008,9,771.57,501.52,270.05
TXN01802,2023-09-20,CUS043,PRD001,MKT004,22,259.38,116.72,142.66
TXN01875,2023-09-20,CUS033,PRD006,MKT005,20,964.4,433.98,530.42
TXN03697,2023-09-20,CUS003,PRD017,MKT004,17,1680.79,1092.51,588.28
TXN03287,2023-09-21,CUS005,PRD015,MKT004,8,187.52,121.89,65.63
TXN04785,2023-09-21,CUS026,PRD001,MKT008,5,69.95,31.48,38.47
TXN00308,2023-09-23,CUS022,PRD010,MKT004,5,98.55,44.35,54.2
TXN03942,2023-09-23,CUS004,PRD016,MKT002,2,35.32,15.89,19.43
TXN04617,2023-09-24,CUS004,PRD002,MKT002,21,511.56,230.2,281.36
TXN03953,2023-09-25,CUS010,PRD020,MKT002,1,74.8,48.62,26.18
TXN00651,2023-09-26,CUS005,PRD009,MKT005,25,1553.25,1009.61,543.64
TXN01299,2023-09-26,CUS005,PRD005,MKT006,4,37.16,24.15,13.01
TXN01330,2023-09-26,CUS020,PRD008,MKT002,31,314.34,141.45,172.89
TXN03834,2023-09-27,CUS005,PRD005,MKT003,6,53.46,34.75,18.71
TXN04987,2023-09-27,CUS009,PRD007,MKT003,27,798.39,518.95,279.44
TXN00402,2023-09-28,CUS014,PRD016,MKT005,5,91.65,41.24,50.41
TXN02097,2023-09-28,CUS028,PRD001,MKT001,5,64.55,29.05,35.5
TXN02595,2023-09-28,CUS013,PRD005,MKT005,8,77.92,50.65,27.27
TXN04856,2023-09-28,CUS008,PRD007,MKT004,6,171.12,111.23,59.89
TXN00040,2023-09-29,CUS002,PRD013,MKT008,2,99.06,44.58,54.48
TXN02177,2023-09-29,CUS031,PRD016,MKT009,32,511.36,230.11,281.25
TXN00500,2023-09-30,CUS007,PRD005,MKT009,5,44.55,28.96,15.59
TXN02850,2023-09-30,CUS001,PRD001,MKT002,2,26.08,11.74,14.34
TXN02959,2023-09-30,CUS005,PRD018,MKT007,13,396.63,178.48,218.15
TXN03935,2023-09-30,CUS022,PRD009,MKT001,10,594.6,386.49,208.11
TXN04029,2023-09-30,CUS001,PRD005,MKT009,21,179.55,116.71,62.84
TXN01893,2023-10-01,CUS027,PRD009,MKT003,31,1986.48,1291.21,695.27
TXN02671,2023-10-01,CUS009,PRD007,MKT002,7,218.47,142.01,76.46
TXN03029,2023-10-01,CUS011,PRD020,MKT006,4,297.36,193.28,104.08
TXN03550,2023-10-01,CUS009,PRD009,MKT002,22,1324.84,861.15,463.69
TXN03792,2023-10-01,CUS014,PRD008,MKT004,19,201.21,90.54,110.67
TXN00683,2023-10-02,CUS013,PRD001,MKT001,19,229.33,103.2,126.13
TXN01063,2023-10-02,CUS021,PRD008,MKT001,23,210.45,94.7,115.75
TXN01417,2023-10-02,CUS018,PRD004,MKT001,13,492.18,221.48,270.7
TXN03665,2023-10-02,CUS005,PRD018,MKT008,29,736.31,331.34,404.97
TXN04101,2023-10-02,CUS025,PRD012,MKT003,19,818.33,531.91,286.42
TXN00822,2023-10-03,CUS004,PRD006,MKT004,34,1658.86,746.49,912.37
TXN03272,2023-10-03,CUS032,PRD007,MKT001,8,246.32,160.11,86.21
TXN02437,2023-10-04,CUS010,PRD020,MKT001,31,2315.39,1505.0,810.39
TXN00094,2023-10-06,CUS013,PRD010,MKT003,17,349.01,157.05,191.96
TXN00878,2023-10-06,CUS020,PRD001,MKT007,19,224.77,101.15,123.62
TXN01123,2023-10-06,CUS014,PRD014,MKT001,25,562.5,253.12,309.38
TXN02597,2023-10-06,CUS012,PRD005,MKT001,4,35.32,22.96,12.36
TXN01398,2023-10-07,CUS012,PRD002,MKT007,11,294.91,132.71,162.2
TXN03794,2023-10-07,CUS046,PRD019,MKT006,7,211.96,137.77,74.19
TXN04848,2023-10-07,CUS024,PRD011,MKT001,32,455.68,205.06,250.62
TXN04912,2023-10-07,CUS029,PRD017,MKT002,11,1061.39,689.9,371.49
TXN04963,2023-10-07,CUS010,PRD019,MKT006,11,391.71,254.61,137.1
TXN01485,2023-10-08,CUS019,PRD006,MKT001,16,789.12,355.1,434.02
TXN04643,2023-10-08,CUS020,PRD013,MKT007,17,1002.83,451.27,551.56
TXN01615,2023-10-09,CUS028,PRD003,MKT002,14,666.96,433.52,233.44
TXN01693,2023-10-09,CUS001,PRD012,MKT010,5,182.35,118.53,63.82
TXN04263,2023-10-09,CUS035,PRD017,MKT002,2,162.92,105.9,57.02
TXN04578,2023-10-09,CUS006,PRD013,MKT008,31,1725.46,776.46,949.0
TXN04958,2023-10-09,CUS023,PRD005,MKT004,37,347.8,226.07,121.73
TXN00596,2023-10-10,CUS017,PRD012,MKT001,10,426.9,277.49,149.41
TXN00619,2023-10-10,CUS004,PRD002,MKT005,28,761.88,342.85,419.03
TXN03902,2023-10-10,CUS041,PRD016,MKT002,13,202.67,91.2,111.47
TXN01080,2023-10-11,CUS015,PRD009,MKT007,11,710.93,462.1,248.83
TXN02723,2023-10-11,CUS003,PRD003,MKT010,37,1788.21,1162.34,625.87
TXN03139,2023-10-11,CUS016,PRD020,MKT004,25,1798.5,1169.03,629.47
TXN00527,2023-10-12,CUS004,PRD004,MKT006,34,1236.58,556.46,680.12
TXN00670,2023-10-12,CUS012,PRD010,MKT007,34,657.56,295.9,361.66
TXN02297,2023-10-12,CUS014,PRD018,MKT001,19,565.06,254.28,310.78
TXN01180,2023-10-13,CUS012,PRD010,MKT001,26,536.38,241.37,295.01
TXN01675,2023-10-13,CUS025,PRD005,MKT004,28,271.6,176.54,95.06
TXN03370,2023-10-13,CUS015,PRD014,MKT008,11,267.19,120.24,146.95
TXN04750,2023-10-13,CUS018,PRD019,MKT004,29,1050.09,682.56,367.53
TXN00828,2023-10-14,CUS002,PRD003,MKT001,22,1125.74,731.73,394.01
TXN01731,2023-10-14,CUS003,PRD008,MKT005,4,37.76,16.99,20.77
TXN00938,2023-10-15,CUS001,PRD012,MKT005,16,693.6,450.84,242.76
TXN03133,2023-10-16,CUS021,PRD016,MKT003,14,216.72,97.52,119.2
TXN04694,2023-10-16,CUS042,PRD015,MKT003,11,252.56,164.16,88.4
TXN01930,2023-10-17,CUS020,PRD010,MKT008,19,375.63,169.03,206.6
TXN01438,2023-10-18,CUS027,PRD015,MKT009,1,26.34,17.12,9.22
TXN02697,2023-10-18,CUS007,PRD020,MKT004,16,1047.52,680.89,366.63
TXN03574,2023-10-18,CUS005,PRD013,MKT003,10,597.4,268.83,328.57
TXN04759,2023-10-18,CUS022,PRD018,MKT008,20,569.2,256.14,313.06
TXN01883,2023-10-19,CUS033,PRD005,MKT009,25,219.75,142.84,76.91
TXN02226,2023-10-19,CUS007,PRD014,MKT002,22,521.4,234.63,286.77
TXN00345,2023-10-20,CUS021,PRD009,MKT003,16,880.48,572.31,308.17
TXN03536,2023-10-20,CUS022,PRD006,MKT007,29,1207.56,543.4,664.16
TXN03754,2023-10-20,CUS032,PRD016,MKT002,22,398.42,179.29,219.13
TXN04153,2023-10-20,CUS021,PRD019,MKT001,19,665.0,432.25,232.75
TXN00584,2023-10-21,CUS008,PRD010,MKT008,34,696.32,313.34,382.98
TXN01151,2023-10-21,CUS024,PRD014,MKT002,10,212.9,95.81,117.09
TXN02251,2023-10-21,CUS020,PRD013,MKT002,23,1365.74,614.58,751.16
TXN01538,2023-10-22,CUS024,PRD003,MKT003,29,1361.26,884.82,476.44
TXN01841,2023-10-22,CUS034,PRD017,MKT004,13,1213.29,788.64,424.65
TXN03132,2023-10-22,CUS029,PRD006,MKT003,19,903.26,406.47,496.79
TXN03282,2023-10-22,CUS018,PRD004,MKT001,35,1247.4,561.33,686.07
TXN03382,2023-10-24,CUS026,PRD004,MKT007,32,1149.12,517.1,632.02
TXN04264,2023-10-24,CUS044,PRD019,MKT004,1,36.11,23.47,12.64
TXN00184,2023-10-25,CUS046,PRD020,MKT004,8,516.24,335.56,180.68
TXN01923,2023-10-25,CUS007,PRD015,MKT009,37,934.25,607.26,326.99
TXN03094,2023-10-26,CUS030,PRD014,MKT003,14,330.82,148.87,181.95
TXN02521,2023-10-27,CUS046,PRD003,MKT003,31,1652.61,1074.2,578.41
TXN04402,2023-10-27,CUS037,PRD007,MKT008,1,30.18,19.62,10.56
TXN04779,2023-10-27,CUS011,PRD019,MKT009,23,752.56,489.16,263.4
TXN00169,2023-10-28,CUS023,PRD014,MKT003,26,581.62,261.73,319.89
TXN03615,2023-10-28,CUS014,PRD002,MKT001,16,419.84,188.93,230.91
TXN03883,2023-10-28,CUS010,PRD001,MKT001,10,135.6,61.02,74.58
TXN04294,2023-10-28,CUS013,PRD006,MKT001,14,590.24,265.61,324.63
TXN00981,2023-10-29,CUS035,PRD010,MKT001,23,424.12,190.85,233.27
TXN02560,2023-10-29,CUS015,PRD005,MKT006,23,205.85,133.8,72.05
TXN04935,2023-10-29,CUS004,PRD008,MKT003,26,234.78,105.65,129.13
TXN00463,2023-10-30,CUS025,PRD013,MKT001,7,406.84,183.08,223.76
TXN02187,2023-10-30,CUS037,PRD015,MKT003,31,727.26,472.72,254.54
TXN00022,2023-10-31,CUS033,PRD002,MKT006,26,693.42,312.04,381.38
TXN01507,2023-10-31,CUS016,PRD015,MKT004,20,543.8,353.47,190.33
TXN02426,2023-10-31,CUS016,PRD003,MKT007,37,1704.22,1107.74,596.48
TXN04802,2023-10-31,CUS042,PRD006,MKT001,28,1319.36,593.71,725.65
TXN00268,2023-11-01,CUS028,PRD018,MKT003,7,207.69,93.46,114.23
TXN01018,2023-11-01,CUS001,PRD020,MKT010,35,2662.1,1730.37,931.73
TXN02016,2023-11-01,CUS003,PRD002,MKT007,43,1124.45,506.0,618.45
TXN03238,2023-11-01,CUS008,PRD011,MKT001,24,355.92,160.16,195.76
TXN04552,2023-11-01,CUS020,PRD010,MKT002,26,531.96,239.38,292.58
TXN01069,2023-11-02,CUS027,PRD011,MKT002,43,660.91,297.41,363.5
TXN01668,2023-11-02,CUS005,PRD012,MKT009,10,411.7,267.61,144.09
TXN03515,2023-11-02,CUS020,PRD004,MKT007,33,1180.08,531.04,649.04
TXN01264,2023-11-03,CUS002,PRD013,MKT002,3,173.01,77.85,95.16
TXN02061,2023-11-03,CUS025,PRD010,MKT005,26,518.7,233.41,285.29
TXN02652,2023-11-03,CUS008,PRD017,MKT004,14,1355.76,881.24,474.52
TXN02890,2023-11-03,CUS021,PRD004,MKT005,26,935.48,420.97,514.51
TXN02428,2023-11-04,CUS003,PRD015,MKT007,19,509.96,331.47,178.49
TXN03973,2023-11-04,CUS027,PRD019,MKT001,22,747.56,485.91,261.65
TXN04527,2023-11-04,CUS018,PRD018,MKT002,17,476.51,214.43,262.08
TXN00227,2023-11-05,CUS045,PRD002,MKT005,22,545.6,245.52,300.08
TXN02965,2023-11-05,CUS028,PRD011,MKT007,26,392.86,176.79,216.07
TXN00024,2023-11-06,CUS012,PRD002,MKT003,22,524.04,235.82,288.22
TXN03495,2023-11-06,CUS042,PRD016,MKT002,8,138.4,62.28,76.12
TXN03956,2023-11-06,CUS012,PRD015,MKT001,22,517.44,336.34,181.1
TXN04336,2023-11-07,CUS014,PRD013,MKT001,15,892.2,401.49,490.71
TXN00194,2023-11-08,CUS007,PRD010,MKT002,19,404.7,182.12,222.58
TXN00997,2023-11-08,CUS001,PRD009,MKT005,36,2081.16,1352.75,728.41
TXN01441,2023-11-08,CUS012,PRD005,MKT007,28,238.28,154.88,83.4
TXN04448,2023-11-09,CUS029,PRD005,MKT008,5,47.7,31.0,16.7
TXN00185,2023-11-10,CUS001,PRD001,MKT007,14,185.08,83.29,101.79
TXN03622,2023-11-10,CUS043,PRD015,MKT005,10,266.6,173.29,93.31
TXN04375,2023-11-10,CUS005,PRD004,MKT010,33,1176.78,529.55,647.23
TXN04794,2023-11-10,CUS015,PRD010,MKT001,35,691.95,311.38,380.57
TXN03875,2023-11-11,CUS008,PRD002,MKT002,26,629.2,283.14,346.06
TXN04055,2023-11-11,CUS006,PRD005,MKT006,8,67.6,43.94,23.66
TXN02233,2023-11-12,CUS026,PRD015,MKT003,26,641.68,417.09,224.59
TXN03157,2023-11-12,CUS031,PRD011,MKT006,5,80.9,36.41,44.49
TXN03916,2023-11-12,CUS035,PRD016,MKT001,36,664.92,299.21,365.71
TXN02043,2023-11-13,CUS013,PRD015,MKT003,43,1053.93,685.05,368.88
TXN02634,2023-11-14,CUS032,PRD002,MKT003,17,460.7,207.31,253.39
TXN02973,2023-11-14,CUS010,PRD005,MKT002,28,228.2,148.33,79.87
TXN00592,2023-11-15,CUS007,PRD007,MKT007,43,1373.42,892.72,480.7
TXN01924,2023-11-15,CUS022,PRD011,MKT002,40,604.4,271.98,332.42
TXN02743,2023-11-15,CUS011,PRD020,MKT003,29,2102.79,1366.81,735.98
TXN00659,2023-11-16,CUS005,PRD016,MKT002,19,353.21,158.94,194.27
TXN02404,2023-11-16,CUS002,PRD018,MKT002,21,552.93,248.82,304.11
TXN02745,2023-11-17,CUS023,PRD019,MKT002,28,1006.6,654.29,352.31
TXN03343,2023-11-17,CUS045,PRD003,MKT003,40,2034.8,1322.62,712.18
TXN01723,2023-11-18,CUS009,PRD018,MKT007,5,139.9,62.96,76.94
TXN02213,2023-11-19,CUS029,PRD015,MKT002,21,567.21,368.69,198.52
TXN04017,2023-11-19,CUS009,PRD019,MKT001,17,517.99,336.69,181.3
TXN01280,2023-11-20,CUS030,PRD005,MKT001,35,299.6,194.74,104.86
TXN04662,2023-11-20,CUS029,PRD016,MKT006,35,573.3,257.98,315.32
TXN01335,2023-11-21,CUS008,PRD010,MKT003,26,539.5,242.78,296.72
TXN02459,2023-11-21,CUS037,PRD013,MKT009,28,1627.92,732.56,895.36
TXN04550,2023-11-21,CUS011,PRD015,MKT001,5,113.35,73.68,39.67
TXN03573,2023-11-22,CUS015,PRD007,MKT003,10,281.0,182.65,98.35
TXN03645,2023-11-22,CUS030,PRD019,MKT003,15,449.55,292.21,157.34
TXN00110,2023-11-23,CUS001,PRD006,MKT004,19,800.85,360.38,440.47
TXN01000,2023-11-23,CUS023,PRD003,MKT001,1,46.43,30.18,16.25
TXN01084,2023-11-23,CUS007,PRD007,MKT005,33,1078.11,700.77,377.34
TXN04226,2023-11-23,CUS014,PRD009,MKT001,8,454.24,295.26,158.98
TXN04882,2023-11-23,CUS035,PRD011,MKT001,31,501.89,225.85,276.04
TXN02146,2023-11-24,CUS005,PRD006,MKT004,19,899.84,404.93,494.91
TXN02448,2023-11-24,CUS004,PRD007,MKT010,36,1004.04,652.63,351.41
TXN02821,2023-11-24,CUS002,PRD009,MKT002,38,2219.96,1442.97,776.99
TXN03636,2023-11-25,CUS045,PRD017,MKT003,21,1939.98,1260.99,678.99
TXN00146,2023-11-26,CUS032,PRD002,MKT009,1,26.1,11.75,14.35
TXN00478,2023-11-26,CUS039,PRD006,MKT006,15,618.45,278.3,340.15
TXN01732,2023-11-26,CUS015,PRD002,MKT004,36,906.12,407.75,498.37
TXN03928,2023-11-26,CUS009,PRD011,MKT007,22,352.44,158.6,193.84
TXN04902,2023-11-26,CUS016,PRD001,MKT001,12,146.4,65.88,80.52
TXN03142,2023-11-27,CUS003,PRD012,MKT008,21,830.34,539.72,290.62
TXN03558,2023-11-27,CUS023,PRD001,MKT004,38,524.78,236.15,288.63
TXN04501,2023-11-27,CUS028,PRD001,MKT007,19,232.18,104.48,127.7
TXN02600,2023-11-28,CUS017,PRD007,MKT004,35,1026.2,667.03,359.17
TXN02681,2023-11-29,CUS047,PRD003,MKT008,14,701.68,456.09,245.59
TXN04143,2023-11-29,CUS005,PRD019,MKT007,29,995.57,647.12,348.45
TXN04934,2023-11-29,CUS022,PRD010,MKT005,19,353.4,159.03,194.37
TXN00780,2023-11-30,CUS017,PRD016,MKT002,26,482.82,217.27,265.55
TXN01233,2023-11-30,CUS012,PRD017,MKT005,1,98.06,63.74,34.32
TXN01846,2023-11-30,CUS017,PRD006,MKT006,19,836.19,376.29,459.9
TXN03790,2023-11-30,CUS012,PRD004,MKT010,7,239.61,107.82,131.79
TXN04220,2023-12-02,CUS026,PRD011,MKT006,18,257.04,115.67,141.37
TXN01248,2023-12-03,CUS015,PRD002,MKT006,28,649.6,292.32,357.28
TXN04305,2023-12-04,CUS014,PRD020,MKT002,50,3425.0,2226.25,1198.75
TXN04792,2023-12-04,CUS031,PRD001,MKT007,16,206.88,93.1,113.78
TXN02366,2023-12-05,CUS022,PRD019,MKT003,2,64.88,42.17,22.71
TXN04509,2023-12-05,CUS027,PRD006,MKT002,46,2165.68,974.56,1191.12
TXN00035,2023-12-06,CUS007,PRD006,MKT003,36,1685.52,758.48,927.04
TXN00306,2023-12-06,CUS009,PRD001,MKT009,34,437.92,197.06,240.86
TXN03740,2023-12-06,CUS027,PRD004,MKT010,10,354.6,159.57,195.03
TXN00084,2023-12-07,CUS012,PRD016,MKT008,18,326.34,146.85,179.49
TXN00373,2023-12-07,CUS026,PRD004,MKT006,36,1258.56,566.35,692.21
TXN00100,2023-12-08,CUS020,PRD018,MKT004,34,1037.0,466.65,570.35
TXN00470,2023-12-08,CUS028,PRD009,MKT007,46,3000.58,1950.38,1050.2
TXN02446,2023-12-08,CUS014,PRD019,MKT008,26,851.5,553.48,298.02
TXN03082,2023-12-08,CUS035,PRD011,MKT007,16,243.2,109.44,133.76
TXN03225,2023-12-08,CUS002,PRD008,MKT009,30,273.0,122.85,150.15
TXN03922,2023-12-08,CUS013,PRD002,MKT002,22,505.78,227.6,278.18
TXN04867,2023-12-08,CUS012,PRD009,MKT010,40,2458.8,1598.22,860.58
TXN00336,2023-12-09,CUS035,PRD010,MKT002,20,385.6,173.52,212.08
TXN02463,2023-12-09,CUS003,PRD016,MKT005,6,102.54,46.14,56.4
TXN03805,2023-12-09,CUS027,PRD019,MKT003,50,1812.5,1178.12,634.38
TXN01384,2023-12-10,CUS017,PRD016,MKT002,44,676.28,304.33,371.95
TXN03162,2023-12-10,CUS009,PRD001,MKT009,46,632.04,284.42,347.62
TXN03426,2023-12-10,CUS008,PRD009,MKT001,50,3105.0,2018.25,1086.75
TXN02993,2023-12-11,CUS005,PRD003,MKT003,22,1134.32,737.31,397.01
TXN03236,2023-12-11,CUS029,PRD015,MKT003,34,894.54,581.45,313.09
TXN02123,2023-12-12,CUS003,PRD011,MKT007,22,357.94,161.07,196.87
TXN02365,2023-12-12,CUS038,PRD014,MKT006,42,929.04,418.07,510.97
TXN02881,2023-12-12,CUS005,PRD004,MKT004,38,1286.3,578.84,707.46
TXN03297,2023-12-12,CUS009,PRD002,MKT001,34,788.12,354.65,433.47
TXN00309,2023-12-13,CUS008,PRD008,MKT003,4,39.16,17.62,21.54
TXN03987,2023-12-13,CUS008,PRD006,MKT002,40,1756.8,790.56,966.24
TXN01102,2023-12-14,CUS002,PRD018,MKT003,6,164.28,73.93,90.35
TXN02938,2023-12-14,CUS001,PRD018,MKT003,26,710.32,319.64,390.68
TXN04619,2023-12-14,CUS003,PRD016,MKT001,18,307.44,138.35,169.09
TXN01624,2023-12-15,CUS034,PRD004,MKT002,4,129.72,58.37,71.35
TXN02042,2023-12-15,CUS007,PRD013,MKT009,18,947.16,426.22,520.94
TXN02158,2023-12-15,CUS025,PRD003,MKT007,42,2304.96,1498.22,806.74
TXN03006,2023-12-15,CUS002,PRD016,MKT004,44,805.2,362.34,442.86
TXN03311,2023-12-15,CUS030,PRD020,MKT001,20,1365.6,887.64,477.96
TXN03844,2023-12-15,CUS035,PRD001,MKT002,6,76.38,34.37,42.01
TXN04346,2023-12-15,CUS003,PRD010,MKT002,10,211.2,95.04,116.16
TXN01680,2023-12-16,CUS025,PRD019,MKT004,8,249.36,162.08,87.28
TXN04195,2023-12-16,CUS005,PRD010,MKT008,4,72.52,32.63,39.89
TXN00251,2023-12-17,CUS011,PRD001,MKT001,34,430.44,193.7,236.74
TXN02497,2023-12-17,CUS032,PRD005,MKT001,2,16.96,11.02,5.94
TXN04859,2023-12-17,CUS039,PRD013,MKT006,10,595.4,267.93,327.47
TXN01001,2023-12-18,CUS015,PRD009,MKT010,6,333.84,217.0,116.84
TXN01509,2023-12-18,CUS002,PRD019,MKT003,38,1168.88,759.77,409.11
TXN03095,2023-12-18,CUS020,PRD009,MKT006,40,2340.4,1521.26,819.14
TXN04039,2023-12-18,CUS001,PRD017,MKT003,6,569.88,370.42,199.46
TXN04869,2023-12-18,CUS039,PRD017,MKT001,6,593.1,385.51,207.59
TXN00068,2023-12-19,CUS003,PRD009,MKT002,46,2769.66,1800.28,969.38
TXN01319,2023-12-20,CUS023,PRD012,MKT002,48,1848.0,1201.2,646.8
TXN00678,2023-12-21,CUS027,PRD006,MKT006,22,1031.8,464.31,567.49
TXN00729,2023-12-21,CUS021,PRD015,MKT008,34,872.1,566.87,305.23
TXN03307,2023-12-21,CUS002,PRD006,MKT002,44,2171.4,977.13,1194.27
TXN03521,2023-12-21,CUS017,PRD005,MKT006,24,218.16,141.8,76.36
TXN04862,2023-12-21,CUS015,PRD010,MKT007,46,1007.86,453.54,554.32
TXN02868,2023-12-23,CUS009,PRD013,MKT010,14,839.72,377.87,461.85
TXN00958,2023-12-24,CUS029,PRD002,MKT001,2,48.38,21.77,26.61
TXN02318,2023-12-25,CUS037,PRD008,MKT002,24,254.4,114.48,139.92
TXN02724,2023-12-25,CUS004,PRD012,MKT005,6,227.04,147.58,79.46
TXN03384,2023-12-25,CUS020,PRD020,MKT002,42,2674.56,1738.46,936.1
TXN04308,2023-12-25,CUS010,PRD005,MKT002,46,434.7,282.56,152.14
TXN04489,2023-12-25,CUS015,PRD019,MKT001,40,1326.8,862.42,464.38
TXN00124,2023-12-27,CUS013,PRD007,MKT002,6,170.16,110.6,59.56
TXN00391,2023-12-27,CUS018,PRD013,MKT001,4,234.88,105.7,129.18
TXN00968,2023-12-27,CUS002,PRD011,MKT006,20,271.2,122.04,149.16
TXN01396,2023-12-28,CUS033,PRD002,MKT001,30,682.8,307.26,375.54
TXN03611,2023-12-28,CUS015,PRD013,MKT005,50,2760.5,1242.22,1518.28
TXN00030,2023-12-29,CUS019,PRD012,MKT001,6,236.04,153.43,82.61
TXN01223,2023-12-29,CUS005,PRD009,MKT002,50,3086.0,2005.9,1080.1
TXN02869,2023-12-29,CUS006,PRD004,MKT007,16,536.8,241.56,295.24
TXN03256,2023-12-29,CUS020,PRD001,MKT002,32,382.4,172.08,210.32
TXN03543,2023-12-30,CUS041,PRD007,MKT002,18,558.36,362.93,195.43
TXN03731,2023-12-30,CUS012,PRD001,MKT003,6,77.88,35.05,42.83
TXN04881,2023-12-30,CUS005,PRD016,MKT009,36,631.8,284.31,347.49
TXN02343,2023-12-31,CUS014,PRD017,MKT007,34,2844.78,1849.11,995.67
TXN02729,2023-12-31,CUS015,PRD010,MKT003,36,663.12,298.4,364.72
TXN04186,2023-12-31,CUS013,PRD015,MKT003,36,877.32,570.26,307.06
TXN04693,2023-12-31,CUS044,PRD009,MKT004,42,2671.2,1736.28,934.92
